,날짜,시가,고가,저가,종가,거래량,거래대금,등락률,기관합계,기타법인,개인,외국인합계,공매도,매수,비중,종목코드
0,2012-01-02,27800,28300,27750,28100,509639,14312180000,3.31,6593288600.0,-83800000.0,-4927444600.0,-1582044000.0,18280.0,509639.0,3.59,A035250
1,2012-01-03,27750,28400,27750,28400,442804,12488473400,1.07,5311904500.0,558557000.0,-5619009000.0,-251452500.0,4060.0,442804.0,0.92,A035250
2,2012-01-04,28650,28650,27700,27900,329589,9235267900,-1.76,-2101998600.0,-149911000.0,335610600.0,1916299000.0,10800.0,329589.0,3.28,A035250
3,2012-01-05,27700,27950,26950,27250,582743,15922486950,-2.33,1659707750.0,-1600578000.0,3820846750.0,-3879976500.0,29460.0,582743.0,5.06,A035250
4,2012-01-06,27250,27450,26250,26700,714189,18945360000,-2.02,4279558000.0,-175360000.0,4579792200.0,-8683990200.0,42928.0,714189.0,6.01,A035250
5,2012-01-09,26700,26700,25700,25900,618307,16069867450,-3.0,-4381086600.0,25900000.0,5989606100.0,-1634419500.0,2970.0,618307.0,0.48,A035250
6,2012-01-10,26100,26700,25500,25900,928094,24218487650,0.0,-5540490400.0,21249500.0,2871289400.0,2647951500.0,18320.0,928094.0,1.97,A035250
7,2012-01-11,26000,26050,25100,25350,626156,15952408550,-2.12,-5280492450.0,-264691500.0,6892352950.0,-1347169000.0,9330.0,626156.0,1.49,A035250
8,2012-01-12,25400,25900,25300,25800,518823,13287305650,1.78,-2136126100.0,272227500.0,-953959400.0,2817858000.0,2310.0,518823.0,0.45,A035250
9,2012-01-13,25700,26550,25700,26450,569898,15000277800,2.52,1474326700.0,-225993000.0,-4231777950.0,2983444250.0,5650.0,569898.0,0.99,A035250
10,2012-01-16,26150,26400,25800,26400,380589,9897633450,-0.19,-2232633800.0,-293644000.0,682924200.0,1843353600.0,7630.0,380589.0,2.0,A035250
11,2012-01-17,26350,26750,26350,26600,341711,9106608150,0.76,1978610200.0,-16259000.0,-3783367200.0,1821016000.0,21580.0,341711.0,6.32,A035250
12,2012-01-18,26450,26450,25550,25900,654175,16947923700,-2.63,-1783346000.0,50257500.0,7036707500.0,-5303619000.0,17690.0,654175.0,2.7,A035250
13,2012-01-19,25950,26200,25850,25900,482636,12547763400,0.0,-146507800.0,-259500.0,622532800.0,-475765500.0,6680.0,482636.0,1.38,A035250
14,2012-01-20,25900,26300,25850,26300,491493,12818124600,1.54,874297500.0,-28680000.0,-2304160800.0,1458543300.0,14450.0,491493.0,2.94,A035250
15,2012-01-25,26500,26600,26100,26150,367816,9698619650,-0.57,594886600.0,-370408500.0,-897358300.0,672880200.0,3510.0,367816.0,0.95,A035250
16,2012-01-26,26150,26450,26000,26450,474704,12438972150,1.15,-3503712400.0,-196713000.0,537281800.0,3163143600.0,37850.0,474704.0,7.97,A035250
17,2012-01-27,26250,26350,26050,26250,340078,8906384500,-0.76,-1857880250.0,-24736000.0,1828808750.0,53807500.0,3510.0,340078.0,1.03,A035250
18,2012-01-30,26100,26200,25950,26200,328834,8575717550,-0.19,-2100403500.0,-20365000.0,444723500.0,1676045000.0,4520.0,328834.0,1.37,A035250
19,2012-01-31,26150,26350,26100,26350,466723,12252267850,0.57,-2689427000.0,104177000.0,-1541477100.0,4126727100.0,8620.0,466723.0,1.85,A035250
20,2012-02-01,26350,26800,26250,26650,550321,14632788150,1.14,-6014742750.0,-206852500.0,47923250.0,6173672000.0,12130.0,550321.0,2.2,A035250
21,2012-02-02,26900,26950,26300,26700,654242,17393551700,0.19,-3922074500.0,172751500.0,1159333600.0,2589989400.0,62970.0,654242.0,9.62,A035250
22,2012-02-03,26550,27000,26500,26850,429323,11504222800,0.56,1166873650.0,1341000.0,-5108578650.0,3940364000.0,10780.0,429323.0,2.51,A035250
23,2012-02-06,27300,27500,26900,27500,866616,23581590050,2.42,6012021500.0,11539500.0,-6368270000.0,344709000.0,26780.0,866616.0,3.09,A035250
24,2012-02-07,27200,28500,27200,28450,930968,26236670550,3.45,913595000.0,1368931000.0,-10284897700.0,8002371700.0,242630.0,930968.0,26.06,A035250
25,2012-02-08,28400,28500,27450,27700,376292,10535733000,-2.64,-2693794200.0,-358043500.0,632454800.0,2419382900.0,37370.0,376292.0,9.93,A035250
26,2012-02-09,27550,27700,26850,27400,382433,10397082950,-1.08,320356500.0,8715100.0,343916400.0,-672988000.0,13370.0,382433.0,3.5,A035250
27,2012-02-10,27400,27550,26600,26750,541677,14555753900,-2.37,-2940660500.0,29748000.0,3704705750.0,-793793250.0,11770.0,541677.0,2.17,A035250
28,2012-02-13,27050,27500,26900,27400,380373,10369066300,2.43,257409700.0,0.0,-2042630200.0,1785220500.0,107220.0,380373.0,28.19,A035250
29,2012-02-14,27100,27600,26950,27600,530215,14449885000,0.73,-303881400.0,-58525000.0,-1433032900.0,1795439300.0,153170.0,530215.0,28.89,A035250
30,2012-02-15,27350,27750,27300,27350,167914,4614175900,-0.91,-12173100.0,-12442000.0,-98838900.0,123454000.0,10720.0,167914.0,6.38,A035250
31,2012-02-16,27100,27650,27000,27600,406009,11147845600,0.91,-1652579100.0,-25550500.0,-2596838600.0,4274968200.0,87960.0,406009.0,21.66,A035250
32,2012-02-17,27400,27700,27250,27550,218763,6009783900,-0.18,173673800.0,22195500.0,-724503300.0,528634000.0,7780.0,218763.0,3.56,A035250
33,2012-02-20,27350,27900,27100,27400,377890,9963286900,-0.54,-1931498400.0,-6294500.0,1594400700.0,343392200.0,22050.0,377890.0,5.84,A035250
34,2012-02-21,27150,27550,26750,27150,310100,8387466600,-0.91,-978782700.0,-105509000.0,952266200.0,132025500.0,3330.0,310100.0,1.07,A035250
35,2012-02-22,26900,27350,26850,27000,379051,10245391500,-0.55,-617499000.0,-107472500.0,-135223400.0,860194900.0,40750.0,379051.0,10.75,A035250
36,2012-02-23,27200,27250,26800,27100,230487,6236859900,0.37,-282254400.0,0.0,-499102600.0,781357000.0,49180.0,230487.0,21.34,A035250
37,2012-02-24,26950,27100,26400,26600,426011,11315864150,-1.85,-939688100.0,269024500.0,4376340100.0,-3705676500.0,97230.0,426011.0,22.82,A035250
38,2012-02-27,26400,26900,26100,26200,297495,7848660150,-1.5,507247600.0,58914000.0,1287898500.0,-1854060100.0,44620.0,297495.0,15.0,A035250
39,2012-02-28,26000,26550,26000,26100,430492,11283929450,-0.38,653793900.0,21504500.0,1362162100.0,-2037460500.0,8490.0,430492.0,1.97,A035250
40,2012-02-29,26150,26250,25500,25800,849250,21843979850,-1.15,-7282337800.0,-102041500.0,6645422000.0,738957300.0,15060.0,849250.0,1.77,A035250
41,2012-03-02,25700,25900,25350,25500,935948,23854302550,-1.16,-3095654000.0,410522000.0,8964397500.0,-6279265500.0,20120.0,935948.0,2.15,A035250
42,2012-03-05,25600,25950,25200,25350,807013,20600676850,-0.59,2379831000.0,-39885500.0,4229642500.0,-6569588000.0,6680.0,807013.0,0.83,A035250
43,2012-03-06,25350,25450,24350,24450,1289669,31777231300,-3.55,-3079292750.0,-489976000.0,16957959750.0,-13388691000.0,6650.0,1289669.0,0.52,A035250
44,2012-03-07,24400,25250,24250,25100,806857,20081887000,2.66,-910950000.0,12250000.0,-2641609700.0,3540309700.0,6070.0,806857.0,0.75,A035250
45,2012-03-08,24950,25100,24550,24650,985330,24299867900,-1.79,-1867693050.0,27847500.0,8998219050.0,-7158373500.0,710.0,985330.0,0.07,A035250
46,2012-03-09,24750,24950,24350,24400,682577,16814052350,-1.01,-178971200.0,-3983000.0,4692300200.0,-4509346000.0,0.0,682577.0,0.0,A035250
47,2012-03-12,24500,25150,24400,25000,612797,15255929700,2.46,2001273000.0,-2739500.0,-2736910500.0,738377000.0,8260.0,612797.0,1.35,A035250
48,2012-03-13,25100,25500,25050,25300,667713,16877522000,1.2,3403757500.0,25482500.0,-2372238900.0,-1057001100.0,35560.0,667713.0,5.33,A035250
49,2012-03-14,25400,25450,24950,25050,731821,18449756300,-0.99,4067581500.0,18697500.0,-87283000.0,-3998996000.0,37360.0,731821.0,5.11,A035250
50,2012-03-15,25000,25200,24950,25050,259828,6516149400,0.0,385167750.0,-285815500.0,288993450.0,-388345700.0,16370.0,259828.0,6.3,A035250
51,2012-03-16,24950,25100,24750,24750,215271,5352207500,-1.2,-818301500.0,-100012500.0,1709267000.0,-790953000.0,12330.0,215271.0,5.73,A035250
52,2012-03-19,24800,25450,24800,25400,606533,15336333700,2.63,7839465000.0,-2535000.0,-3296182700.0,-4540747300.0,12040.0,606533.0,1.99,A035250
53,2012-03-20,25300,25550,25000,25300,635939,16148640600,-0.39,7833794300.0,21348000.0,-481410300.0,-7373732000.0,25380.0,635939.0,3.99,A035250
54,2012-03-21,25100,25300,24800,24800,301343,7523388150,-1.98,1152682000.0,0.0,2830821000.0,-3983503000.0,25240.0,301343.0,8.38,A035250
55,2012-03-22,24800,24850,24500,24600,451118,11116633900,-0.81,4120250500.0,231500.0,2436540500.0,-6557022500.0,90.0,451118.0,0.02,A035250
56,2012-03-23,24750,25100,24600,24900,409597,10207231100,1.22,648617000.0,827105000.0,144938500.0,-1620660500.0,18560.0,409597.0,4.53,A035250
57,2012-03-26,24750,25050,24650,24800,428103,10631474700,-0.4,1183047100.0,-41615500.0,374428900.0,-1515860500.0,5990.0,428103.0,1.4,A035250
58,2012-03-27,25000,25550,24950,25400,607944,15395804600,2.42,3784685500.0,6350000.0,-4115156000.0,324120500.0,16970.0,607944.0,2.79,A035250
59,2012-03-28,25500,25550,25100,25500,338530,8603189000,0.39,602502500.0,154925000.0,-914185000.0,156757500.0,9680.0,338530.0,2.86,A035250
60,2012-03-29,25200,25500,24650,24800,780064,19593511700,-2.75,-762371000.0,0.0,-994829200.0,1757200200.0,72301.0,780064.0,9.27,A035250
61,2012-03-30,24950,25300,24650,25150,661691,16551152400,1.41,362324000.0,27249500.0,386536300.0,-776109800.0,137090.0,661691.0,20.72,A035250
62,2012-04-02,25150,25350,24850,24900,387057,9693031450,-0.99,544859500.0,41249000.0,1131741300.0,-1717849800.0,97720.0,387057.0,25.25,A035250
63,2012-04-03,24850,25150,24400,24400,708451,17564967100,-2.01,-774653900.0,7591500.0,5713684000.0,-4946621600.0,54767.0,708451.0,7.73,A035250
64,2012-04-04,24550,24750,24400,24650,399247,9824559900,1.02,1928199500.0,65784000.0,-728427500.0,-1265556000.0,8300.0,399247.0,2.08,A035250
65,2012-04-05,24650,24900,24400,24650,293228,7223576300,0.0,991960500.0,25328000.0,-87910500.0,-929378000.0,17530.0,293228.0,5.98,A035250
66,2012-04-06,24550,24900,24250,24550,331614,8119645400,-0.41,-1007420000.0,-719000.0,1415797500.0,-407658500.0,3350.0,331614.0,1.01,A035250
67,2012-04-09,24500,24500,23850,24100,290894,7020891950,-1.83,-442640000.0,17410000.0,315700500.0,109529500.0,1810.0,290894.0,0.62,A035250
68,2012-04-10,24200,24800,24050,24350,425062,10377154200,1.04,-977055850.0,-216458500.0,464838850.0,728675500.0,3030.0,425062.0,0.71,A035250
69,2012-04-12,24050,24300,23850,24100,465758,11209057850,-1.03,278340700.0,100997000.0,2735895900.0,-3115233600.0,2350.0,465758.0,0.5,A035250
70,2012-04-13,24150,24600,23950,24450,369271,8985741750,1.45,235639100.0,16840000.0,-9274550.0,-243204550.0,1030.0,369271.0,0.28,A035250
71,2012-04-16,23950,23950,23400,23700,1013608,23949810050,-3.07,-7324000.0,242686000.0,10115426000.0,-10350788000.0,16110.0,1013608.0,1.59,A035250
72,2012-04-17,23750,23800,23500,23800,371800,8812445910,0.42,2107959700.0,-238000.0,621695800.0,-2729417500.0,1560.0,371800.0,0.42,A035250
73,2012-04-18,23850,24300,23800,24250,292278,7050392500,1.89,1478999500.0,120378500.0,-2120726000.0,521348000.0,6640.0,292278.0,2.27,A035250
74,2012-04-19,24250,24450,24100,24250,368032,8948822450,0.0,2135762000.0,0.0,-1891901500.0,-243860500.0,10470.0,368032.0,2.84,A035250
75,2012-04-20,24300,24800,24150,24750,325416,7982234500,2.06,3164586000.0,-27591000.0,-3031650500.0,-105344500.0,10010.0,325416.0,3.08,A035250
76,2012-04-23,24800,24800,24300,24750,278719,6833312150,0.0,557992000.0,-20826000.0,-680171500.0,143005500.0,15980.0,278719.0,5.73,A035250
77,2012-04-24,24550,24700,23900,23900,369612,8963901200,-3.43,-1877692100.0,-192025500.0,1272998900.0,796718700.0,9190.0,369612.0,2.49,A035250
78,2012-04-25,24100,24200,23650,24200,257472,6161039600,1.26,498087000.0,-10139500.0,92908500.0,-580856000.0,4320.0,257472.0,1.68,A035250
79,2012-04-26,23900,24300,23650,24250,307167,7354139150,0.21,673052000.0,44137000.0,89606650.0,-806795650.0,4730.0,307167.0,1.54,A035250
80,2012-04-27,24300,24350,23800,24200,292080,7026706550,-0.21,-1076562500.0,0.0,-324723450.0,1401285950.0,230.0,292080.0,0.08,A035250
81,2012-04-30,24100,24350,23900,24250,221584,5355290350,0.21,-64045000.0,6511000.0,-1888935000.0,1946469000.0,660.0,221584.0,0.3,A035250
82,2012-05-02,24400,25000,24250,24900,516132,12808910000,2.68,-1008065000.0,249503000.0,-3058254500.0,3816816500.0,5990.0,516132.0,1.16,A035250
83,2012-05-03,25050,25200,24850,25100,378110,9464417550,0.8,-191923500.0,11024000.0,-2637800500.0,2818700000.0,37500.0,378110.0,9.92,A035250
84,2012-05-04,25250,26000,25000,25900,674671,17271200600,3.19,1638532600.0,-101085500.0,-8856361100.0,7318914000.0,36220.0,674671.0,5.37,A035250
85,2012-05-07,25550,25650,25000,25000,339308,8570713650,-3.47,-1666040500.0,4528000.0,1379346700.0,282165800.0,26200.0,339308.0,7.72,A035250
86,2012-05-08,25500,25600,24750,25000,377707,9443726300,0.0,-1997234500.0,16841000.0,966517000.0,1013876500.0,31630.0,377707.0,8.37,A035250
87,2012-05-09,25100,25200,24500,25000,289246,7170379850,0.0,1428270500.0,12325000.0,287967000.0,-1728562500.0,4140.0,289246.0,1.43,A035250
88,2012-05-10,25000,25000,24200,24200,445086,10890244200,-3.2,-4828123200.0,0.0,5870452400.0,-1042329200.0,3060.0,445086.0,0.69,A035250
89,2012-05-11,24100,24750,24050,24500,415226,10145395900,1.24,135577500.0,4247500.0,-837915000.0,698090000.0,9750.0,415226.0,2.35,A035250
90,2012-05-14,24800,24950,24300,24900,370404,9152426600,1.63,2142716000.0,126141000.0,-1598711200.0,-670145800.0,20220.0,370404.0,5.46,A035250
91,2012-05-15,25300,25900,24600,25850,886652,22557255950,3.82,13965766950.0,-565902500.0,-11016338450.0,-2383526000.0,64961.0,886652.0,7.33,A035250
92,2012-05-16,25750,25850,25200,25600,534128,13656895900,-0.97,7271773600.0,-88024000.0,-3713842700.0,-3469906900.0,62430.0,534128.0,11.69,A035250
93,2012-05-17,25150,25750,24450,24450,785058,19540034400,-4.49,-3893971100.0,123338000.0,4850040600.0,-1079407500.0,68840.0,785058.0,8.77,A035250
94,2012-05-18,24750,25250,24100,25000,879439,21895152550,2.25,6191182000.0,-117124500.0,-6423458500.0,349401000.0,71520.0,879439.0,8.13,A035250
95,2012-05-21,25300,25500,24750,24950,465296,11678411450,-0.2,510761950.0,-24562000.0,-554551800.0,68351850.0,45850.0,465296.0,9.85,A035250
96,2012-05-22,24750,25000,24300,24350,612836,15016668750,-2.4,-3061760900.0,14630000.0,5405759500.0,-2358628600.0,5540.0,612836.0,0.9,A035250
97,2012-05-23,24350,24650,24000,24550,647823,15774824800,0.82,4328955350.0,-40126500.0,-1229264250.0,-3059564600.0,2060.0,647823.0,0.32,A035250
98,2012-05-24,24600,24650,24100,24350,356161,8677347350,-0.81,998173500.0,3650000.0,621808100.0,-1623631600.0,6380.0,356161.0,1.79,A035250
99,2012-05-25,24050,25050,24050,25000,412749,10142402500,2.67,1618543000.0,-62892000.0,-2519087500.0,963436500.0,1960.0,412749.0,0.47,A035250
100,2012-05-29,24850,25300,24650,25000,357020,8929479500,0.0,1411744000.0,244391500.0,-298538000.0,-1357597500.0,25650.0,357020.0,7.18,A035250
101,2012-05-30,24800,25100,24400,24600,423806,10430877100,-1.6,-2264530000.0,184277500.0,2902382100.0,-822129600.0,7060.0,423806.0,1.67,A035250
102,2012-05-31,24650,25200,24400,25200,433492,10755434800,2.44,489411000.0,11947500.0,-2526215400.0,2024856900.0,5060.0,433492.0,1.17,A035250
103,2012-06-01,25150,25400,24950,25400,445486,11258968800,0.79,2974115000.0,-15953000.0,-2242588000.0,-715574000.0,12600.0,445486.0,2.83,A035250
104,2012-06-04,25100,25600,24950,25450,555102,14043615800,0.2,6089358000.0,350349500.0,-3487561000.0,-2952146500.0,42820.0,555102.0,7.71,A035250
105,2012-06-05,25600,25650,25250,25600,417290,10645650400,0.59,3238774000.0,6786000.0,-2603077000.0,-642483000.0,47650.0,417290.0,11.42,A035250
106,2012-06-07,25700,25750,25300,25500,582892,14886014440,-0.39,-147260500.0,164208000.0,1196836000.0,-1213783500.0,130130.0,582892.0,22.32,A035250
107,2012-06-08,25100,25300,24750,24750,707387,17629263250,-2.94,-1870719500.0,-83911500.0,3146566000.0,-1191935000.0,48730.0,707387.0,6.89,A035250
108,2012-06-11,24800,25050,24400,24550,590264,14501835200,-0.81,-1962921500.0,-208700500.0,4370789000.0,-2199167000.0,5210.0,590264.0,0.88,A035250
109,2012-06-12,24550,25000,24450,24600,691249,17030120650,0.2,-4411172300.0,-54890500.0,2479259000.0,1986803800.0,48700.0,691249.0,7.05,A035250
110,2012-06-13,24800,24800,24300,24500,514116,12569286500,-0.41,-4900770000.0,94463500.0,2631546000.0,2174760500.0,44280.0,514116.0,8.61,A035250
111,2012-06-14,24400,24750,24300,24750,524460,12871464200,1.02,-277804250.0,-36209500.0,-771056750.0,1085070500.0,115490.0,524460.0,22.02,A035250
112,2012-06-15,24750,24750,24000,24000,1102882,26693700550,-3.03,-1224294000.0,511245000.0,3883995000.0,-3170946000.0,13400.0,1102882.0,1.21,A035250
113,2012-06-18,24100,24450,24100,24200,420624,10205446850,0.83,-968032500.0,-36450000.0,-439325500.0,1443808000.0,5460.0,420624.0,1.3,A035250
114,2012-06-19,24300,24600,24250,24350,294214,7200323750,0.62,-508367300.0,-534742000.0,-1123049750.0,2166159050.0,1850.0,294214.0,0.63,A035250
115,2012-06-20,24500,24550,24300,24400,288287,7040236000,0.21,-2383667300.0,0.0,641786500.0,1741880800.0,200.0,288287.0,0.07,A035250
116,2012-06-21,24350,24650,24250,24600,306189,7479202500,0.82,-2580700600.0,-39289000.0,166054800.0,2453934800.0,2330.0,306189.0,0.76,A035250
117,2012-06-22,24550,24600,24050,24050,334030,8066394250,-2.24,-4044658250.0,67754500.0,3977148650.0,-244900.0,4060.0,334030.0,1.22,A035250
118,2012-06-25,24050,24250,23850,24250,280013,6733542050,0.83,-682319500.0,43097500.0,33803000.0,605419000.0,5790.0,280013.0,2.07,A035250
119,2012-06-26,24000,24200,23950,24000,239516,5761169800,-1.03,-2110717500.0,-7004000.0,1975404500.0,142317000.0,9602.0,239516.0,4.01,A035250
120,2012-06-27,23900,24700,23850,24650,532556,13018362100,2.71,5873383850.0,77726000.0,-5829737800.0,-121372050.0,11340.0,532556.0,2.13,A035250
121,2012-06-28,24500,24750,24100,24150,360021,8744830850,-2.03,-813079200.0,45265500.0,3037491700.0,-2269678000.0,15270.0,360021.0,4.24,A035250
122,2012-06-29,24000,24700,24000,24350,433866,10537252550,0.83,-1392874000.0,6601500.0,715689000.0,670583500.0,5110.0,433866.0,1.18,A035250
123,2012-07-02,24250,24450,24150,24300,217842,5291746600,-0.21,-826728400.0,-123074000.0,187629800.0,762172600.0,2880.0,217842.0,1.32,A035250
124,2012-07-03,24300,24800,24300,24700,269377,6636363900,1.65,1218026300.0,5150500.0,-3626198700.0,2403021900.0,4390.0,269377.0,1.63,A035250
125,2012-07-04,24600,24800,24550,24550,234096,5778486550,-0.61,-1537051250.0,366059000.0,516054750.0,654937500.0,5150.0,234096.0,2.2,A035250
126,2012-07-05,24550,24700,24250,24450,196367,4784872150,-0.41,-2171487000.0,60264000.0,1415656500.0,695566500.0,4540.0,196367.0,2.31,A035250
127,2012-07-06,24550,24550,24200,24450,172934,4208424800,0.0,-778595000.0,-272082500.0,1006173000.0,44504500.0,2820.0,172934.0,1.63,A035250
128,2012-07-09,24450,24700,24300,24700,201100,4936826050,1.02,615340900.0,219800.0,-2612792200.0,1997231500.0,11500.0,201100.0,5.72,A035250
129,2012-07-10,24500,24800,24500,24600,242708,5987019900,-0.4,-48892500.0,47934500.0,-780678800.0,781636800.0,22880.0,242708.0,9.43,A035250
130,2012-07-11,24500,24800,24350,24450,276418,6804178500,-0.61,1538138150.0,-87685000.0,-558439650.0,-892013500.0,10074.0,276418.0,3.64,A035250
131,2012-07-12,24600,24700,24250,24250,329876,8057198250,-0.82,-223044500.0,0.0,-102496500.0,325541000.0,2980.0,329876.0,0.9,A035250
132,2012-07-13,24400,24600,24250,24350,263696,6444588100,0.41,1801257300.0,-9820000.0,-1365044100.0,-426393200.0,6120.0,263696.0,2.32,A035250
133,2012-07-16,24350,24700,24350,24650,302121,7412429600,1.23,1496717650.0,-7088500.0,-1109918650.0,-379710500.0,2060.0,302121.0,0.68,A035250
134,2012-07-17,24700,24700,24200,24300,356716,8671071300,-1.42,267377700.0,243000.0,2532150800.0,-2799771500.0,1680.0,356716.0,0.47,A035250
135,2012-07-18,24250,24400,24000,24100,371484,8972148900,-0.82,-1571404000.0,20247900.0,1428638200.0,122517900.0,2500.0,371484.0,0.67,A035250
136,2012-07-19,24350,24350,23900,23900,433110,10410680750,-0.83,-681778500.0,31105000.0,2551648400.0,-1900974900.0,3450.0,433110.0,0.8,A035250
137,2012-07-20,23900,24000,22900,23200,1154554,26762569300,-2.93,-13131526700.0,-191138500.0,10788694500.0,2533970700.0,17450.0,1154554.0,1.51,A035250
138,2012-07-23,22850,23050,22450,22850,424274,9624787500,-1.51,-1435489500.0,-89029000.0,1004964000.0,519554500.0,35090.0,424274.0,8.27,A035250
139,2012-07-24,22550,23050,22400,22850,437772,9961456200,0.0,2196811600.0,-359850.0,-774784250.0,-1421667500.0,50320.0,437772.0,11.49,A035250
140,2012-07-25,22450,23200,22400,23150,415108,9512150350,1.31,3683360800.0,-23310500.0,-2251149600.0,-1408900700.0,16540.0,415108.0,3.98,A035250
141,2012-07-26,22850,23150,22450,22550,607637,13802003350,-2.59,-474559050.0,171441100.0,3471716450.0,-3168598500.0,26950.0,607637.0,4.44,A035250
142,2012-07-27,22950,23050,22700,22950,357692,8192237900,1.77,3336260450.0,-221697000.0,-1771992950.0,-1342570500.0,17410.0,357692.0,4.87,A035250
143,2012-07-30,22950,22950,22600,22700,277003,6302033850,-1.09,-743270600.0,404715500.0,1058278500.0,-719723400.0,9110.0,277003.0,3.29,A035250
144,2012-07-31,22700,23300,22600,23300,399053,9193205300,2.64,2697233500.0,9729500.0,-2489524800.0,-217438200.0,12230.0,399053.0,3.06,A035250
145,2012-08-01,23300,23400,22950,22950,282025,6535140550,-1.5,884790350.0,-10164000.0,270262650.0,-1144889000.0,24610.0,282025.0,8.73,A035250
146,2012-08-02,23100,23150,22850,22850,347029,7981383110,-0.44,298617250.0,25760000.0,441467050.0,-765844300.0,2120.0,347029.0,0.61,A035250
147,2012-08-03,22950,23000,22600,22600,268181,6099134850,-1.09,521103500.0,-26625000.0,1139157500.0,-1633636000.0,280.0,268181.0,0.1,A035250
148,2012-08-06,22850,22900,22600,22750,359031,8173560250,0.66,-2512459500.0,38388000.0,1579353500.0,894718000.0,3470.0,359031.0,0.97,A035250
149,2012-08-07,22500,22600,22300,22400,523508,11755568100,-1.54,-4588245000.0,32331000.0,5804098500.0,-1248184500.0,10250.0,523508.0,1.96,A035250
150,2012-08-08,22450,22800,22450,22750,422112,9568764750,1.56,-996127250.0,105476000.0,-1970775250.0,2861426500.0,1950.0,422112.0,0.46,A035250
151,2012-08-09,22750,23650,22700,23600,997759,23214231650,3.74,1338046300.0,1584000.0,-9532578800.0,8192948500.0,10970.0,997759.0,1.1,A035250
152,2012-08-10,23350,23550,23000,23250,447286,10378144450,-1.48,-1122058000.0,13232500.0,3605674250.0,-2496848750.0,23530.0,447286.0,5.26,A035250
153,2012-08-13,23250,23300,22750,22800,469976,10742617500,-1.94,-6705927700.0,-69230000.0,5038786700.0,1736371000.0,33002.0,469976.0,7.02,A035250
154,2012-08-14,23000,23300,22850,23300,527619,12185560000,2.19,-1971109000.0,56812000.0,-491350700.0,2405647700.0,18321.0,527619.0,3.47,A035250
155,2012-08-16,23400,23550,23150,23550,353472,8248278700,1.07,-1382077150.0,-12217000.0,-1423522200.0,2817816350.0,28920.0,353472.0,8.18,A035250
156,2012-08-17,23550,23800,23400,23800,391155,9257648000,1.06,1430528000.0,-13540000.0,-3080606000.0,1663618000.0,11310.0,391155.0,2.89,A035250
157,2012-08-20,23900,24000,23600,24000,323003,7688158000,0.84,-1188586500.0,154140000.0,-989387500.0,2023834000.0,34890.0,323003.0,10.8,A035250
158,2012-08-21,24100,24150,23750,23750,308275,7384347400,-1.04,-825222500.0,40075500.0,-1080718000.0,1865865000.0,23400.0,308275.0,7.59,A035250
159,2012-08-22,23900,23950,23550,23650,210801,5004454650,-0.42,-1538816250.0,-39955300.0,401486000.0,1177285550.0,1965.0,210801.0,0.93,A035250
160,2012-08-23,23900,23900,23550,23700,206423,4892409100,0.21,-823032700.0,61636500.0,114676200.0,646720000.0,7180.0,206423.0,3.48,A035250
161,2012-08-24,23600,23700,23250,23250,253208,5936027350,-1.9,-2338843250.0,-2995000.0,2111455250.0,230383000.0,250.0,253208.0,0.1,A035250
162,2012-08-27,23450,23950,23300,23900,446634,10620354250,2.8,1611923300.0,-45204500.0,-1655865800.0,89147000.0,100.0,446634.0,0.02,A035250
163,2012-08-28,23650,23900,23450,23450,435391,10326774450,-1.88,-751614500.0,237500.0,2500057000.0,-1748680000.0,10800.0,435391.0,2.48,A035250
164,2012-08-29,23500,23650,23350,23600,185671,4359362450,0.64,-566380300.0,-13286600.0,424003900.0,155663000.0,1770.0,185671.0,0.95,A035250
165,2012-08-30,23500,23550,22900,23000,459663,10610405800,-2.54,-3535398500.0,38589500.0,5918897500.0,-2422088500.0,470.0,459663.0,0.1,A035250
166,2012-08-31,23000,23550,23000,23200,397262,9270777900,0.87,-123270500.0,16646700.0,-895609100.0,1002232900.0,230.0,397262.0,0.06,A035250
167,2012-09-03,23150,23450,22900,23150,357550,8296925150,-0.22,-1518320300.0,6945000.0,1672371800.0,-160996500.0,24400.0,357550.0,6.82,A035250
168,2012-09-04,23100,23400,23000,23050,159993,3703726150,-0.43,-1102561600.0,-6960000.0,1337500600.0,-227979000.0,8922.0,159993.0,5.58,A035250
169,2012-09-05,23000,23050,22550,22600,430252,9763729700,-1.95,-3003315500.0,231065300.0,5416376700.0,-2644126500.0,8490.0,430252.0,1.97,A035250
170,2012-09-06,22850,22900,22650,22750,214586,4892981950,0.66,193991000.0,0.0,-131029000.0,-62962000.0,90.0,214586.0,0.04,A035250
171,2012-09-07,22850,23200,22800,23050,352566,8107341300,1.32,34407600.0,-6931950.0,438212050.0,-465687700.0,9430.0,352566.0,2.67,A035250
172,2012-09-10,23000,23200,22950,23150,363186,8395201800,0.43,-1534220500.0,2085000.0,-330519000.0,1862654500.0,2150.0,363186.0,0.59,A035250
173,2012-09-11,23150,23300,23000,23150,407043,9426698450,0.0,-529032000.0,98850500.0,386058000.0,44123500.0,8730.0,407043.0,2.14,A035250
174,2012-09-12,23150,23350,23100,23250,467857,10862899150,0.43,4906417750.0,-1856000.0,595495000.0,-5500056750.0,535.0,467857.0,0.11,A035250
175,2012-09-13,23250,23300,22700,23000,483909,11116877500,-1.08,-1739428000.0,45836000.0,1514463500.0,179128500.0,171.0,483909.0,0.04,A035250
176,2012-09-14,23100,23250,23000,23150,794507,18356895900,0.65,-7281395500.0,2321500.0,2882097500.0,4396976500.0,1450.0,794507.0,0.18,A035250
177,2012-09-17,23000,23250,22900,23150,596998,13790970050,0.0,-3981844400.0,50700000.0,3574908400.0,356236000.0,7310.0,596998.0,1.22,A035250
178,2012-09-18,23250,23500,23150,23450,400580,9357997050,1.3,714112150.0,161726500.0,-299651650.0,-576187000.0,3240.0,400580.0,0.81,A035250
179,2012-09-19,23450,23700,23400,23650,486760,11495053950,0.85,1185769750.0,115632000.0,-1787273750.0,485872000.0,13330.0,486760.0,2.74,A035250
180,2012-09-20,23500,23800,23500,23800,293710,6956038350,0.63,408118500.0,3320000.0,-402383500.0,-9055000.0,1690.0,293710.0,0.58,A035250
181,2012-09-21,23900,24000,23800,24000,462177,11059313300,0.84,195966500.0,-260421000.0,-4030104500.0,4094559000.0,49365.0,462177.0,10.68,A035250
182,2012-09-24,24050,24100,23650,23750,223112,5320090700,-1.04,-732261500.0,-58551000.0,524841000.0,265971500.0,8440.0,223112.0,3.78,A035250
183,2012-09-25,23650,23700,23450,23650,229764,5423477100,-0.42,81931650.0,5894000.0,507682850.0,-595508500.0,33370.0,229764.0,14.52,A035250
184,2012-09-26,23650,25300,23450,24800,1344991,33191314200,4.86,5626839200.0,420204500.0,-7335248700.0,1288205000.0,10480.0,1344991.0,0.78,A035250
185,2012-09-27,24700,24950,24250,24700,996115,24545188600,-0.4,-187609500.0,306410000.0,-2215693600.0,2096893100.0,51060.0,996115.0,5.13,A035250
186,2012-09-28,24500,25050,24350,25000,765684,18960932950,1.21,-2471386000.0,-386843000.0,-2702059500.0,5560288500.0,42820.0,765684.0,5.59,A035250
187,2012-10-02,25000,25400,24800,25000,457273,11449892650,0.0,-1555878500.0,9510500.0,-1028134500.0,2574502500.0,43590.0,457273.0,9.53,A035250
188,2012-10-04,24950,24950,24300,24500,427115,10517177980,-2.0,-1112360000.0,173000.0,-1035361000.0,2147548000.0,26698.0,427115.0,6.25,A035250
189,2012-10-05,24500,25100,24450,25000,382473,9492541400,2.04,1994257500.0,-99202500.0,-3629329500.0,1734274500.0,16810.0,382473.0,4.4,A035250
190,2012-10-08,25100,25950,25050,25650,677028,17375140000,2.6,4356901900.0,4036000.0,-3175914400.0,-1185023500.0,31370.0,677028.0,4.63,A035250
191,2012-10-09,25800,25950,25150,25250,376054,9615174500,-1.56,2191008250.0,-7680000.0,-418626750.0,-1764701500.0,90250.0,376054.0,24.0,A035250
192,2012-10-10,24900,25050,24350,24350,450307,11060999850,-3.56,-1256809550.0,-212236000.0,3654638350.0,-2185592800.0,32680.0,450307.0,7.26,A035250
193,2012-10-11,24300,25000,24200,24250,396645,9704768950,-0.41,-3445698000.0,46783000.0,1759033000.0,1639882000.0,10100.0,396645.0,2.55,A035250
194,2012-10-12,24500,25600,24350,25350,560131,14106279650,4.54,-460240900.0,74475000.0,-5178466600.0,5564232500.0,12218.0,560131.0,2.18,A035250
195,2012-10-15,25350,25950,25150,25450,564237,14470714300,0.39,1367897650.0,163836000.0,-3147341650.0,1615608000.0,30672.0,564237.0,5.44,A035250
196,2012-10-16,25600,26100,25400,25500,314467,8068552600,0.2,-1558744000.0,-10340000.0,305128000.0,1263956000.0,17960.0,314467.0,5.71,A035250
197,2012-10-17,25450,25700,24950,25100,396555,9996731700,-1.57,-2578700800.0,151950000.0,795561800.0,1631189000.0,24470.0,396555.0,6.17,A035250
198,2012-10-18,25350,25800,25200,25750,345789,8886370450,2.59,796344000.0,-25700000.0,-2719853000.0,1949209000.0,9000.0,345789.0,2.6,A035250
199,2012-10-19,25800,25950,25350,25350,335318,8613995100,-1.55,418892000.0,-5428500.0,757066100.0,-1170529600.0,14710.0,335318.0,4.39,A035250
200,2012-10-22,25000,25550,24850,25250,232366,5880923050,-0.39,-774502500.0,-3280000.0,-277443250.0,1055225750.0,90.0,232366.0,0.04,A035250
201,2012-10-23,25300,25450,25200,25200,219153,5543535600,-0.2,-944172200.0,0.0,484862700.0,459309500.0,460.0,219153.0,0.21,A035250
202,2012-10-24,25200,25800,25200,25500,402237,10303325100,1.19,1362401500.0,-1277500.0,-2278692500.0,917568500.0,38980.0,402237.0,9.69,A035250
203,2012-10-25,25350,25650,24800,25050,333913,8401550300,-1.76,-3816014550.0,0.0,2536424050.0,1279590500.0,4950.0,333913.0,1.48,A035250
204,2012-10-26,24850,25250,24500,24750,265596,6585378700,-1.2,-766782000.0,16092500.0,405065500.0,345624000.0,4680.0,265596.0,1.76,A035250
205,2012-10-29,24600,25300,24600,24900,210118,5271161300,0.61,1926010500.0,-174587500.0,-1765073500.0,13650500.0,4610.0,210118.0,2.19,A035250
206,2012-10-30,25150,25400,24900,25350,223781,5647261450,1.81,200769650.0,-7605000.0,-1713113150.0,1519948500.0,5230.0,223781.0,2.34,A035250
207,2012-10-31,25450,25500,25300,25400,121402,3086295300,0.2,477340700.0,0.0,-644250200.0,166909500.0,12650.0,121402.0,10.42,A035250
208,2012-11-01,25200,25750,25100,25750,278310,7120974450,1.38,561682250.0,10260000.0,-1738824500.0,1166882250.0,11851.0,278310.0,4.26,A035250
209,2012-11-02,25950,26000,25700,26000,323929,8385102750,0.97,73316000.0,-132231000.0,-1953078000.0,2011993000.0,33810.0,323929.0,10.44,A035250
210,2012-11-05,26100,26800,26000,26800,428989,11399827500,3.08,2509645300.0,-167060500.0,-3489973200.0,1147388400.0,27777.0,428989.0,6.47,A035250
211,2012-11-06,26900,27150,26550,26850,484027,12958696300,0.19,-1361564300.0,105485000.0,1236850800.0,19228500.0,79920.0,484027.0,16.51,A035250
212,2012-11-07,26900,27250,26800,26900,383062,10339482550,0.19,-2073635200.0,10750000.0,-1353211000.0,3416096200.0,34207.0,383062.0,8.93,A035250
213,2012-11-08,26800,27150,26600,26650,427390,11473230300,-0.93,1490829500.0,82148500.0,-471616500.0,-1101361500.0,37960.0,427390.0,8.88,A035250
214,2012-11-09,26800,26900,26250,26650,334173,8892379700,0.0,-712207650.0,133343500.0,-316895900.0,895760050.0,9088.0,334173.0,2.72,A035250
215,2012-11-12,26950,27000,26650,27000,219499,5891918750,1.31,717701000.0,270500.0,-1516659000.0,798687500.0,2830.0,219499.0,1.29,A035250
216,2012-11-13,27250,27450,26700,27350,301193,8188943350,1.3,-624457650.0,-165764500.0,-1133535350.0,1923757500.0,6332.0,301193.0,2.1,A035250
217,2012-11-14,27550,27550,27050,27400,427244,11645562980,0.18,1591719600.0,17662500.0,-591168600.0,-1018213500.0,25060.0,427244.0,5.87,A035250
218,2012-11-15,27200,27200,26150,26500,550844,14611794000,-3.28,486925500.0,45292500.0,956014500.0,-1488232500.0,24890.0,550844.0,4.52,A035250
219,2012-11-16,26500,26900,26100,26400,679689,17956799200,-0.38,3370567300.0,19294000.0,2905471700.0,-6295333000.0,5656.0,679689.0,0.83,A035250
220,2012-11-19,27200,28400,27000,27750,1101999,30568085050,5.11,1197470250.0,-45315000.0,-7673127250.0,6520972000.0,65100.0,1101999.0,5.91,A035250
221,2012-11-20,27800,28100,27500,28100,554187,15451096300,1.26,-2522806200.0,-114068000.0,-2946539300.0,5583413500.0,56640.0,554187.0,10.22,A035250
222,2012-11-21,27900,28200,27700,28050,351950,9836536300,-0.18,1862130450.0,-20997500.0,-1513435950.0,-327697000.0,48500.0,351950.0,13.78,A035250
223,2012-11-22,28000,28000,27600,27800,272405,7574143350,-0.89,2409203200.0,0.0,-902375200.0,-1506828000.0,43110.0,272405.0,15.83,A035250
224,2012-11-23,27950,28350,27800,27800,339409,9513619000,0.0,2396305000.0,-53979500.0,-30631600.0,-2311693900.0,13851.0,339409.0,4.08,A035250
225,2012-11-26,29800,31900,29500,31500,2705740,83333111400,13.31,-6012826000.0,-1039486500.0,-20143341300.0,27195653800.0,106700.0,2705740.0,3.94,A035250
226,2012-11-27,31800,31800,30100,30100,1511531,46322585800,-4.44,-7461972900.0,-241522000.0,-402895100.0,8106390000.0,47930.0,1511531.0,3.17,A035250
227,2012-11-28,30500,30800,29850,30500,954606,29087967500,1.33,-4195633000.0,-137862000.0,-2299166500.0,6632661500.0,1900.0,954606.0,0.2,A035250
228,2012-11-29,30700,30800,30400,30600,611774,18728291250,0.33,880209400.0,-15204000.0,-1614031400.0,749026000.0,19500.0,611774.0,3.19,A035250
229,2012-11-30,30650,30950,30500,30950,750736,23071853050,1.14,-582208550.0,-3313500.0,-247896400.0,833418450.0,12750.0,750736.0,1.7,A035250
230,2012-12-03,31250,31350,30300,30400,794599,24398045700,-1.78,894665600.0,270395000.0,291629000.0,-1456689600.0,15160.0,794599.0,1.91,A035250
231,2012-12-04,30300,31050,30050,30700,643520,19781646500,0.99,1360872900.0,425050000.0,-2779778200.0,993855300.0,11.0,643520.0,0.0,A035250
232,2012-12-05,30400,30750,29500,29550,633633,18952803300,-3.75,-720419800.0,37025500.0,4235245300.0,-3551851000.0,6760.0,633633.0,1.07,A035250
233,2012-12-06,29500,29800,29050,29500,557957,16391433200,-0.17,-2361101000.0,-176374000.0,-279063000.0,2816538000.0,960.0,557957.0,0.17,A035250
234,2012-12-07,29500,30100,29150,29800,410179,12205951850,1.02,249657300.0,329146500.0,-2019074800.0,1440271000.0,3800.0,410179.0,0.93,A035250
235,2012-12-10,29800,30150,29800,29900,360386,10783730200,0.34,-461784100.0,-10777500.0,-1158393700.0,1630955300.0,12760.0,360386.0,3.54,A035250
236,2012-12-11,30000,30050,29600,29750,542958,16205781350,-0.5,-502460750.0,-71322000.0,-1074447250.0,1648230000.0,3683.0,542958.0,0.68,A035250
237,2012-12-12,30000,30150,29700,30100,532653,15969393350,1.18,2084284600.0,5990000.0,-2342759000.0,252484400.0,1295.0,532653.0,0.24,A035250
238,2012-12-13,30100,30600,29750,30000,747830,22473402580,-0.33,1287391000.0,0.0,991782000.0,-2279173000.0,1960.0,747830.0,0.26,A035250
239,2012-12-14,29900,30000,29500,29600,295641,8789184800,-1.33,595199700.0,8850500.0,242489700.0,-846539900.0,4690.0,295641.0,1.59,A035250
240,2012-12-17,29850,29850,29450,29600,308100,9129317600,0.0,440925900.0,106505000.0,-360374500.0,-187056400.0,3163.0,308100.0,1.03,A035250
241,2012-12-18,29600,30300,29500,30000,318714,9551141700,1.35,1087679500.0,14622500.0,-2533813500.0,1431511500.0,6450.0,318714.0,2.02,A035250
242,2012-12-20,30350,30400,29950,30400,432808,13089204950,1.33,-510565900.0,-15174500.0,-2510153900.0,3035894300.0,20915.0,432808.0,4.83,A035250
243,2012-12-21,30700,30900,30300,30550,976457,28092922422,0.49,14680229292.0,-15515599392.0,-3361708500.0,4197078600.0,18901.0,976457.0,1.94,A035250
244,2012-12-24,30800,30800,30000,30300,323595,9769633900,-0.82,2296917500.0,-302000.0,-1036632500.0,-1259983000.0,21740.0,323595.0,6.72,A035250
245,2012-12-26,30100,30400,29900,29900,397117,11932820300,-1.32,3137847300.0,-139524500.0,-3187063800.0,188741000.0,15308.0,397117.0,3.85,A035250
246,2012-12-27,29200,29650,28850,29650,357506,10442397250,-0.84,1579808000.0,-106389000.0,-829227800.0,-644191200.0,20821.0,357506.0,5.82,A035250
247,2012-12-28,29650,29650,29100,29250,158532,4646645650,-1.35,-287511500.0,0.0,563907500.0,-276396000.0,8490.0,158532.0,5.36,A035250
248,2013-01-02,29100,29200,28450,28650,562025,16092639620,-2.05,-1327792900.0,-13418000.0,1822850400.0,-481639500.0,3977.0,562025.0,0.71,A035250
249,2013-01-03,29000,30150,28850,30050,624733,18508712750,4.89,-1346637450.0,-129650500.0,-7830279600.0,9306567550.0,9009.0,624733.0,1.44,A035250
250,2013-01-04,29550,29900,28750,29600,422378,12391154000,-1.5,-1044716400.0,0.0,-213309200.0,1258025600.0,20480.0,422378.0,4.85,A035250
251,2013-01-07,29900,29900,29100,29750,296912,8751758000,0.51,611406750.0,4130000.0,-1049195250.0,433658500.0,6100.0,296912.0,2.05,A035250
252,2013-01-08,29400,29750,29250,29550,220447,6512562000,-0.67,92577500.0,0.0,-939546900.0,846969400.0,6480.0,220447.0,2.94,A035250
253,2013-01-09,29600,30200,29600,30100,676453,20293511640,1.86,-315048800.0,-9010000.0,235476800.0,88582000.0,4260.0,676453.0,0.63,A035250
254,2013-01-10,29750,30250,29400,29700,597772,17826818400,-1.33,1255936700.0,0.0,2901876800.0,-4157813500.0,14050.0,597772.0,2.35,A035250
255,2013-01-11,29550,30050,29500,30000,489428,14588723600,1.01,1463031000.0,61081500.0,77854500.0,-1601967000.0,120.0,489428.0,0.02,A035250
256,2013-01-14,29750,30150,29750,30000,243305,7283484500,0.0,1940015000.0,-144700000.0,-251357500.0,-1543957500.0,2752.0,243305.0,1.13,A035250
257,2013-01-15,30250,30350,29650,30050,286330,8579619850,0.17,1952901550.0,117790000.0,-179395050.0,-1891296500.0,17291.0,286330.0,6.04,A035250
258,2013-01-16,30000,30250,29600,29600,236939,7086513500,-1.5,1630045100.0,4440000.0,158325300.0,-1792810400.0,24900.0,236939.0,10.51,A035250
259,2013-01-17,29750,30400,29700,30300,431776,13049375800,2.36,4045019000.0,-14847000.0,-3383984800.0,-646187200.0,12650.0,431776.0,2.93,A035250
260,2013-01-18,30550,30550,30000,30350,297869,9054330050,0.17,2557988800.0,-34890000.0,-1808983300.0,-714115500.0,9217.0,297869.0,3.09,A035250
261,2013-01-21,30350,30450,29950,30000,224524,6787170450,-1.15,2736372000.0,0.0,-453389500.0,-2282982500.0,12880.0,224524.0,5.74,A035250
262,2013-01-22,30250,30250,29800,30150,173594,5213836000,0.5,616067700.0,-1505000.0,-12491700.0,-602071000.0,1725.0,173594.0,0.99,A035250
263,2013-01-23,29950,30150,29700,29700,325758,9752413200,-1.49,2633570700.0,-1505000.0,936826200.0,-3568891900.0,15113.0,325758.0,4.64,A035250
264,2013-01-24,29750,30600,29650,30500,436049,13237170300,2.69,3496166000.0,111255000.0,-3697859000.0,90438000.0,3260.0,436049.0,0.75,A035250
265,2013-01-25,30650,31450,30450,31300,756285,23600418350,2.62,5911227900.0,312919000.0,-4835532100.0,-1388614800.0,16561.0,756285.0,2.19,A035250
266,2013-01-28,31300,31550,30550,30550,358907,11081385450,-2.4,1245014300.0,206070500.0,1507341200.0,-2958426000.0,52350.0,358907.0,14.59,A035250
267,2013-01-29,30300,31050,29900,30250,403644,12290132000,-0.98,285001750.0,42775500.0,1506002250.0,-1833779500.0,3450.0,403644.0,0.85,A035250
268,2013-01-30,30200,30650,30000,30300,264154,8000279400,0.17,1645804600.0,3646000.0,10238900.0,-1659689500.0,1450.0,264154.0,0.55,A035250
269,2013-01-31,30950,31400,30500,31250,466122,14528870750,3.14,-1030396250.0,171934500.0,-3502108250.0,4360570000.0,5567.0,466122.0,1.19,A035250
270,2013-02-01,31100,31350,30850,30950,295183,9170673700,-0.96,892614400.0,61900.0,-34605900.0,-858070400.0,20610.0,295183.0,6.98,A035250
271,2013-02-04,31450,31750,31000,31600,503929,15919730350,2.1,2907762000.0,-21594000.0,-4736503500.0,1850335500.0,12370.0,503929.0,2.45,A035250
272,2013-02-05,31600,33000,31500,32750,837065,27252878750,3.64,4775014000.0,304526500.0,-7782680500.0,2703140000.0,25451.0,837065.0,3.04,A035250
273,2013-02-06,32900,33000,32350,32700,411426,13423765250,-0.15,968342000.0,-30028000.0,1013560000.0,-1951874000.0,66580.0,411426.0,16.18,A035250
274,2013-02-07,32350,32600,31950,32150,333113,10727587950,-1.68,-2378228050.0,7516000.0,1147062850.0,1223649200.0,18220.0,333113.0,5.47,A035250
275,2013-02-08,32400,32950,32250,32850,500384,16373290210,2.18,-1463011300.0,-266015000.0,-2154953700.0,3883980000.0,14530.0,500384.0,2.9,A035250
276,2013-02-12,32650,33150,31500,31950,481503,15418154500,-2.74,-4939316300.0,540159000.0,3070012300.0,1329145000.0,13340.0,481503.0,2.77,A035250
277,2013-02-13,31850,32350,31450,32300,408070,12991920000,1.1,-555685700.0,-159786500.0,-629982300.0,1345454500.0,11749.0,408070.0,2.88,A035250
278,2013-02-14,32300,32350,31600,32100,231824,7422424320,-0.62,87387800.0,0.0,-1386158000.0,1298770200.0,8143.0,231824.0,3.51,A035250
279,2013-02-15,32000,32450,31850,31900,226460,7271206800,-0.62,-924484500.0,-254914000.0,-1037379000.0,2216777500.0,5200.0,226460.0,2.3,A035250
280,2013-02-18,32150,32400,31750,32000,263079,8427686850,0.31,-978850000.0,-17266500.0,-488720500.0,1484837000.0,21990.0,263079.0,8.36,A035250
281,2013-02-19,31700,31900,30900,31300,491850,15390076150,-2.19,1378405400.0,68852500.0,661200200.0,-2108458100.0,40630.0,491850.0,8.26,A035250
282,2013-02-20,31350,31900,31150,31600,413681,13051881050,0.96,655426800.0,-109474500.0,-1607567800.0,1061615500.0,28279.0,413681.0,6.84,A035250
283,2013-02-21,31600,31900,30850,31250,345688,10796856600,-1.11,-825825250.0,-3421000.0,-53576750.0,882823000.0,11810.0,345688.0,3.42,A035250
284,2013-02-22,31800,31900,31200,31900,357120,11322446550,2.08,376660200.0,-16615000.0,-2756024200.0,2395979000.0,13609.0,357120.0,3.81,A035250
285,2013-02-25,31550,31900,31150,31550,276569,8692717600,-1.1,-973377650.0,-2500000.0,1536132050.0,-560254400.0,16430.0,276569.0,5.94,A035250
286,2013-02-26,31400,31550,30900,31500,271939,8491160150,-0.16,1483579500.0,3445500.0,-673547500.0,-813477500.0,3890.0,271939.0,1.43,A035250
287,2013-02-27,31700,31750,31250,31500,183551,5779392950,0.0,1194630000.0,-59397000.0,267112500.0,-1402345500.0,17410.0,183551.0,9.49,A035250
288,2013-02-28,31600,32850,31600,32850,457123,14766132600,4.29,3797840150.0,-64628500.0,-7185282800.0,3452071150.0,17090.0,457123.0,3.74,A035250
289,2013-03-04,32900,33550,32700,33550,429029,14266528150,2.13,-39947900.0,-401881500.0,-3678112600.0,4119942000.0,50610.0,429029.0,11.8,A035250
290,2013-03-05,33800,33800,33200,33550,267002,8946342550,0.0,-126829100.0,13325000.0,-931930900.0,1045435000.0,81630.0,267002.0,30.57,A035250
291,2013-03-06,33400,33400,32250,32500,287180,9346903200,-3.13,-1142417500.0,23595000.0,2108218000.0,-989395500.0,17031.0,287180.0,5.93,A035250
292,2013-03-07,32400,32800,32150,32800,258368,8393059600,0.92,473442200.0,-14936500.0,-1557951700.0,1099446000.0,5310.0,258368.0,2.06,A035250
293,2013-03-08,32550,32800,32050,32100,345216,11136845990,-2.13,886071700.0,-65995000.0,1222835800.0,-2042912500.0,24200.0,345216.0,7.01,A035250
294,2013-03-11,32100,32200,31800,31950,411863,13179265250,-0.47,2390318750.0,-14002500.0,-280027450.0,-2096288800.0,9040.0,411863.0,2.19,A035250
295,2013-03-12,31750,31900,30950,31250,766009,23879159550,-2.19,7216494000.0,527064000.0,6674334500.0,-14417892500.0,1806.0,766009.0,0.24,A035250
296,2013-03-13,31000,31500,30850,31200,461161,14332420200,-0.16,1018593800.0,208082500.0,3123320200.0,-4349996500.0,16140.0,461161.0,3.5,A035250
297,2013-03-14,31200,31650,31050,31650,339347,10644060110,1.44,700064850.0,47175000.0,-1100931450.0,353691600.0,2980.0,339347.0,0.88,A035250
298,2013-03-15,31750,32400,31300,31350,713360,22585636650,-0.95,-1598637300.0,119576000.0,241295550.0,1237765750.0,26110.0,713360.0,3.66,A035250
299,2013-03-18,31350,32550,31200,32450,438461,14077527450,3.51,-1513285350.0,-41536500.0,-5144112700.0,6698934550.0,32290.0,438461.0,7.36,A035250
300,2013-03-19,32450,32450,31300,31500,762833,24065068000,-2.93,-309175500.0,127250500.0,5301674550.0,-5119749550.0,21680.0,762833.0,2.84,A035250
301,2013-03-20,31250,31700,31200,31200,192769,6048842300,-0.95,-449319800.0,-10991000.0,629196900.0,-168886100.0,7801.0,192769.0,4.05,A035250
302,2013-03-21,31250,31500,30550,30950,274244,8493272550,-0.8,339697150.0,-14985500.0,471936400.0,-796648050.0,28040.0,274244.0,10.22,A035250
303,2013-03-22,30600,31150,30550,31100,259250,8027337500,0.48,726596300.0,0.0,-149193500.0,-577402800.0,43880.0,259250.0,16.93,A035250
304,2013-03-25,31400,31700,30750,30750,220701,6880537850,-1.13,-644908400.0,-31250000.0,897678900.0,-221520500.0,14100.0,220701.0,6.39,A035250
305,2013-03-26,30900,31500,30900,30900,377696,11715879400,0.49,-278295800.0,-30930000.0,-60496200.0,369722000.0,27714.0,377696.0,7.34,A035250
306,2013-03-27,31000,31450,30850,30950,374711,11663070800,0.16,938778000.0,-31125000.0,-215554000.0,-692099000.0,57670.0,374711.0,15.39,A035250
307,2013-03-28,31200,31250,30600,30750,249631,7697792300,-0.65,2464790250.0,-31100000.0,828274500.0,-3261964750.0,790.0,249631.0,0.32,A035250
308,2013-03-29,31150,31650,30850,31400,344386,10817050850,2.11,4579482400.0,-31550000.0,-3049188400.0,-1498744000.0,646.0,344386.0,0.19,A035250
309,2013-04-01,31400,31450,30400,30400,273303,8376438700,-3.18,-438889600.0,40868500.0,2076739200.0,-1678718100.0,11470.0,273303.0,4.2,A035250
310,2013-04-02,30650,31650,30500,31600,473744,14866797300,3.95,6934563300.0,66294500.0,-4962023500.0,-2038834300.0,32100.0,473744.0,6.78,A035250
311,2013-04-03,31700,31950,30500,30900,525014,16331149100,-2.22,4364844500.0,49215000.0,586874300.0,-5000933800.0,67690.0,525014.0,12.89,A035250
312,2013-04-04,30950,31200,29900,30650,573441,17406284500,-0.81,518568450.0,-6200000.0,3730038550.0,-4242407000.0,60660.0,573441.0,10.58,A035250
313,2013-04-05,30000,30200,29600,29700,527679,15725641750,-3.1,1858749700.0,40709400.0,3488700800.0,-5388159900.0,2010.0,527679.0,0.38,A035250
314,2013-04-08,29900,29900,28850,29200,385474,11284155000,-1.68,1740786000.0,16445000.0,1126847500.0,-2884078500.0,38650.0,385474.0,10.03,A035250
315,2013-04-09,28800,29550,28800,29400,310914,9064770000,0.68,808396000.0,0.0,-896742800.0,88346800.0,3011.0,310914.0,0.97,A035250
316,2013-04-10,29100,29150,28400,28400,755836,21658971900,-3.4,5258498200.0,330741500.0,8305541800.0,-13894781500.0,61120.0,755836.0,8.09,A035250
317,2013-04-11,28800,29150,28450,28850,696340,20023808700,1.58,2357366650.0,-134734000.0,401310450.0,-2623943100.0,27700.0,696340.0,3.98,A035250
318,2013-04-12,28800,29000,28500,28800,493810,14226555000,-0.17,3445478300.0,64766500.0,3170269800.0,-6680514600.0,750.0,493810.0,0.15,A035250
319,2013-04-15,28650,29200,28600,29200,306473,8872008850,1.39,2006828500.0,-484240000.0,733168800.0,-2255757300.0,2220.0,306473.0,0.72,A035250
320,2013-04-16,29300,29450,28500,29150,696999,20230462700,-0.17,4961191050.0,-584115500.0,4017857850.0,-8394933400.0,2300.0,696999.0,0.33,A035250
321,2013-04-17,29450,30600,29400,30500,742597,22385580550,4.63,7974693000.0,153890000.0,-2645001000.0,-5483582000.0,37530.0,742597.0,5.05,A035250
322,2013-04-18,30650,31250,30450,30700,537859,16638854400,0.66,6097090500.0,35456000.0,-2459112300.0,-3673434200.0,16180.0,537859.0,3.01,A035250
323,2013-04-19,30900,31200,30200,30950,340102,10521721050,0.81,3816627400.0,-38778500.0,-2096391850.0,-1681457050.0,6710.0,340102.0,1.97,A035250
324,2013-04-22,30800,31450,30700,30850,254283,7898887350,-0.32,700871850.0,106205000.0,132192000.0,-939268850.0,27320.0,254283.0,10.74,A035250
325,2013-04-23,30800,31350,30700,31200,189590,5870370200,1.13,817024000.0,31087000.0,-257651500.0,-590459500.0,5960.0,189590.0,3.14,A035250
326,2013-04-24,31500,31500,30250,30400,481411,14736408000,-2.56,1053790800.0,91560000.0,4671049200.0,-5816400000.0,17100.0,481411.0,3.55,A035250
327,2013-04-25,30600,31250,30550,31050,271523,8398850450,2.14,307678050.0,-64875000.0,-3051417700.0,2808614650.0,1520.0,271523.0,0.56,A035250
328,2013-04-26,30800,31100,30800,30800,141349,4375098200,-0.81,85846500.0,40024500.0,144315000.0,-270186000.0,1550.0,141349.0,1.1,A035250
329,2013-04-29,31000,31150,30750,31000,134253,4153436500,0.65,-657728000.0,0.0,-599870500.0,1257598500.0,1800.0,134253.0,1.34,A035250
330,2013-04-30,31200,31500,31050,31150,464012,14533222000,0.48,325144050.0,58000.0,-2060465500.0,1735263450.0,8030.0,464012.0,1.73,A035250
331,2013-05-02,31000,31500,30400,30750,363534,11318110900,-1.28,-1031548000.0,126842000.0,-1818712750.0,2723418750.0,8110.0,363534.0,2.23,A035250
332,2013-05-03,30500,30700,30000,30500,331114,10039994350,-0.81,-1515634000.0,-150250000.0,-1612951000.0,3278835000.0,0.0,331114.0,0.0,A035250
333,2013-05-06,30600,31150,30350,30550,369688,11363777900,0.16,-115087000.0,18249000.0,107430850.0,-10592850.0,18580.0,369688.0,5.03,A035250
334,2013-05-07,30850,31200,30700,31100,312839,9714079000,1.8,2065931500.0,0.0,-2497080000.0,431148500.0,2980.0,312839.0,0.95,A035250
335,2013-05-08,30900,31350,30900,31200,223477,6964858400,0.32,1015458600.0,-8736000.0,-449366200.0,-557356400.0,3640.0,223477.0,1.63,A035250
336,2013-05-09,31350,32650,31250,32600,650791,20933306100,4.49,482845100.0,285064500.0,-8636136600.0,7868227000.0,6950.0,650791.0,1.07,A035250
337,2013-05-10,32700,33100,31550,31650,436246,14089609750,-2.91,948923550.0,-173211500.0,1361493950.0,-2137206000.0,33650.0,436246.0,7.71,A035250
338,2013-05-13,31600,32950,31100,32750,453875,14708685300,3.48,4397383500.0,36143000.0,-2818596000.0,-1614930500.0,8940.0,453875.0,1.97,A035250
339,2013-05-14,32950,33600,32650,32750,456239,15098224450,0.0,3180256500.0,31086500.0,-1493684250.0,-1717658750.0,31060.0,456239.0,6.81,A035250
340,2013-05-15,32750,32950,31350,31800,508252,16181690050,-2.9,566932900.0,-220433500.0,5778238600.0,-6124738000.0,19810.0,508252.0,3.9,A035250
341,2013-05-16,32000,33600,32000,33600,617865,20484884000,5.66,3246447500.0,85733000.0,-10434882500.0,7102702000.0,35018.0,617865.0,5.67,A035250
342,2013-05-20,33850,34150,33500,33500,494835,16745008450,-0.3,-3331005500.0,-33046500.0,2285151000.0,1078901000.0,21912.0,494835.0,4.43,A035250
343,2013-05-21,33900,33900,33200,33500,257436,8622108350,0.0,-1803387000.0,-47974500.0,867081500.0,984280000.0,5080.0,257436.0,1.97,A035250
344,2013-05-22,33500,33850,32600,32600,513988,16873943200,-2.69,-5089148200.0,27552000.0,5477790200.0,-416194000.0,5770.0,513988.0,1.12,A035250
345,2013-05-23,32800,33550,32700,33350,361418,12057158600,2.3,-2708925000.0,-37378000.0,-4392273000.0,7138576000.0,5180.0,361418.0,1.43,A035250
346,2013-05-24,33700,33800,33050,33500,297793,9927579500,0.45,-1325111500.0,3996000.0,-1117400000.0,2438515500.0,6020.0,297793.0,2.02,A035250
347,2013-05-27,33700,33800,33100,33350,131132,4362122300,-0.45,-222434100.0,-7309500.0,281495600.0,-51752000.0,12180.0,131132.0,9.29,A035250
348,2013-05-28,33700,35250,33350,35200,883570,30797076450,5.55,-1445306850.0,-297845500.0,-3802853350.0,5546005700.0,29140.0,883570.0,3.3,A035250
349,2013-05-29,35600,36100,34750,34800,880674,31072856900,-1.14,-8576544000.0,35012000.0,3055633000.0,5485899000.0,62040.0,880674.0,7.04,A035250
350,2013-05-30,34800,37000,34800,34900,903899,32160437300,0.29,-8682936500.0,243977500.0,5315174400.0,3123784600.0,36441.0,903899.0,4.03,A035250
351,2013-05-31,35800,35900,34750,34750,936793,33008427250,-0.43,-14017901500.0,-34937500.0,902197500.0,13150641500.0,10990.0,936793.0,1.17,A035250
352,2013-06-03,35250,35650,34250,34500,351838,12225338950,-0.72,-3512392500.0,53488000.0,1536428000.0,1922476500.0,10029.0,351838.0,2.85,A035250
353,2013-06-04,34950,34950,33350,33750,654197,22159804420,-2.17,-3846847000.0,212409000.0,4564918750.0,-930480750.0,6670.0,654197.0,1.02,A035250
354,2013-06-05,33800,34050,33150,34000,462116,15548440800,0.74,-2303793000.0,-46063000.0,14610500.0,2335245500.0,13440.0,462116.0,2.91,A035250
355,2013-06-07,33450,34300,33200,33650,339129,11381789850,-1.03,1992124550.0,42428500.0,-253515100.0,-1781037950.0,12190.0,339129.0,3.59,A035250
356,2013-06-10,33900,34800,33750,34050,464314,15924934000,1.19,-220379050.0,12998500.0,374014750.0,-166634200.0,17840.0,464314.0,3.84,A035250
357,2013-06-11,34300,34300,32750,33300,512744,17075511350,-2.2,1422567000.0,-86291000.0,1369315600.0,-2705591600.0,360.0,512744.0,0.07,A035250
358,2013-06-12,33300,34100,33150,33950,379684,12853405350,1.95,-2647666000.0,-37810500.0,-2798152000.0,5483628500.0,8630.0,379684.0,2.27,A035250
359,2013-06-13,34150,34450,32900,32900,535724,17856307650,-3.09,1527874800.0,216998000.0,2891950200.0,-4636823000.0,1920.0,535724.0,0.36,A035250
360,2013-06-14,33250,33400,32800,33350,229040,7589178700,1.37,-198752900.0,15069000.0,-1951158350.0,2134842250.0,2800.0,229040.0,1.22,A035250
361,2013-06-17,33100,33100,31500,32650,367744,11876301900,-2.1,3010679150.0,606373000.0,-1118437150.0,-2498615000.0,1720.0,367744.0,0.47,A035250
362,2013-06-18,32900,32900,32000,32650,269713,8800215900,0.0,4863493300.0,-186581000.0,-294184900.0,-4382727400.0,5240.0,269713.0,1.94,A035250
363,2013-06-19,32200,32450,31800,32350,356491,11434784350,-0.92,792774050.0,-897300.0,-587389250.0,-204487500.0,100.0,356491.0,0.03,A035250
364,2013-06-20,32350,32500,31200,31550,233287,7380964450,-2.47,2093506200.0,39788500.0,1143229200.0,-3276523900.0,747.0,233287.0,0.32,A035250
365,2013-06-21,30200,31300,30200,31100,455847,14144768200,-1.43,2723563300.0,-12740500.0,-605400450.0,-2105422350.0,1680.0,455847.0,0.37,A035250
366,2013-06-24,30800,31300,30000,30100,341111,10342213000,-3.22,-396753100.0,82121000.0,906853800.0,-592221700.0,910.0,341111.0,0.27,A035250
367,2013-06-25,29650,30500,29650,29950,383355,11502945200,-0.5,1643467850.0,3028500.0,-1284464650.0,-362031700.0,2120.0,383355.0,0.55,A035250
368,2013-06-26,30150,30850,30050,30550,373923,11394169650,2.0,-603295450.0,358719000.0,1227715200.0,-983138750.0,3360.0,373923.0,0.9,A035250
369,2013-06-27,30950,31300,30550,31000,364302,11298697950,1.47,-325100500.0,-620000.0,345163500.0,-19443000.0,1800.0,364302.0,0.49,A035250
370,2013-06-28,31000,32200,30950,31600,532071,16825087100,1.94,-326999500.0,101325000.0,136405900.0,89268600.0,1690.0,532071.0,0.32,A035250
371,2013-07-01,31000,31750,30800,31250,334066,10467491700,-1.11,1033452000.0,267998500.0,2250535500.0,-3551986000.0,3490.0,334066.0,1.04,A035250
372,2013-07-02,31200,31600,31150,31350,218739,6847817150,0.32,516299650.0,0.0,-22557900.0,-493741750.0,570.0,218739.0,0.26,A035250
373,2013-07-03,31150,31150,30100,30200,549261,16705890750,-3.67,3732649500.0,610331000.0,2258982200.0,-6601962700.0,600.0,549261.0,0.11,A035250
374,2013-07-04,30300,31300,30300,31150,355286,10980256650,3.15,765742000.0,77670500.0,-1861732000.0,1018319500.0,460.0,355286.0,0.13,A035250
375,2013-07-05,31200,31350,30650,30650,330352,10250196350,-1.61,3453465000.0,-1861000.0,1669300500.0,-5120904500.0,780.0,330352.0,0.24,A035250
376,2013-07-08,31050,31400,30800,31000,257821,8020403850,1.14,1370121000.0,15550000.0,-536917500.0,-848753500.0,1350.0,257821.0,0.52,A035250
377,2013-07-09,31000,31200,30400,30850,190988,5868210800,-0.48,938792950.0,14760000.0,1103135050.0,-2056688000.0,123.0,190988.0,0.06,A035250
378,2013-07-10,30800,31800,30650,31800,323035,10138620350,3.08,1908708100.0,148508500.0,-1215902100.0,-841314500.0,4310.0,323035.0,1.33,A035250
379,2013-07-11,31500,32000,31400,31750,473667,15039777850,-0.16,1443916750.0,-54901000.0,1354685750.0,-2743701500.0,2421.0,473667.0,0.51,A035250
380,2013-07-12,31900,31950,31550,31750,262173,8325762650,0.0,62138750.0,-1336000.0,961706250.0,-1022509000.0,1357.0,262173.0,0.52,A035250
381,2013-07-15,31600,31600,28700,29200,2755389,80505284850,-8.03,-13204549100.0,-2168517900.0,20262188500.0,-4889121500.0,268537.0,2755389.0,9.75,A035250
382,2013-07-16,29150,29300,28450,28550,1551385,44543511950,-2.23,-2778325800.0,80027500.0,10236019800.0,-7537721500.0,86575.0,1551385.0,5.58,A035250
383,2013-07-17,28900,29400,28550,29200,1100594,31916155250,2.28,4313657300.0,-24974000.0,-620510300.0,-3668173000.0,10361.0,1100594.0,0.94,A035250
384,2013-07-18,29300,29500,28800,28900,699895,20354081600,-1.03,360235500.0,23172000.0,5018951000.0,-5402358500.0,13190.0,699895.0,1.88,A035250
385,2013-07-19,28900,29200,28750,29100,497394,14426489600,0.69,1109146800.0,85277500.0,-563234600.0,-631189700.0,10700.0,497394.0,2.15,A035250
386,2013-07-22,29300,29400,28550,28550,616713,17779309500,-1.89,2142926000.0,39163500.0,6421620000.0,-8603709500.0,11250.0,616713.0,1.82,A035250
387,2013-07-23,28500,29000,28500,28750,627620,18032521600,0.7,1423130000.0,-8915000.0,2733943000.0,-4148158000.0,949.0,627620.0,0.15,A035250
388,2013-07-24,28800,28950,28400,28400,777418,22179180750,-1.22,2106749100.0,-220005000.0,8124441900.0,-10011186000.0,6570.0,777418.0,0.85,A035250
389,2013-07-25,28350,28750,28350,28550,334606,9525400300,0.53,-935000.0,-53179500.0,-294590900.0,348705400.0,13593.0,334606.0,4.06,A035250
390,2013-07-26,28550,28750,28350,28750,568193,16223531400,0.7,1175767750.0,17010000.0,1483758000.0,-2676535750.0,3360.0,568193.0,0.59,A035250
391,2013-07-29,28800,28800,28000,28200,771934,21803615000,-1.91,-339735600.0,-11250000.0,3352410600.0,-3001425000.0,16310.0,771934.0,2.11,A035250
392,2013-07-30,28100,28450,28050,28350,410307,11611558700,0.53,1986424050.0,0.0,-957895050.0,-1028529000.0,1630.0,410307.0,0.4,A035250
393,2013-07-31,28300,28800,28300,28600,600411,17166849250,0.88,-1247338200.0,0.0,951763000.0,295575200.0,5070.0,600411.0,0.84,A035250
394,2013-08-01,28450,28600,27900,28450,512377,14505591650,-0.52,1774291550.0,-19770000.0,994597400.0,-2749118950.0,86960.0,512377.0,16.97,A035250
395,2013-08-02,28650,28700,28400,28550,421307,12012958600,0.35,1806997000.0,22800000.0,409422100.0,-2239219100.0,23480.0,421307.0,5.57,A035250
396,2013-08-05,28500,28550,28350,28400,185970,5287366700,-0.53,916497300.0,7093500.0,-1418612300.0,495021500.0,13270.0,185970.0,7.14,A035250
397,2013-08-06,28500,28600,28050,28100,282730,7971475100,-1.06,570098700.0,60960000.0,2552517800.0,-3183576500.0,5520.0,282730.0,1.95,A035250
398,2013-08-07,28000,28350,27950,28100,253046,7131592100,0.0,-1152527800.0,-25535000.0,-223928700.0,1401991500.0,10390.0,253046.0,4.11,A035250
399,2013-08-08,28100,28500,27900,28150,308553,8710936950,0.18,1604910500.0,-525226000.0,-645782200.0,-433902300.0,1330.0,308553.0,0.43,A035250
400,2013-08-09,28100,28700,28000,28300,383224,10889346650,0.53,868841700.0,-2850000.0,-1448349700.0,582358000.0,4460.0,383224.0,1.16,A035250
401,2013-08-12,28150,28600,28000,28150,355946,10064059100,-0.53,2599509500.0,9875000.0,-1769827000.0,-839557500.0,3680.0,355946.0,1.03,A035250
402,2013-08-13,28300,28500,27750,28250,497279,13940615250,0.36,-51760750.0,174087500.0,2668257250.0,-2790584000.0,89930.0,497279.0,18.08,A035250
403,2013-08-14,28200,28200,27700,27700,428854,11918711850,-1.95,-1107759500.0,5550000.0,5796747200.0,-4694537700.0,34500.0,428854.0,8.04,A035250
404,2013-08-16,27250,27800,27250,27550,317750,8755985800,-0.54,1573996550.0,552000.0,27994950.0,-1602543500.0,44880.0,317750.0,14.12,A035250
405,2013-08-19,27700,28000,27350,27950,317152,8823599900,1.45,2492503500.0,-87413000.0,-2030936000.0,-374154500.0,38750.0,317152.0,12.22,A035250
406,2013-08-20,27600,27950,27050,27150,461578,12618993200,-2.86,-551762200.0,-93195000.0,5198192700.0,-4553235500.0,22400.0,461578.0,4.85,A035250
407,2013-08-21,27050,27200,26000,26200,600250,15825968250,-3.5,679414000.0,-57806800.0,2661343000.0,-3282950200.0,3480.0,600250.0,0.58,A035250
408,2013-08-22,25900,26450,25750,26100,459599,12051190250,-0.38,1676492000.0,-108290000.0,-1043097800.0,-525104200.0,59380.0,459599.0,12.92,A035250
409,2013-08-23,25900,26500,25800,26450,460133,12060004450,1.34,2695351550.0,-151727000.0,-172681450.0,-2370943100.0,27020.0,460133.0,5.87,A035250
410,2013-08-26,26100,26900,26050,26900,246567,6554205850,1.7,839001100.0,8528000.0,-485041600.0,-362487500.0,3210.0,246567.0,1.3,A035250
411,2013-08-27,26600,26900,26500,26550,241037,6431979100,-1.3,2641460650.0,-1590500.0,311001350.0,-2950871500.0,9680.0,241037.0,4.02,A035250
412,2013-08-28,26250,27050,26200,26650,794051,22659899542,0.38,17289141542.0,-14999290992.0,-248382050.0,-2041468500.0,15570.0,794051.0,1.96,A035250
413,2013-08-29,27000,27200,26700,26950,426017,11504730400,1.13,2942555400.0,-9480000.0,-392795200.0,-2540280200.0,2870.0,426017.0,0.67,A035250
414,2013-08-30,26900,27750,26850,27700,512244,14129210300,2.78,4008232100.0,-56938000.0,-3430456700.0,-520837400.0,5067.0,512244.0,0.99,A035250
415,2013-09-02,27800,28350,27550,28100,419253,11788378950,1.44,5725800000.0,-194753000.0,-2701422000.0,-2829625000.0,32420.0,419253.0,7.73,A035250
416,2013-09-03,28200,28350,28000,28100,312323,8799807300,0.0,3462286500.0,-244231500.0,-1175192500.0,-2042862500.0,27274.0,312323.0,8.73,A035250
417,2013-09-04,28100,28200,27800,28050,294870,8270823750,-0.18,2313213950.0,4770000.0,461232550.0,-2779216500.0,32772.0,294870.0,11.11,A035250
418,2013-09-05,28100,28400,27950,28000,368108,10360793900,-0.18,319933000.0,112250000.0,656215500.0,-1088398500.0,379.0,368108.0,0.1,A035250
419,2013-09-06,27950,28300,27850,28200,285569,8036290400,0.71,429351700.0,194232500.0,-804537500.0,180953300.0,694.0,285569.0,0.24,A035250
420,2013-09-09,28100,28350,27950,28300,277080,7810937950,0.35,-364340900.0,560500.0,108629400.0,255151000.0,9100.0,277080.0,3.28,A035250
421,2013-09-10,28100,28600,28100,28550,369368,10498000400,0.88,84033450.0,-15627000.0,-1520076950.0,1451670500.0,15501.0,369368.0,4.2,A035250
422,2013-09-11,28450,28700,28350,28700,305968,8736785950,0.53,787580600.0,19482000.0,-1582584100.0,775521500.0,12340.0,305968.0,4.03,A035250
423,2013-09-12,28750,29450,28500,29250,664555,19368052950,1.92,1395111000.0,-4818500.0,-5795836000.0,4405543500.0,24270.0,664555.0,3.65,A035250
424,2013-09-13,29000,29400,28850,29000,253193,7374747250,-0.85,641298500.0,-16899500.0,-755686000.0,131287000.0,38585.0,253193.0,15.24,A035250
425,2013-09-16,29200,29200,28850,29100,192616,5585075950,0.34,550736000.0,-11305000.0,-508860700.0,-30570300.0,29820.0,192616.0,15.48,A035250
426,2013-09-17,29200,29400,29000,29400,318509,9310272100,1.03,1489677300.0,-366215000.0,-2005731000.0,882268700.0,30360.0,318509.0,9.53,A035250
427,2013-09-23,29900,29950,28500,29100,561747,16349220500,-1.02,-1747307500.0,-81538500.0,1680428000.0,148418000.0,41592.0,561747.0,7.4,A035250
428,2013-09-24,28800,29100,28200,28350,594145,16933462350,-2.58,1880129450.0,168577500.0,5401652700.0,-7450359650.0,21120.0,594145.0,3.55,A035250
429,2013-09-25,28450,28600,28350,28600,392969,11200970500,0.88,-115858600.0,0.0,273190000.0,-157331400.0,6740.0,392969.0,1.72,A035250
430,2013-09-26,28250,28950,28150,28650,367639,10536354000,0.17,2661226750.0,21108000.0,-1467836750.0,-1214498000.0,9000.0,367639.0,2.45,A035250
431,2013-09-27,29000,29000,28500,28500,384944,11042316200,-0.52,-1911184000.0,855000.0,2012496000.0,-102167000.0,3590.0,384944.0,0.93,A035250
432,2013-09-30,28500,28700,28050,28500,352506,10026923550,0.0,848673000.0,-29303500.0,-84134000.0,-735235500.0,10500.0,352506.0,2.98,A035250
433,2013-10-01,28150,28450,28050,28150,340584,9606651800,-1.23,828670500.0,2540000.0,844357500.0,-1675568000.0,5240.0,340584.0,1.54,A035250
434,2013-10-02,28150,28350,28050,28100,311253,8769690800,-0.18,1264733400.0,447434500.0,198938000.0,-1911105900.0,5880.0,311253.0,1.89,A035250
435,2013-10-04,27900,28650,27850,28350,407278,11538017750,0.89,2149604550.0,0.0,-677053550.0,-1472551000.0,3020.0,407278.0,0.74,A035250
436,2013-10-07,28150,28600,27750,28000,392048,10993299000,-1.23,-386426500.0,-26845000.0,1750141000.0,-1336869500.0,4090.0,392048.0,1.04,A035250
437,2013-10-08,28000,28200,27450,28200,508616,14093717500,0.71,-4190886500.0,6463500.0,1485465000.0,2698958000.0,4880.0,508616.0,0.96,A035250
438,2013-10-10,28200,28350,27850,28000,561520,15762272000,-0.71,5295238500.0,477015500.0,2129149000.0,-7901403000.0,3110.0,561520.0,0.55,A035250
439,2013-10-11,28250,28700,28200,28650,562339,16068154250,2.32,4480377150.0,94409500.0,-1998458650.0,-2576328000.0,1880.0,562339.0,0.33,A035250
440,2013-10-14,28700,28850,28200,28200,269027,7662276050,-1.57,113000600.0,-6309500.0,1913252400.0,-2019943500.0,9440.0,269027.0,3.51,A035250
441,2013-10-15,28350,29350,28250,29300,763623,22147786600,3.9,4492044200.0,114771500.0,-4656969000.0,50153300.0,18670.0,763623.0,2.44,A035250
442,2013-10-16,29200,29400,28800,29200,513903,14963480350,-0.34,1087588400.0,180399500.0,-23549400.0,-1244438500.0,11970.0,513903.0,2.33,A035250
443,2013-10-17,29400,29500,29000,29500,371128,10884702750,1.03,2362888700.0,-157689000.0,-3586628700.0,1381429000.0,4640.0,371128.0,1.25,A035250
444,2013-10-18,29500,29900,29300,29550,314634,9303451900,0.17,239649650.0,3279000.0,-993618650.0,750690000.0,16790.0,314634.0,5.34,A035250
445,2013-10-21,29450,29900,29400,29750,350746,10427328050,0.68,3047437500.0,51779000.0,-2168843500.0,-930373000.0,4750.0,350746.0,1.35,A035250
446,2013-10-22,29850,30000,29400,29850,420721,12554271200,0.34,-874247150.0,-16662000.0,-2833696650.0,3724605800.0,4690.0,420721.0,1.11,A035250
447,2013-10-23,29700,29950,29300,29950,472636,14041857700,0.34,3163329800.0,-103006000.0,-3285599300.0,225275500.0,5570.0,472636.0,1.18,A035250
448,2013-10-24,30000,30150,29700,30100,329233,9841347300,0.5,2049801300.0,-2400000.0,-1087775300.0,-959626000.0,18670.0,329233.0,5.67,A035250
449,2013-10-25,30150,30200,29850,30200,216905,6512516300,0.33,402893500.0,0.0,-1396489500.0,993596000.0,7380.0,216905.0,3.4,A035250
450,2013-10-28,30150,30300,29450,29700,233513,6957300350,-1.66,-255149000.0,-6841500.0,916560500.0,-654570000.0,17130.0,233513.0,7.34,A035250
451,2013-10-29,29700,30000,29200,29800,300458,8900608900,0.34,157209500.0,-226566500.0,-2029640000.0,2098997000.0,27370.0,300458.0,9.11,A035250
452,2013-10-30,29800,29850,29400,29550,250285,7391309250,-0.84,-113980350.0,67220000.0,517602350.0,-470842000.0,54590.0,250285.0,21.81,A035250
453,2013-10-31,29300,29750,29150,29150,283821,8333033300,-1.35,1431519900.0,-6229500.0,189226600.0,-1614517000.0,3370.0,283821.0,1.19,A035250
454,2013-11-01,29300,30400,29300,30350,851524,25524437800,4.12,9618692550.0,565339000.0,-7221579700.0,-2962451850.0,7890.0,851524.0,0.93,A035250
455,2013-11-04,30450,31000,30100,30800,751709,23094298850,1.48,11069038400.0,-29168500.0,-1766549400.0,-9273320500.0,35810.0,751709.0,4.76,A035250
456,2013-11-05,31000,32500,30800,32500,1166273,37283523000,5.52,17411101000.0,734906500.0,-16814498000.0,-1331509500.0,57030.0,1166273.0,4.89,A035250
457,2013-11-06,32150,32350,31550,32250,929070,29725186700,-0.77,5915220250.0,132362000.0,41750250.0,-6089332500.0,98930.0,929070.0,10.65,A035250
458,2013-11-07,31800,32200,31800,32000,446860,14294693750,-0.78,1440565000.0,-28617000.0,-100274000.0,-1311674000.0,20530.0,446860.0,4.59,A035250
459,2013-11-08,31800,32000,31050,31050,594222,18740723550,-2.97,1519353650.0,-22821950.0,917405950.0,-2413937650.0,54530.0,594222.0,9.18,A035250
460,2013-11-11,31600,32500,31600,32300,847933,27233698300,4.03,7007210200.0,727585500.0,-6593363200.0,-1141432500.0,17131.0,847933.0,2.02,A035250
461,2013-11-12,32300,32500,31450,32100,649710,20785117650,-0.62,5499609700.0,128344500.0,-96899200.0,-5531055000.0,42870.0,649710.0,6.6,A035250
462,2013-11-13,32100,32300,31600,32200,380608,12162521750,0.31,-604287500.0,-322000.0,-664893000.0,1269502500.0,15750.0,380608.0,4.14,A035250
463,2013-11-14,31950,32500,31950,32150,495697,16018132500,-0.16,1178016550.0,58643000.0,-481421800.0,-755237750.0,25510.0,495697.0,5.15,A035250
464,2013-11-15,31550,32550,31550,32500,395938,12723936450,1.09,-743724400.0,7628500.0,-2636871600.0,3372967500.0,8940.0,395938.0,2.26,A035250
465,2013-11-18,32500,32500,31650,31750,311025,9941740900,-2.31,-28288500.0,-264162000.0,779160500.0,-486710000.0,11102.0,311025.0,3.57,A035250
466,2013-11-19,31700,33600,31650,32900,829259,27375611600,3.62,-648809700.0,-1603500.0,-6916109800.0,7566523000.0,17820.0,829259.0,2.15,A035250
467,2013-11-20,32900,33200,32200,32700,358686,11718155050,-0.61,-120147700.0,22138000.0,1528573700.0,-1430564000.0,56720.0,358686.0,15.81,A035250
468,2013-11-21,32700,32700,31800,32200,377730,12156368650,-1.53,580804200.0,360654000.0,1458523000.0,-2399981200.0,10970.0,377730.0,2.9,A035250
469,2013-11-22,32450,32850,31600,32700,369618,11929057550,1.55,6277717600.0,-69259200.0,-633517000.0,-5574941400.0,19090.0,369618.0,5.16,A035250
470,2013-11-25,32950,32950,31700,31700,550390,17659412100,-3.06,2053377600.0,10370500.0,6082008900.0,-8145757000.0,10130.0,550390.0,1.84,A035250
471,2013-11-26,31800,32200,31250,32000,383960,12236426850,0.95,568304000.0,15825000.0,-809092000.0,224963000.0,12713.0,383960.0,3.31,A035250
472,2013-11-27,32000,32550,31750,32500,293183,9452089850,1.56,1156014500.0,-649000.0,-1140162000.0,-15203500.0,18670.0,293183.0,6.37,A035250
473,2013-11-28,32600,32800,32450,32500,295805,9636566150,0.0,1742087250.0,-59493000.0,-769272750.0,-913321500.0,3760.0,295805.0,1.27,A035250
474,2013-11-29,32400,33200,32250,33200,346856,11410926500,2.15,1657222600.0,66724500.0,-2143628600.0,419681500.0,10420.0,346856.0,3.0,A035250
475,2013-12-02,32850,33200,32700,33000,284350,9375715000,-0.6,1189463500.0,-16115000.0,1046614500.0,-2219963000.0,27270.0,284350.0,9.59,A035250
476,2013-12-03,32900,33050,32100,32250,338935,11026009150,-2.27,1534831000.0,48726500.0,2288867000.0,-3872424500.0,15760.0,338935.0,4.65,A035250
477,2013-12-04,32150,32550,31750,31900,222103,7122780950,-1.09,133033900.0,235565500.0,729829100.0,-1098428500.0,10870.0,222103.0,4.89,A035250
478,2013-12-05,31900,32150,31250,31650,405615,12832271550,-0.78,1456192050.0,-61179000.0,1721564950.0,-3116578000.0,10850.0,405615.0,2.67,A035250
479,2013-12-06,31650,31650,31250,31300,306262,9621535000,-1.11,1252192000.0,104893500.0,1407768000.0,-2764853500.0,10050.0,306262.0,3.28,A035250
480,2013-12-09,31900,32450,31650,32000,333845,10715604200,2.24,275394000.0,-85817000.0,-1703491500.0,1513914500.0,11231.0,333845.0,3.36,A035250
481,2013-12-10,32500,32500,31450,31500,363927,11500507500,-1.56,2405102000.0,5165000.0,2315616000.0,-4725883000.0,11400.0,363927.0,3.13,A035250
482,2013-12-11,31250,31600,30650,31000,743041,23129678950,-1.59,-686833500.0,-9833000.0,1036779500.0,-340113000.0,11310.0,743041.0,1.52,A035250
483,2013-12-12,30900,31400,30600,30900,511505,15882522900,-0.32,3008547900.0,-3819500.0,203289000.0,-3208017400.0,10610.0,511505.0,2.07,A035250
484,2013-12-13,31050,31350,30650,31350,402978,12550498500,1.46,1501470450.0,-102638000.0,-906443050.0,-492389400.0,21693.0,402978.0,5.38,A035250
485,2013-12-16,31050,31750,31000,31450,397673,12493690850,0.32,2708341000.0,-910000.0,85094250.0,-2792525250.0,14394.0,397673.0,3.62,A035250
486,2013-12-17,31350,32000,31300,31400,302876,9565945050,-0.16,878840000.0,-56476000.0,-386802500.0,-435561500.0,20930.0,302876.0,6.91,A035250
487,2013-12-18,31800,31850,31300,31650,381057,12046084950,0.8,1935985650.0,-95245500.0,-1046731650.0,-794008500.0,16630.0,381057.0,4.36,A035250
488,2013-12-19,32000,32000,31300,31450,278616,8776409500,-0.63,-185229600.0,-5666000.0,-70251900.0,261147500.0,12170.0,278616.0,4.37,A035250
489,2013-12-20,31050,31450,30800,31050,493025,15286543250,-1.27,71665400.0,-225942500.0,1180505950.0,-1026228850.0,17310.0,493025.0,3.51,A035250
490,2013-12-23,31150,31650,31050,31400,397741,12456063250,1.13,1181552100.0,12635000.0,-1653619600.0,459432500.0,5210.0,397741.0,1.31,A035250
491,2013-12-24,31150,31450,31150,31300,366534,11475100200,-0.32,3666674300.0,21566500.0,-290903300.0,-3397337500.0,1050.0,366534.0,0.29,A035250
492,2013-12-26,31600,31900,31250,31350,447827,14061847400,0.16,3342017800.0,15675000.0,-1626437300.0,-1731255500.0,2660.0,447827.0,0.59,A035250
493,2013-12-27,31000,31100,30550,30950,419943,12931360950,-1.28,-1080374400.0,-1722000.0,517305400.0,564791000.0,5046.0,419943.0,1.2,A035250
494,2013-12-30,31000,31000,30500,30950,374906,11530013850,0.0,-1199748100.0,-952340000.0,-1107674400.0,3259762500.0,11680.0,374906.0,3.12,A035250
495,2014-01-02,31000,31300,30700,30850,418935,12954521950,-0.32,2834572000.0,-8618000.0,-1209840250.0,-1616113750.0,7270.0,418935.0,1.74,A035250
496,2014-01-03,31000,31050,30300,30600,485950,14911149050,-0.81,5858696800.0,2639000.0,-156538300.0,-5704797500.0,8920.0,485950.0,1.84,A035250
497,2014-01-06,31200,33200,31200,33150,1267673,41121905700,8.33,19443028350.0,-246026500.0,-19151830650.0,-45171200.0,53150.0,1267673.0,4.19,A035250
498,2014-01-07,33100,33150,32250,32350,628930,20594354500,-2.41,6091964050.0,-9915000.0,1940644450.0,-8022693500.0,107240.0,628930.0,17.05,A035250
499,2014-01-08,32400,34250,32400,33450,930192,31207037500,3.4,5315172000.0,276598500.0,-4626765750.0,-965004750.0,67470.0,930192.0,7.25,A035250
500,2014-01-09,33450,33450,32550,32700,628734,20666110000,-2.24,3161651500.0,45592000.0,2672245000.0,-5879488500.0,31560.0,628734.0,5.02,A035250
501,2014-01-10,32600,33450,32200,33200,378921,12425203050,1.53,3041737400.0,60044000.0,-2452809900.0,-648971500.0,27531.0,378921.0,7.27,A035250
502,2014-01-13,33100,33950,32700,33050,350847,11659667300,-0.45,2236252650.0,82355500.0,396765650.0,-2715373800.0,22920.0,350847.0,6.53,A035250
503,2014-01-14,32850,33150,32450,32550,238669,7795679200,-1.51,1266745400.0,16683000.0,1443311100.0,-2726739500.0,8836.0,238669.0,3.7,A035250
504,2014-01-15,32750,33100,32450,33000,190390,6250750750,1.38,225319000.0,42383500.0,-1248756350.0,981053850.0,6370.0,190390.0,3.35,A035250
505,2014-01-16,33000,33650,32550,33400,301009,9954625100,1.21,4045804900.0,16999500.0,-1586091300.0,-2476713100.0,19340.0,301009.0,6.43,A035250
506,2014-01-17,33700,33900,33100,33600,303733,10188864500,0.6,3605444700.0,494964000.0,-858554200.0,-3241854500.0,23560.0,303733.0,7.76,A035250
507,2014-01-20,33400,33750,32850,33750,215584,7208641400,0.45,3054955750.0,23280000.0,-986481000.0,-2091754750.0,2931.0,215584.0,1.36,A035250
508,2014-01-21,33950,33950,33400,33700,266322,8986948050,-0.15,2374836900.0,61242500.0,-1957852900.0,-478226500.0,11680.0,266322.0,4.39,A035250
509,2014-01-22,33750,33950,33000,33200,285803,9558728080,-1.48,625566300.0,-19841500.0,864620200.0,-1470345000.0,2890.0,285803.0,1.01,A035250
510,2014-01-23,33350,34000,32750,34000,422313,14201353950,2.41,4938843000.0,97235500.0,-4997260000.0,-38818500.0,40310.0,422313.0,9.55,A035250
511,2014-01-24,33900,34300,33350,34300,365833,12395994400,0.88,5827799900.0,542489500.0,-1628888200.0,-4741401200.0,55310.0,365833.0,15.12,A035250
512,2014-01-27,34100,34300,33350,33600,373633,12668857400,-2.04,2356101000.0,72675500.0,-7555200.0,-2421221300.0,58170.0,373633.0,15.57,A035250
513,2014-01-28,33750,34700,33150,34350,379822,12923064700,2.23,2012297700.0,251181500.0,-2854249400.0,590770200.0,22310.0,379822.0,5.87,A035250
514,2014-01-29,34500,35000,33850,33850,419366,14407660950,-1.46,3269126800.0,-29857000.0,676008700.0,-3915278500.0,17700.0,419366.0,4.22,A035250
515,2014-02-03,33900,34500,33750,33750,412622,14045616300,-0.3,2557973000.0,149511000.0,311821500.0,-3019305500.0,6120.0,412622.0,1.48,A035250
516,2014-02-04,33200,33650,32000,32350,619397,20260348100,-4.15,621475150.0,309880000.0,3329190850.0,-4260546000.0,11580.0,619397.0,1.87,A035250
517,2014-02-05,32600,33350,32400,33000,608928,20045290350,2.01,808356500.0,-72130000.0,-2756888000.0,2020661500.0,11490.0,608928.0,1.89,A035250
518,2014-02-06,32750,33550,32750,33500,283443,9451111150,1.52,-526848000.0,-412665500.0,-756182000.0,1695695500.0,4780.0,283443.0,1.69,A035250
519,2014-02-07,33750,33850,33050,33450,331904,11047706450,-0.15,1791718350.0,8627500.0,776351650.0,-2576697500.0,6911.0,331904.0,2.08,A035250
520,2014-02-10,33600,33600,32400,32500,590098,19256598350,-2.84,-3499872000.0,-158705000.0,5214771000.0,-1556194000.0,3770.0,590098.0,0.64,A035250
521,2014-02-11,32350,32750,32000,32450,339434,11017772150,-0.15,-1262973100.0,-8110500.0,1477170600.0,-206087000.0,1900.0,339434.0,0.56,A035250
522,2014-02-12,32650,33250,32450,32900,398498,13077027550,1.39,-1343855700.0,-2290000.0,-1519046300.0,2865192000.0,5580.0,398498.0,1.4,A035250
523,2014-02-13,32900,32900,32050,32350,280880,9130259450,-1.67,977884000.0,-59524000.0,1132373500.0,-2050733500.0,5040.0,280880.0,1.79,A035250
524,2014-02-14,32350,33200,32300,32800,411310,13502080200,1.39,-3951444900.0,811204500.0,-636597600.0,3776838000.0,3110.0,411310.0,0.76,A035250
525,2014-02-17,32800,32950,31850,32500,663716,21378949200,-0.91,2574196000.0,-594103000.0,2539916000.0,-4520009000.0,54840.0,663716.0,8.26,A035250
526,2014-02-18,32100,32300,31850,32000,285865,9167133200,-1.54,969876000.0,-94064000.0,1439274000.0,-2315086000.0,8670.0,285865.0,3.03,A035250
527,2014-02-19,31750,31800,30900,31400,558524,17500055000,-1.88,1227061000.0,-284763500.0,468734300.0,-1411031800.0,64358.0,558524.0,11.52,A035250
528,2014-02-20,31200,31600,31100,31550,248389,7791216800,0.48,519110100.0,5016000.0,381583900.0,-905710000.0,36781.0,248389.0,14.81,A035250
529,2014-02-21,31400,32250,31300,32250,406629,12942354850,2.22,2519803500.0,20786500.0,-4032911000.0,1492321000.0,27024.0,406629.0,6.65,A035250
530,2014-02-24,32100,32100,31200,31250,288677,9106423750,-3.1,-589111500.0,10156000.0,4704882500.0,-4125927000.0,7950.0,288677.0,2.75,A035250
531,2014-02-25,31550,31850,31200,31600,399071,12567562600,1.12,1541182900.0,-351030500.0,-1682339400.0,492187000.0,5360.0,399071.0,1.34,A035250
532,2014-02-26,31400,32000,31400,31900,419834,13313316150,0.95,434495200.0,-30225000.0,-2231977200.0,1827707000.0,3980.0,419834.0,0.95,A035250
533,2014-02-27,31650,31850,31000,31350,436345,13670937900,-1.72,-848184150.0,-40705500.0,1549842650.0,-660953000.0,2730.0,436345.0,0.63,A035250
534,2014-02-28,31350,31900,31300,31900,652244,20672288350,1.75,1204331900.0,-54952000.0,-3664049600.0,2514669700.0,9170.0,652244.0,1.41,A035250
535,2014-03-03,31450,31750,30950,31100,438795,13684120200,-2.51,-2829167700.0,89245000.0,5766529700.0,-3026607000.0,11760.0,438795.0,2.68,A035250
536,2014-03-04,31000,31250,30600,31050,417782,12914291550,-0.16,329955150.0,-716920000.0,1123896350.0,-736931500.0,12260.0,417782.0,2.93,A035250
537,2014-03-05,31250,31300,30600,30700,378534,11697630300,-1.13,-443573300.0,-51112000.0,1926844800.0,-1432159500.0,590.0,378534.0,0.16,A035250
538,2014-03-06,30950,31650,30900,31350,736079,23090032750,2.12,7637521750.0,359494500.0,2896983500.0,-10893999750.0,665.0,736079.0,0.09,A035250
539,2014-03-07,31600,31700,30850,31100,460139,14346532050,-0.8,2569910000.0,-56540000.0,4136543200.0,-6649913200.0,710.0,460139.0,0.15,A035250
540,2014-03-10,31150,31150,30100,30250,673837,20534847650,-2.73,-1910577250.0,73449500.0,3973587000.0,-2136459250.0,2450.0,673837.0,0.36,A035250
541,2014-03-11,30650,31950,30550,31950,797326,25009623770,5.62,6699031720.0,111169000.0,-5726022850.0,-1084177870.0,9160.0,797326.0,1.15,A035250
542,2014-03-12,31650,32150,31500,31750,479089,15274168950,-0.63,4315317250.0,107616500.0,-1813939000.0,-2608994750.0,11390.0,479089.0,2.38,A035250
543,2014-03-13,31600,32150,31500,32150,482355,15412086900,1.26,1926246150.0,87907000.0,-1795082150.0,-219071000.0,20690.0,482355.0,4.29,A035250
544,2014-03-14,32000,32050,31300,31300,334875,10608355000,-2.64,2449910500.0,1070000.0,1137238500.0,-3588219000.0,4349.0,334875.0,1.3,A035250
545,2014-03-17,31150,31250,30650,30900,287700,8906458000,-1.28,753572000.0,65708000.0,411258000.0,-1230538000.0,3010.0,287700.0,1.05,A035250
546,2014-03-18,31200,31800,30800,31150,319438,9973457700,0.81,32460250.0,2493500.0,29821750.0,-64775500.0,16610.0,319438.0,5.2,A035250
547,2014-03-19,31250,31450,30650,30850,315039,9721017250,-0.96,621156850.0,44737000.0,-165727350.0,-500166500.0,6200.0,315039.0,1.97,A035250
548,2014-03-20,30700,31000,30300,31000,331126,10119424050,0.49,-2166117500.0,-141111500.0,-747120500.0,3054349500.0,9260.0,331126.0,2.8,A035250
549,2014-03-21,31050,31100,30350,30450,430148,13123349500,-1.77,-1475800300.0,-100609500.0,3054388500.0,-1477978700.0,6450.0,430148.0,1.5,A035250
550,2014-03-24,30550,31000,30450,30900,308487,9467315450,1.48,-1335394300.0,-358342000.0,-862530700.0,2556267000.0,4760.0,308487.0,1.54,A035250
551,2014-03-25,31150,31150,30450,30950,294725,9061305950,0.16,-1954847850.0,9898500.0,336484850.0,1608464500.0,24650.0,294725.0,8.36,A035250
552,2014-03-26,30800,31500,30600,31200,280900,8751964600,0.81,1885450700.0,0.0,-2313299200.0,427848500.0,28340.0,280900.0,10.09,A035250
553,2014-03-27,31300,32000,30800,32000,366737,11579861500,2.56,1604125000.0,-647492500.0,-4570036500.0,3613404000.0,49603.0,366737.0,13.53,A035250
554,2014-03-28,31700,32150,31450,32000,423186,13496739500,0.0,6198134500.0,320073000.0,-1902867500.0,-4615340000.0,82300.0,423186.0,19.45,A035250
555,2014-03-31,31700,31800,30750,31000,420653,13055624000,-3.13,-3291678500.0,-44920000.0,3876350500.0,-539752000.0,54500.0,420653.0,12.96,A035250
556,2014-04-01,30400,31100,30400,30850,425794,13103579650,-0.48,-2767835000.0,-138102000.0,1854916200.0,1051020800.0,36080.0,425794.0,8.47,A035250
557,2014-04-02,30800,31150,30700,30700,331954,10236441650,-0.49,-2758142500.0,144715000.0,963946000.0,1649481500.0,10183.0,331954.0,3.07,A035250
558,2014-04-03,30600,30900,30600,30600,255940,7851403600,-0.33,88477900.0,587697000.0,451033100.0,-1127208000.0,7793.0,255940.0,3.04,A035250
559,2014-04-04,30850,31000,30700,30700,383920,11853372800,0.33,1573996800.0,-69831000.0,-1087171300.0,-416994500.0,11437.0,383920.0,2.98,A035250
560,2014-04-07,30700,31000,30300,30650,235007,7197074150,-0.16,-903964600.0,3404500.0,735548100.0,165012000.0,16580.0,235007.0,7.06,A035250
561,2014-04-08,30800,31150,30600,31000,434205,13435286150,1.14,-1014847500.0,-89738500.0,-2891426000.0,3996012000.0,45945.0,434205.0,10.58,A035250
562,2014-04-09,31150,31300,30700,31200,324145,10047207600,0.65,-1418808500.0,245977500.0,127522500.0,1045308500.0,43210.0,324145.0,13.33,A035250
563,2014-04-10,31450,31450,31000,31050,201423,6288172950,-0.48,373421250.0,0.0,-1051303750.0,677882500.0,12260.0,201423.0,6.09,A035250
564,2014-04-11,30900,31200,30850,31150,220159,6835798850,0.32,1823340500.0,17686000.0,-654046000.0,-1186980500.0,21412.0,220159.0,9.73,A035250
565,2014-04-14,31100,31400,30950,31150,146983,4588171150,0.0,341782350.0,0.0,-1273932350.0,932150000.0,4919.0,146983.0,3.35,A035250
566,2014-04-15,31150,31500,30700,31500,320467,9969725650,1.12,-3816158000.0,0.0,-532871500.0,4349029500.0,24840.0,320467.0,7.75,A035250
567,2014-04-16,31200,31400,30700,30850,263500,8146705900,-2.06,-1980353400.0,-45033000.0,2237240700.0,-211854300.0,22829.0,263500.0,8.66,A035250
568,2014-04-17,30850,31000,30400,30700,281549,8612734250,-0.49,-4258507700.0,609500.0,2449427700.0,1808470500.0,19260.0,281549.0,6.84,A035250
569,2014-04-18,30800,30900,30600,30700,247347,7595980900,0.0,-3486826500.0,-72402500.0,1847833500.0,1711395500.0,6004.0,247347.0,2.43,A035250
570,2014-04-21,30800,30900,30600,30750,100829,3096986850,0.16,-470940750.0,0.0,426654250.0,44286500.0,900.0,100829.0,0.89,A035250
571,2014-04-22,30900,30900,30450,30650,196042,5984894800,-0.33,-1259540400.0,-6100000.0,1896817350.0,-631176950.0,9251.0,196042.0,4.72,A035250
572,2014-04-23,30550,30700,29900,30100,396346,11950915050,-1.79,-2682491600.0,-109346000.0,3149972100.0,-358134500.0,737.0,396346.0,0.19,A035250
573,2014-04-24,30050,30300,29450,29550,413408,12299817600,-1.83,-2649027900.0,5910000.0,1943897400.0,699220500.0,2820.0,413408.0,0.68,A035250
574,2014-04-25,29650,29850,29400,29400,249628,7391227600,-0.51,-1353613300.0,0.0,1152072300.0,201541000.0,790.0,249628.0,0.32,A035250
575,2014-04-28,29700,29800,28750,28800,443523,12869788200,-2.04,-3199493400.0,5780000.0,4855670900.0,-1661957500.0,6062.0,443523.0,1.37,A035250
576,2014-04-29,28800,29050,28700,29000,264534,7642724100,0.69,1066520000.0,-125685500.0,-886176000.0,-54658500.0,1020.0,264534.0,0.39,A035250
577,2014-04-30,29150,29850,29000,29850,507887,15019745400,2.93,-359686300.0,-40598500.0,-2841254200.0,3241539000.0,26510.0,507887.0,5.22,A035250
578,2014-05-02,29500,29900,28800,28900,415213,12035369100,-3.18,-1015270700.0,6091500.0,4700875300.0,-3691696100.0,12000.0,415213.0,2.89,A035250
579,2014-05-07,29050,29250,28600,28800,383394,11104711000,-0.35,-434901300.0,2033601000.0,540936800.0,-2139636500.0,8290.0,383394.0,2.16,A035250
580,2014-05-08,28650,29150,28450,28700,341082,9810497500,-0.35,-101656700.0,499400000.0,1037040900.0,-1434784200.0,35350.0,341082.0,10.36,A035250
581,2014-05-09,28250,29850,27900,29350,882576,25689886550,2.26,-302444550.0,2025611500.0,1756745550.0,-3479912500.0,48050.0,882576.0,5.44,A035250
582,2014-05-12,29600,29650,28650,28650,381479,11132737100,-2.39,-2073102450.0,946067500.0,2258545200.0,-1131510250.0,60490.0,381479.0,15.86,A035250
583,2014-05-13,28750,29100,28600,28700,355385,10247233800,0.17,-2638961100.0,997596500.0,616854100.0,1024510500.0,1038.0,355385.0,0.29,A035250
584,2014-05-14,28550,29650,28550,29650,246550,7233964900,3.31,769931350.0,0.0,-3942971850.0,3173040500.0,11852.0,246550.0,4.81,A035250
585,2014-05-15,29650,30250,29400,30250,372622,11216563100,2.02,-4646607500.0,-319996500.0,-2926146000.0,7892750000.0,27740.0,372622.0,7.44,A035250
586,2014-05-16,29800,30250,29600,30250,304928,9122884300,0.0,-2321746250.0,23166000.0,-364199750.0,2662780000.0,39050.0,304928.0,12.81,A035250
587,2014-05-19,30250,30250,29600,30050,357252,10428013000,-0.66,-2475633600.0,-143639000.0,793513600.0,1825759000.0,25550.0,357252.0,7.15,A035250
588,2014-05-20,29750,30000,29250,29400,322581,9347553800,-2.16,-3172880600.0,382820000.0,1754941600.0,1035119000.0,24603.0,322581.0,7.63,A035250
589,2014-05-21,29150,29700,29150,29700,209299,6158195050,1.02,-2919071200.0,-28273500.0,19016200.0,2928328500.0,36010.0,209299.0,17.21,A035250
590,2014-05-22,29700,30000,29500,29650,193261,5748981700,-0.17,-2149282000.0,-115882000.0,-458629000.0,2723793000.0,23500.0,193261.0,12.16,A035250
591,2014-05-23,29900,30200,29600,30200,275252,8245530350,1.85,-2049717250.0,897000.0,-2283573250.0,4332393500.0,8050.0,275252.0,2.92,A035250
592,2014-05-26,30550,31000,30300,30500,280466,8560888950,0.99,-540661500.0,-362739000.0,-2510146000.0,3413546500.0,10710.0,280466.0,3.82,A035250
593,2014-05-27,30650,30650,29900,30250,183613,5462559750,-0.82,-1969720500.0,-69948000.0,232581000.0,1807087500.0,6090.0,183613.0,3.32,A035250
594,2014-05-28,29900,30600,29900,30600,289495,8808036750,1.16,-531086700.0,-72429000.0,-1992997300.0,2596513000.0,24800.0,289495.0,8.57,A035250
595,2014-05-29,30650,30650,29850,29950,206785,6230969200,-2.12,-590457750.0,-255002500.0,792007250.0,53453000.0,21745.0,206785.0,10.52,A035250
596,2014-05-30,29800,30500,29350,30450,1395400,42232943500,1.67,-6368358000.0,-567764000.0,-922387600.0,7858509600.0,326531.0,1395400.0,23.4,A035250
597,2014-06-02,30050,30300,29800,30150,230510,6907768600,-0.99,-1381583300.0,-284435100.0,28580800.0,1637437600.0,48877.0,230510.0,21.2,A035250
598,2014-06-03,29500,30000,29250,29650,323410,9551041550,-1.66,-1817417450.0,-1420800.0,1460256950.0,358581300.0,50246.0,323410.0,15.54,A035250
599,2014-06-05,29400,29550,28750,29100,470811,13643220600,-1.85,-5424605250.0,-224911650.0,3149973400.0,2499543500.0,18843.0,470811.0,4.0,A035250
600,2014-06-09,29150,29600,29000,29500,265673,7808952514,1.37,-996046950.0,-1468800.0,-458603900.0,1456119650.0,21325.0,265673.0,8.03,A035250
601,2014-06-10,29750,29800,29250,29650,197885,5826424950,0.51,-1919538700.0,0.0,768796500.0,1150742200.0,17840.0,197885.0,9.02,A035250
602,2014-06-11,29400,29650,29100,29600,343014,10080115150,-0.17,-264976800.0,1066358550.0,945213250.0,-1746595000.0,13995.0,343014.0,4.08,A035250
603,2014-06-12,29250,29700,29200,29400,378706,11111584950,-0.68,-255206900.0,-169906250.0,-806101350.0,1231214500.0,8532.0,378706.0,2.25,A035250
604,2014-06-13,29400,29500,28700,28950,283670,8262057000,-1.53,-288189850.0,580840000.0,1597339200.0,-1889989350.0,4094.0,283670.0,1.44,A035250
605,2014-06-16,28700,28750,28100,28100,510375,14437998350,-2.94,-2968934950.0,-232808300.0,5883058200.0,-2681314950.0,1031.0,510375.0,0.2,A035250
606,2014-06-17,28100,29000,28100,28950,409396,11787693950,3.02,-521584800.0,0.0,-3597017250.0,4118602050.0,1177.0,409396.0,0.29,A035250
607,2014-06-18,28700,28950,28400,28950,324287,9289914770,0.0,-331642250.0,-39452400.0,396698150.0,-25603500.0,25971.0,324287.0,8.01,A035250
608,2014-06-19,29150,29150,28700,28950,332027,9609872050,0.0,2561384550.0,6309100.0,-568718050.0,-1998975600.0,8350.0,332027.0,2.51,A035250
609,2014-06-20,29100,29100,28600,28600,229958,6619261250,-1.21,2174347450.0,29409200.0,-12155550.0,-2191601100.0,9294.0,229958.0,4.04,A035250
610,2014-06-23,28650,29000,28550,29000,193135,5583038250,1.4,2226758650.0,0.0,-823835600.0,-1402923050.0,6777.0,193135.0,3.51,A035250
611,2014-06-24,28750,29300,28750,29000,287897,8384592200,0.0,3757553700.0,-25331150.0,-816379150.0,-2915843400.0,7642.0,287897.0,2.65,A035250
612,2014-06-25,29250,29250,28650,28850,153706,4433157600,-0.52,1051067000.0,-31409050.0,240431750.0,-1260089700.0,20376.0,153706.0,13.26,A035250
613,2014-06-26,28850,29400,28850,29250,296022,8645456750,1.39,2806716650.0,-1429700.0,-915347750.0,-1889939200.0,14672.0,296022.0,4.96,A035250
614,2014-06-27,29300,29900,29250,29700,572625,17002553450,1.54,7179086650.0,2881250.0,-1271585850.0,-5910382050.0,6183.0,572625.0,1.08,A035250
615,2014-06-30,29950,30000,29500,29700,427000,12690584200,0.0,7020070600.0,-95296050.0,-71102650.0,-6853671900.0,5385.0,427000.0,1.26,A035250
616,2014-07-01,29450,29800,29100,29300,677311,19955593250,-1.35,7942445450.0,105653900.0,2183777800.0,-10231877150.0,4338.0,677311.0,0.64,A035250
617,2014-07-02,29500,29750,29000,29450,1101817,32362077000,0.51,15215318700.0,227080950.0,1732156100.0,-17174555750.0,7283.0,1101817.0,0.66,A035250
618,2014-07-03,29550,29850,29100,29350,908388,26682109500,-0.34,12240109700.0,-323817800.0,3374874300.0,-15291166200.0,1239.0,908388.0,0.14,A035250
619,2014-07-04,29500,29800,29400,29700,1288164,38145866250,1.19,26374350900.0,7237500.0,-731264400.0,-25650324000.0,6783.0,1288164.0,0.53,A035250
620,2014-07-07,29850,31200,29800,31050,2121319,65146734800,4.55,21357537100.0,449512650.0,-7540419350.0,-14266630400.0,25882.0,2121319.0,1.22,A035250
621,2014-07-08,31350,31350,30850,31200,1000859,31180166450,0.48,11707790700.0,52088800.0,3481575450.0,-15241454950.0,15148.0,1000859.0,1.51,A035250
622,2014-07-09,30900,32500,30700,32350,1311407,42022028200,3.69,20338253700.0,1142441750.0,-10171045800.0,-11309649650.0,42768.0,1311407.0,3.26,A035250
623,2014-07-10,32400,33000,32150,32850,773402,25349243500,1.55,5592585700.0,35973450.0,-5477355000.0,-151204150.0,73919.0,773402.0,9.56,A035250
624,2014-07-11,32600,33900,32350,33300,879405,29252166050,1.37,5221232550.0,73802200.0,-6177553400.0,882518650.0,64395.0,879405.0,7.32,A035250
625,2014-07-14,33200,33400,32650,33050,488296,16119933550,-0.75,577434700.0,49012650.0,-2954600050.0,2328152700.0,17246.0,488296.0,3.53,A035250
626,2014-07-15,33450,33800,32900,33000,493635,16481748050,-0.15,-1047723550.0,-78680200.0,-2780680100.0,3907083850.0,10156.0,493635.0,2.06,A035250
627,2014-07-16,32900,33250,32400,33050,360145,11873770600,0.15,1269472600.0,138682200.0,-1562148800.0,153994000.0,21852.0,360145.0,6.07,A035250
628,2014-07-17,33050,33150,32250,32500,528406,17235274250,-1.66,-3502013600.0,12892400.0,2968217900.0,520903300.0,3442.0,528406.0,0.65,A035250
629,2014-07-18,32650,32750,32350,32700,259897,8467938100,0.62,-1691123900.0,56025200.0,-489209950.0,2124308650.0,8854.0,259897.0,3.41,A035250
630,2014-07-21,32750,33350,32550,33050,308368,10161794700,1.07,1081078500.0,-16015850.0,-1180998400.0,115935750.0,3323.0,308368.0,1.08,A035250
631,2014-07-22,33000,34650,33000,34450,808798,27711620250,4.24,5104693600.0,407316900.0,-5074461950.0,-437548550.0,40504.0,808798.0,5.01,A035250
632,2014-07-23,34600,34650,33000,33900,837677,28305119250,-1.6,11656542900.0,197501900.0,-1187648250.0,-10666396550.0,54926.0,837677.0,6.56,A035250
633,2014-07-24,33950,34450,32850,33350,451038,15030223750,-1.62,-2434335450.0,-6261000.0,1845791350.0,594805100.0,9953.0,451038.0,2.21,A035250
634,2014-07-25,33400,33850,32950,33100,370413,12376645950,-0.75,46429150.0,14339250.0,326483300.0,-387251700.0,3383.0,370413.0,0.91,A035250
635,2014-07-28,33200,34650,33100,34200,881678,30076348600,3.32,4287014750.0,980587750.0,-5119876150.0,-147726350.0,14538.0,881678.0,1.65,A035250
636,2014-07-29,34750,35000,33850,33950,607358,20718291988,-0.73,275384100.0,123684250.0,153564550.0,-552632900.0,22041.0,607358.0,3.63,A035250
637,2014-07-30,34350,34800,33850,34500,1057914,36369581050,1.62,6558947150.0,102157150.0,-653329950.0,-6007774350.0,8304.0,1057914.0,0.78,A035250
638,2014-07-31,35000,35050,33900,34300,718710,24625987000,-0.58,1840518400.0,-106865550.0,1916018250.0,-3649671100.0,5665.0,718710.0,0.79,A035250
639,2014-08-01,34300,34900,34100,34300,700154,24037552389,0.0,-133560150.0,-367251950.0,139208050.0,361604050.0,1619.0,700154.0,0.23,A035250
640,2014-08-04,34300,34600,33600,33900,617662,21023441926,-1.17,-2956631450.0,73468450.0,-53981750.0,2937144750.0,837.0,617662.0,0.14,A035250
641,2014-08-05,34000,34150,33300,33700,629625,21191476350,-0.59,3363637700.0,-75405900.0,542163550.0,-3830395350.0,6042.0,629625.0,0.96,A035250
642,2014-08-06,33700,34200,33300,34000,669905,22644779250,0.89,7634028400.0,-32527950.0,-2173866150.0,-5427634300.0,2518.0,669905.0,0.38,A035250
643,2014-08-07,33950,34200,33600,33950,442791,15023359700,-0.15,3055457500.0,-19244000.0,399168200.0,-3435381700.0,9101.0,442791.0,2.06,A035250
644,2014-08-08,33950,34100,32900,33700,829383,27939897600,-0.74,3043819900.0,2408621500.0,484357100.0,-5936798500.0,1748.0,829383.0,0.21,A035250
645,2014-08-11,34200,34800,34150,34600,790149,27307210600,2.67,6135328400.0,-21971150.0,-3863891050.0,-2249466200.0,5377.0,790149.0,0.68,A035250
646,2014-08-12,34950,35300,34400,34900,621472,21704908050,0.87,-1269488050.0,22728900.0,-3072073900.0,4318833050.0,11325.0,621472.0,1.82,A035250
647,2014-08-13,35100,35250,34500,34850,444331,15443675000,-0.14,-4135193650.0,19631600.0,712230350.0,3403331700.0,3043.0,444331.0,0.68,A035250
648,2014-08-14,34850,35150,34850,34850,491658,17209170200,0.0,1227273750.0,-6365339750.0,-3502432550.0,8640498550.0,1860.0,491658.0,0.38,A035250
649,2014-08-18,34600,35050,34350,34650,497983,17288417300,-0.57,-6335510100.0,-2068282300.0,-159749250.0,8563541650.0,169.0,497983.0,0.03,A035250
650,2014-08-19,34550,35700,34150,35500,573891,20105693100,2.45,-6383175300.0,-213043150.0,-957048450.0,7553266900.0,19290.0,573891.0,3.36,A035250
651,2014-08-20,34950,35000,33700,34500,1113040,38068268200,-2.82,-8753797200.0,-339746600.0,8159137400.0,934406400.0,63625.0,1113040.0,5.72,A035250
652,2014-08-21,34300,34450,33850,34150,475026,16196031350,-1.01,-7408586200.0,-142604600.0,262511850.0,7288678950.0,64265.0,475026.0,13.53,A035250
653,2014-08-22,34250,34750,34200,34750,392383,13559532400,1.76,-1759234800.0,-575404000.0,-2632687800.0,4967326600.0,14324.0,392383.0,3.65,A035250
654,2014-08-25,34400,34850,34250,34750,313976,10845097500,0.0,-2930967150.0,3354700.0,172255700.0,2755356750.0,10722.0,313976.0,3.41,A035250
655,2014-08-26,34800,36350,34550,36300,871209,31154813050,4.46,3093465450.0,-1371766150.0,-12225823900.0,10504124600.0,40370.0,871209.0,4.63,A035250
656,2014-08-27,36250,36450,35500,36100,446051,16007209400,-0.55,3405535650.0,-90615700.0,-731276400.0,-2583643550.0,45126.0,446051.0,10.12,A035250
657,2014-08-28,35850,36800,35550,35650,279729,10050314900,-1.25,-26638600.0,96427050.0,1015434650.0,-1085223100.0,7707.0,279729.0,2.76,A035250
658,2014-08-29,35800,36250,35750,36050,364600,13140050450,1.12,467035800.0,22394150.0,-1236038950.0,746609000.0,16069.0,364600.0,4.41,A035250
659,2014-09-01,36000,36500,35250,35400,340222,12116358050,-1.8,-2011829000.0,0.0,1805407300.0,206421700.0,31678.0,340222.0,9.31,A035250
660,2014-09-02,35350,36050,35350,35700,240375,8575761800,0.85,-557396500.0,-234100550.0,-1373529800.0,2165026850.0,8586.0,240375.0,3.57,A035250
661,2014-09-03,35300,36550,35300,36400,351240,12703729950,1.96,1010595250.0,-579111900.0,-2681124350.0,2249641000.0,12001.0,351240.0,3.42,A035250
662,2014-09-04,36600,36750,35800,36500,506146,18411348950,0.27,-2968996550.0,-136688750.0,-953562700.0,4059248000.0,66486.0,506146.0,13.14,A035250
663,2014-09-05,36000,36200,35250,35400,398691,14194182950,-3.01,-2744374350.0,-6265600.0,2984318350.0,-233678400.0,31548.0,398691.0,7.91,A035250
664,2014-09-11,35400,35600,34400,35200,631823,22097328650,-0.56,-6763267950.0,-207239650.0,-815532450.0,7786040050.0,30052.0,631823.0,4.76,A035250
665,2014-09-12,35100,35100,34150,34550,407230,14034060126,-1.85,-2687040726.0,-144811250.0,2126305600.0,705546376.0,9552.0,407230.0,2.35,A035250
666,2014-09-15,34650,35500,34200,35500,251695,8847130787,2.75,1352368650.0,-121665300.0,-3381936350.0,2151233000.0,27893.0,251695.0,11.08,A035250
667,2014-09-16,35300,35450,34700,34750,300063,10456761100,-2.11,-485591900.0,14679000.0,2856173300.0,-2385260400.0,10974.0,300063.0,3.66,A035250
668,2014-09-17,35100,35800,35050,35400,258774,9132048950,1.87,-67582000.0,28604650.0,-1759513150.0,1798490500.0,15161.0,258774.0,5.86,A035250
669,2014-09-18,35100,35250,34750,35200,192463,6730571050,-0.56,-2526761450.0,2198100.0,1110525600.0,1414037750.0,10478.0,192463.0,5.44,A035250
670,2014-09-19,35250,35300,34350,34550,534773,18528727450,-1.85,-2987507900.0,-152094450.0,2842191350.0,297411000.0,85167.0,534773.0,15.93,A035250
671,2014-09-22,34700,35100,34100,34750,245801,8477836350,0.58,-1532932900.0,89149000.0,-188260000.0,1632043900.0,3653.0,245801.0,1.49,A035250
672,2014-09-23,34350,34800,33800,33950,315905,10785682800,-2.3,-1721950800.0,124832500.0,2357169300.0,-760051000.0,2662.0,315905.0,0.84,A035250
673,2014-09-24,33750,34900,33750,34800,367452,12732668250,2.5,-2577062800.0,-962006700.0,-2852456250.0,6391525750.0,4642.0,367452.0,1.26,A035250
674,2014-09-25,34800,35150,34250,34700,319212,11058080400,-0.29,1198903750.0,216784350.0,72399600.0,-1488087700.0,10328.0,319212.0,3.24,A035250
675,2014-09-26,34100,35000,34100,35000,265647,9200823250,0.86,-67197250.0,-587105100.0,-1031482800.0,1685785150.0,31267.0,265647.0,11.77,A035250
676,2014-09-29,34600,35350,34300,35350,345445,12101217800,1.0,-272725000.0,192100200.0,-1461240400.0,1541865200.0,22310.0,345445.0,6.46,A035250
677,2014-09-30,35450,35850,34950,35850,460907,16322934000,1.41,-4299196450.0,-40446900.0,-1172192000.0,5511835350.0,81588.0,460907.0,17.7,A035250
678,2014-10-01,35400,35600,34400,35450,332384,11643201650,-1.12,-382362350.0,-199686750.0,1110232850.0,-528183750.0,56806.0,332384.0,17.09,A035250
679,2014-10-02,35050,35050,33600,33750,710807,24204507600,-4.8,-3249514450.0,1053416250.0,8061145100.0,-5865046900.0,32557.0,710807.0,4.58,A035250
680,2014-10-06,34250,34250,33600,34000,316129,10721464550,0.74,-2196924700.0,75966650.0,-474554200.0,2595512250.0,18853.0,316129.0,5.96,A035250
681,2014-10-07,34350,34350,33400,33600,301807,10195565400,-1.18,-4819731650.0,86959350.0,1889401950.0,2843370350.0,820.0,301807.0,0.27,A035250
682,2014-10-08,33850,34600,33400,34300,373590,12782527950,2.08,-1122370050.0,-163931750.0,-3962093450.0,5248395250.0,9297.0,373590.0,2.49,A035250
683,2014-10-10,35000,35000,34150,34500,328142,11313599800,0.58,939330950.0,26038000.0,-2326309250.0,1360940300.0,39408.0,328142.0,12.01,A035250
684,2014-10-13,33650,34550,33350,33850,278222,9389677200,-1.88,1376544950.0,15266350.0,394567250.0,-1786378550.0,45560.0,278222.0,16.38,A035250
685,2014-10-14,34300,35000,34000,34650,245976,8521819550,2.36,1924759350.0,-180472550.0,-3833205300.0,2088918500.0,26317.0,245976.0,10.7,A035250
686,2014-10-15,34750,34750,33200,33450,353015,11838263600,-3.46,-1010412000.0,150926400.0,4500793550.0,-3641307950.0,38954.0,353015.0,11.03,A035250
687,2014-10-16,33350,33600,33000,33200,320189,10677973550,-0.75,-1173350450.0,-18726400.0,539388500.0,652688350.0,435.0,320189.0,0.14,A035250
688,2014-10-17,33550,33600,33000,33300,278147,9262240700,0.3,798495300.0,-254926200.0,-3214761100.0,2671192000.0,2765.0,278147.0,0.99,A035250
689,2014-10-20,33350,34300,33350,34000,210117,7137771650,2.1,2055520300.0,-69542950.0,-2294448550.0,308471200.0,2401.0,210117.0,1.14,A035250
690,2014-10-21,34500,35300,34150,35300,703355,24641802850,3.82,-2042850.0,-266505000.0,-4046167300.0,4314715150.0,45308.0,703355.0,6.44,A035250
691,2014-10-22,35250,35600,34900,35100,306254,10776458450,-0.57,5387973300.0,0.0,3449400.0,-5391422700.0,23141.0,306254.0,7.56,A035250
692,2014-10-23,34950,35850,34900,35150,459907,16347965850,0.14,6634331200.0,226445250.0,-1536327550.0,-5324448900.0,6058.0,459907.0,1.32,A035250
693,2014-10-24,35200,35550,34400,35000,276583,9633110400,-0.43,1987629750.0,-191448450.0,447535600.0,-2243716900.0,19092.0,276583.0,6.9,A035250
694,2014-10-27,35250,35250,34550,35000,172798,6024805700,0.0,173381450.0,43164300.0,531684450.0,-748230200.0,4864.0,172798.0,2.81,A035250
695,2014-10-28,35000,35000,34200,34350,219572,7559960850,-1.86,1069226450.0,49404000.0,1535388100.0,-2654018550.0,1297.0,219572.0,0.59,A035250
696,2014-10-29,34400,35550,34350,35550,474761,16740666250,3.49,6172776350.0,15332400.0,-3394602400.0,-2793506350.0,875.0,474761.0,0.18,A035250
697,2014-10-30,35200,35600,34550,34650,369839,12880309450,-2.53,1350853350.0,-80327650.0,1694047750.0,-2964573450.0,8477.0,369839.0,2.29,A035250
698,2014-10-31,34900,35300,34200,35000,400029,13853032250,1.01,481396000.0,-15712050.0,179107200.0,-644791150.0,11030.0,400029.0,2.76,A035250
699,2014-11-03,34500,35000,34350,34700,234082,8112602150,-0.86,-790453350.0,13475000.0,673053850.0,103924500.0,4358.0,234082.0,1.86,A035250
700,2014-11-04,35250,35250,34500,34850,200684,6982303600,0.43,199691100.0,61425050.0,-890085600.0,628969450.0,12429.0,200684.0,6.19,A035250
701,2014-11-05,35300,35500,34850,35200,244020,8602554300,1.0,152769450.0,58195250.0,-838081750.0,627117050.0,7255.0,244020.0,2.97,A035250
702,2014-11-06,35200,35350,34300,34500,253549,8785422350,-1.99,-2447715650.0,26206500.0,2338378900.0,83130250.0,13993.0,253549.0,5.52,A035250
703,2014-11-07,34400,34750,33050,33250,599074,20242604350,-3.62,-6419612650.0,28066000.0,4063574350.0,2327972300.0,2361.0,599074.0,0.39,A035250
704,2014-11-10,33700,35350,33550,34600,681359,23699869650,4.06,519786450.0,-3720923400.0,-4366445650.0,7567582600.0,2463.0,681359.0,0.36,A035250
705,2014-11-11,34900,35250,34550,34650,327815,11425080400,0.14,219877900.0,-433123300.0,-342853400.0,556098800.0,3807.0,327815.0,1.16,A035250
706,2014-11-12,34400,35050,34350,34350,287668,9946222200,-0.87,81785050.0,61284800.0,46746500.0,-189816350.0,1021.0,287668.0,0.35,A035250
707,2014-11-13,34100,34650,33750,34650,448492,15264923100,0.87,-1468826700.0,86358000.0,620835250.0,761633450.0,5245.0,448492.0,1.17,A035250
708,2014-11-14,34400,35150,34050,34150,387106,13320079350,-1.44,665387500.0,180982100.0,1202718400.0,-2049088000.0,8420.0,387106.0,2.18,A035250
709,2014-11-17,34100,34300,33300,33600,312351,10494919550,-1.61,270842350.0,194018600.0,3149422900.0,-3614283850.0,6143.0,312351.0,1.97,A035250
710,2014-11-18,33500,34250,33500,33800,235178,7999282700,0.6,2796128400.0,589422000.0,-1618556650.0,-1766993750.0,4032.0,235178.0,1.71,A035250
711,2014-11-19,34050,34200,33400,33400,202460,6811569600,-1.18,-803801500.0,0.0,1733777200.0,-929975700.0,1930.0,202460.0,0.95,A035250
712,2014-11-20,33500,33900,33300,33650,233186,7825756250,0.75,285371450.0,145947250.0,-895499300.0,464180600.0,13791.0,233186.0,5.91,A035250
713,2014-11-21,33800,33900,33300,33300,229465,7690107850,-1.04,-1111845500.0,183748000.0,1830184850.0,-902087350.0,5981.0,229465.0,2.61,A035250
714,2014-11-24,33300,33600,32700,33150,389511,12897138450,-0.45,-1085150300.0,-451138600.0,262380500.0,1273908400.0,15061.0,389511.0,3.87,A035250
715,2014-11-25,32950,33850,32950,33850,321063,10783204600,2.11,2176764000.0,-99559200.0,-2910090400.0,832885600.0,6697.0,321063.0,2.09,A035250
716,2014-11-26,33700,33800,33200,33500,179684,6007222050,-1.03,-2100269900.0,-33700000.0,1687263750.0,446706150.0,1155.0,179684.0,0.64,A035250
717,2014-11-27,33200,33650,33100,33200,241890,8046523900,-0.9,1171968650.0,43606750.0,65972200.0,-1281547600.0,3421.0,241890.0,1.41,A035250
718,2014-11-28,33100,33350,32600,32700,201903,6635840750,-1.51,184745100.0,0.0,1798484450.0,-1983229550.0,448.0,201903.0,0.22,A035250
719,2014-12-01,32300,33100,32100,32550,341401,11084179900,-0.46,-5391868200.0,0.0,2256040600.0,3135827600.0,40.0,341401.0,0.01,A035250
720,2014-12-02,32550,32850,31950,32100,401968,12911746200,-1.38,88853550.0,450919750.0,3436649400.0,-3976422700.0,7133.0,401968.0,1.77,A035250
721,2014-12-03,32700,33600,32400,33050,491326,16308356450,2.96,4496070100.0,44402100.0,-2346834450.0,-2193637750.0,7878.0,491326.0,1.6,A035250
722,2014-12-04,33300,33400,31800,32250,724730,23469177550,-2.42,-2157232350.0,-114816350.0,2536247450.0,-264198750.0,18555.0,724730.0,2.56,A035250
723,2014-12-05,32350,33150,32300,32700,372470,12241154250,1.4,5902347500.0,429388950.0,-3050137500.0,-3281598950.0,791.0,372470.0,0.21,A035250
724,2014-12-08,32550,33000,32100,32100,281843,9106542350,-1.83,-3235540750.0,243733000.0,3768664150.0,-776856400.0,467.0,281843.0,0.17,A035250
725,2014-12-09,32100,32400,31950,31950,209624,6731939800,-0.47,-1588536200.0,320200.0,1201906350.0,386309650.0,6174.0,209624.0,2.95,A035250
726,2014-12-10,32200,32400,31600,31750,309696,9868017800,-0.63,-93791100.0,-3181500.0,1723464350.0,-1626491750.0,864.0,309696.0,0.28,A035250
727,2014-12-11,31450,31900,30950,30950,547834,17148284300,-2.52,2020744100.0,338279550.0,2546860100.0,-4905883750.0,601.0,547834.0,0.11,A035250
728,2014-12-12,31100,32200,30700,31200,637081,19946099750,0.81,-5503734450.0,18627700.0,1889444150.0,3595662600.0,704.0,637081.0,0.11,A035250
729,2014-12-15,31250,31650,30950,31300,276993,8683325550,0.32,1261538550.0,137844400.0,-14714950.0,-1384668000.0,8068.0,276993.0,2.91,A035250
730,2014-12-16,31300,31650,31100,31300,344519,10802535200,0.0,1890641200.0,156500000.0,224206250.0,-2271347450.0,7107.0,344519.0,2.06,A035250
731,2014-12-17,31600,31800,31200,31400,346100,10915667400,0.32,1885765100.0,13711000.0,-1130956250.0,-768519850.0,6253.0,346100.0,1.81,A035250
732,2014-12-18,31900,32200,31100,31300,286541,9040209450,-0.32,-20089700.0,41071600.0,484751800.0,-505733700.0,6716.0,286541.0,2.34,A035250
733,2014-12-19,31700,31700,30750,31050,374522,11653783300,-0.8,-1412243850.0,-203782750.0,3728927100.0,-2112900500.0,8273.0,374522.0,2.21,A035250
734,2014-12-22,31300,31800,31050,31650,277879,8764337850,1.93,-329700750.0,-17670350.0,-2042883500.0,2390254600.0,2626.0,277879.0,0.95,A035250
735,2014-12-23,31900,32300,31600,31700,345432,11023102650,0.16,-1152862450.0,-16800500.0,466030400.0,703632550.0,3854.0,345432.0,1.12,A035250
736,2014-12-24,32000,32350,31600,32200,345963,11116446250,1.58,-1321136450.0,-1455750.0,-1563467950.0,2886060150.0,7731.0,345963.0,2.23,A035250
737,2014-12-26,32250,32850,32200,32700,482381,15725700600,1.55,-1104573350.0,39688700.0,-1443039450.0,2507924100.0,51875.0,482381.0,10.75,A035250
738,2014-12-29,32050,32150,30700,30900,442820,13829095750,-5.5,135855000.0,-231283750.0,4324815950.0,-4229387200.0,29696.0,442820.0,6.71,A035250
739,2014-12-30,31150,31200,30100,30400,448353,13661846850,-1.62,85188450.0,386941000.0,1024442450.0,-1496571900.0,8592.0,448353.0,1.92,A035250
740,2015-01-02,30050,30500,29900,30300,301199,9120959750,-0.33,138762550.0,-209535950.0,389556800.0,-318783400.0,3906.0,301199.0,1.3,A035250
741,2015-01-05,29950,30300,29800,30100,280161,8414222200,-0.66,-950211850.0,-71984750.0,1283396800.0,-261200200.0,3690.0,280161.0,1.32,A035250
742,2015-01-06,29950,30700,29950,30250,366156,11171509200,0.5,2783600000.0,427800.0,-936463250.0,-1847564550.0,25516.0,366156.0,6.97,A035250
743,2015-01-07,30250,30800,30150,30600,260998,7998010400,1.16,1928169000.0,-37383300.0,-612546700.0,-1278239000.0,26119.0,260998.0,10.01,A035250
744,2015-01-08,30300,31150,30300,30750,310396,9577681450,0.49,1073611150.0,164065150.0,-59703800.0,-1177972500.0,32016.0,310396.0,10.31,A035250
745,2015-01-09,31200,31850,31100,31550,349056,11018282750,2.6,1018646300.0,-32550700.0,-2382496700.0,1396401100.0,40674.0,349056.0,11.65,A035250
746,2015-01-12,31600,31750,30850,31150,184252,5755763150,-1.27,2277139650.0,-936300.0,-387173050.0,-1889030300.0,30302.0,184252.0,16.45,A035250
747,2015-01-13,31400,31400,30850,30850,210222,6533371650,-0.96,-932889450.0,0.0,99673750.0,833215700.0,16540.0,210222.0,7.87,A035250
748,2015-01-14,30850,31200,30350,30600,253689,7773536100,-0.81,-1945024300.0,-15659450.0,1684720200.0,275963550.0,8258.0,253689.0,3.26,A035250
749,2015-01-15,30600,30900,30500,30850,232871,7018619100,0.82,-1422802950.0,-32364800.0,-418952600.0,1874120350.0,26989.0,232871.0,11.59,A035250
750,2015-01-16,30550,30800,30250,30300,245569,7452952350,-1.78,825549250.0,0.0,940462950.0,-1766012200.0,182.0,245569.0,0.07,A035250
751,2015-01-19,30700,31250,30100,30200,296913,9045829850,-0.33,-479526800.0,-156953450.0,-64539100.0,701019350.0,2036.0,296913.0,0.69,A035250
752,2015-01-20,30000,31950,30000,31900,435673,13691008100,5.63,1730404850.0,39741800.0,-6875790950.0,5105644300.0,13701.0,435673.0,3.14,A035250
753,2015-01-21,31400,32500,31400,32300,496157,15986431500,1.25,3237465200.0,-18914000.0,-2918056450.0,-300494750.0,23552.0,496157.0,4.75,A035250
754,2015-01-22,32050,32500,31950,32250,275934,8914224050,-0.15,3290200250.0,19967450.0,-1974659350.0,-1335508350.0,8707.0,275934.0,3.16,A035250
755,2015-01-23,32450,32700,32000,32500,300437,9723137950,0.78,27907100.0,-788183600.0,-1317729950.0,2078006450.0,16623.0,300437.0,5.53,A035250
756,2015-01-26,32200,32650,32150,32650,205031,6655043800,0.46,1519903650.0,-463850.0,-1704219350.0,184779550.0,3681.0,205031.0,1.8,A035250
757,2015-01-27,32900,32900,32200,32900,200955,6570149850,0.77,1477656700.0,581541350.0,-2450987500.0,391789450.0,2705.0,200955.0,1.35,A035250
758,2015-01-28,32450,33050,32050,33000,286038,9362260800,0.3,1283950850.0,13736450.0,-1338484750.0,40797450.0,7873.0,286038.0,2.75,A035250
759,2015-01-29,32700,33150,32300,33000,387534,12744929150,0.0,1425519100.0,-102359450.0,-1758454750.0,435295100.0,21551.0,387534.0,5.56,A035250
760,2015-01-30,33100,33200,32150,32400,403699,13086481150,-1.82,-2583316100.0,16900000.0,2083761300.0,482654800.0,12558.0,403699.0,3.11,A035250
761,2015-02-02,32200,32600,32050,32600,147391,4767172000,0.62,-1076691550.0,0.0,-429341700.0,1506033250.0,6022.0,147391.0,4.09,A035250
762,2015-02-03,32800,32800,31900,32350,303019,9742094250,-0.77,-3177803950.0,-1610000.0,1209211200.0,1970202750.0,2897.0,303019.0,0.96,A035250
763,2015-02-04,32400,33400,32150,33200,495074,16381739050,2.63,168564600.0,-14665550.0,-3816141200.0,3662242150.0,12529.0,495074.0,2.53,A035250
764,2015-02-05,33200,34000,33050,33650,444104,14928175050,1.36,2111072600.0,-67744000.0,-3207667550.0,1164338950.0,35180.0,444104.0,7.92,A035250
765,2015-02-06,33300,33900,33300,33600,291454,9802492316,-0.15,1701708050.0,27624450.0,-1134481950.0,-594850550.0,31654.0,291454.0,10.86,A035250
766,2015-02-09,33300,33800,32800,32800,236917,7808308200,-2.38,1314798050.0,-193958850.0,264190150.0,-1385029350.0,6632.0,236917.0,2.8,A035250
767,2015-02-10,32800,33300,32400,32950,277231,9085596150,0.46,-1049521300.0,-2603600.0,54412750.0,997712150.0,5476.0,277231.0,1.98,A035250
768,2015-02-11,33050,33200,32500,32950,140693,4620296100,0.0,41282250.0,0.0,-499135950.0,457853700.0,3756.0,140693.0,2.67,A035250
769,2015-02-12,32500,33200,32350,33200,188648,6211885000,0.76,1884121350.0,-504065250.0,-919033950.0,-461022150.0,7981.0,188648.0,4.23,A035250
770,2015-02-13,33200,33200,32700,32850,162520,5356526560,-1.05,985983400.0,-17120450.0,346643750.0,-1315506700.0,19138.0,162520.0,11.78,A035250
771,2015-02-16,33400,33950,33200,33600,279679,9406030200,2.28,207301800.0,37366850.0,-945132450.0,700463800.0,8411.0,279679.0,3.01,A035250
772,2015-02-17,33300,33950,33250,33950,190123,6422594100,1.04,1811220450.0,-67750000.0,-2592076900.0,848606450.0,10955.0,190123.0,5.76,A035250
773,2015-02-23,33350,33950,33050,33300,271152,9016244250,-1.91,-183204700.0,23702950.0,1316644000.0,-1157142250.0,319.0,271152.0,0.12,A035250
774,2015-02-24,33250,33800,33250,33750,247234,8310559350,1.35,-1869352500.0,-67400000.0,-2801652700.0,4738405200.0,3549.0,247234.0,1.44,A035250
775,2015-02-25,33750,34200,33550,34200,337591,11455510700,1.33,-2078747800.0,-166949150.0,-3210242100.0,5455939050.0,10862.0,337591.0,3.22,A035250
776,2015-02-26,34300,34300,33450,33700,263658,8861478400,-1.46,-2821546600.0,0.0,1633276350.0,1188270250.0,18087.0,263658.0,6.86,A035250
777,2015-02-27,33400,34200,33400,34000,361510,12271521340,0.89,1242785500.0,0.0,-2098005650.0,855220150.0,7147.0,361510.0,1.98,A035250
778,2015-03-02,33800,34650,32850,32950,395530,13293040000,-3.09,-4669542950.0,86179950.0,1368761400.0,3214601600.0,14745.0,395530.0,3.73,A035250
779,2015-03-03,32650,34150,32650,34150,449159,15213726750,3.64,-2442933200.0,0.0,-4530510450.0,6973443650.0,18813.0,449159.0,4.19,A035250
780,2015-03-04,33800,34300,33750,34000,233279,7932117950,-0.44,2178716200.0,0.0,-438611450.0,-1740104750.0,11643.0,233279.0,4.99,A035250
781,2015-03-05,33600,34350,33600,34100,252988,8650092150,0.29,297842800.0,-38274950.0,-1556399550.0,1296831700.0,12886.0,252988.0,5.09,A035250
782,2015-03-06,33950,34300,33700,33800,178986,6076888700,-0.88,-1991363800.0,11338650.0,-280807200.0,2260832350.0,15545.0,178986.0,8.69,A035250
783,2015-03-09,33550,33850,33050,33100,217359,7264097650,-2.07,-1903777550.0,336150050.0,1102015300.0,465612200.0,2742.0,217359.0,1.26,A035250
784,2015-03-10,33150,34150,33150,33550,299344,10102034250,1.36,-4052606050.0,0.0,-716513500.0,4769119550.0,7327.0,299344.0,2.45,A035250
785,2015-03-11,33200,33700,32550,33050,459135,15197410250,-1.49,-665800700.0,13677750.0,1999716700.0,-1347593750.0,15585.0,459135.0,3.39,A035250
786,2015-03-12,32750,33850,32700,32700,470912,15645286400,-1.06,-1044342450.0,16153250.0,-940924400.0,1969113600.0,7781.0,470912.0,1.65,A035250
787,2015-03-13,33100,33700,33100,33300,195913,6540840350,1.83,78204700.0,4253550.0,-916523250.0,834065000.0,691.0,195913.0,0.35,A035250
788,2015-03-16,33300,33900,33250,33500,210061,7077779350,0.6,2081669350.0,3125200.0,-1963229100.0,-121565450.0,11673.0,210061.0,5.56,A035250
789,2015-03-17,33500,33900,33200,33500,271108,9062968250,0.0,-2737137200.0,226118450.0,1322069300.0,1188949450.0,1943.0,271108.0,0.72,A035250
790,2015-03-18,33700,33800,33350,33800,301138,10116519850,0.9,-2544171550.0,72891650.0,-1568865650.0,4040145550.0,23383.0,301138.0,7.76,A035250
791,2015-03-19,33650,33900,33350,33500,212374,7122989150,-0.89,-1930293350.0,-16365050.0,487831450.0,1458826950.0,7014.0,212374.0,3.3,A035250
792,2015-03-20,33600,34250,33300,34250,253262,8573137050,2.24,682406850.0,-105525000.0,-2803211800.0,2226329950.0,10568.0,253262.0,4.17,A035250
793,2015-03-23,34400,34400,33600,33600,195446,6632890000,-1.9,578376350.0,-78963950.0,460823600.0,-960236000.0,1885.0,195446.0,0.96,A035250
794,2015-03-24,33850,34300,33700,34300,232342,7917662700,2.08,-1599471500.0,-19600250.0,-2276239800.0,3895311550.0,4959.0,232342.0,2.13,A035250
795,2015-03-25,34300,34300,33850,34300,174071,5939709450,0.0,1539196250.0,-87281000.0,-1241431450.0,-210483800.0,9340.0,174071.0,5.37,A035250
796,2015-03-26,34550,34800,34100,34800,354257,12248995250,1.46,2375208350.0,-431753300.0,-2422185150.0,478730100.0,16308.0,354257.0,4.6,A035250
797,2015-03-27,34450,34550,33900,34200,478650,16302389700,-1.72,2090702500.0,-8439400.0,1683403350.0,-3765666450.0,41217.0,478650.0,8.61,A035250
798,2015-03-30,34500,34600,34200,34350,229597,7895612000,0.44,-534734600.0,3572500.0,-859764600.0,1390926700.0,11907.0,229597.0,5.19,A035250
799,2015-03-31,34250,34900,34200,34650,525297,18191033650,0.87,-3010819700.0,-72945650.0,-1117024750.0,4200790100.0,9985.0,525297.0,1.9,A035250
800,2015-04-01,34650,34950,34400,34750,324868,11293735500,0.29,3905889750.0,-108203850.0,-1499464550.0,-2298221350.0,6254.0,324868.0,1.93,A035250
801,2015-04-02,34550,34750,34300,34600,198025,6841063350,-0.43,1659705450.0,-124636500.0,-197766250.0,-1337302700.0,6929.0,198025.0,3.5,A035250
802,2015-04-03,34600,35450,34500,35400,217598,7642671400,2.31,766763750.0,-308117650.0,-3863528250.0,3404882150.0,6044.0,217598.0,2.78,A035250
803,2015-04-06,35300,35350,34800,35000,161597,5658327754,-1.13,-476795900.0,119043500.0,449122200.0,-91369800.0,9928.0,161597.0,6.14,A035250
804,2015-04-07,35300,36150,35250,35950,583900,20938947750,2.71,-4524745500.0,-258927000.0,-3328079700.0,8111752200.0,25176.0,583900.0,4.31,A035250
805,2015-04-08,35650,36150,35200,35450,281943,10002710800,-1.39,-734376950.0,-3525000.0,463630600.0,274271350.0,8481.0,281943.0,3.01,A035250
806,2015-04-09,35450,36300,35450,36200,342520,12354668750,2.12,-1619550450.0,-8004000.0,-2048049800.0,3675604250.0,14818.0,342520.0,4.33,A035250
807,2015-04-10,36300,36650,36000,36650,303117,11048791000,1.24,93531400.0,-144867750.0,-2101226550.0,2152562900.0,19920.0,303117.0,6.57,A035250
808,2015-04-13,36650,36700,36000,36400,281538,10206933400,-0.68,-2694840800.0,-40220850.0,256711300.0,2478350350.0,12422.0,281538.0,4.41,A035250
809,2015-04-14,36100,36800,36000,36350,255684,9314005650,-0.14,-2557186250.0,-20783300.0,-724513350.0,3302482900.0,14407.0,255684.0,5.63,A035250
810,2015-04-15,35650,36500,35600,36350,342451,12397477350,0.0,-2164574650.0,38606900.0,-328804950.0,2454772700.0,8197.0,342451.0,2.39,A035250
811,2015-04-16,36300,37550,36250,37450,430854,16004949800,3.03,2691988750.0,10133750.0,-3738457400.0,1036334900.0,16969.0,430854.0,3.94,A035250
812,2015-04-17,37000,38400,36950,37950,533887,20158488650,1.34,2660885350.0,103865050.0,-1802856450.0,-961893950.0,31612.0,533887.0,5.92,A035250
813,2015-04-20,37950,38300,37500,37750,333869,12596391600,-0.53,-2026551400.0,2071750.0,-763198950.0,2787678600.0,24356.0,333869.0,7.3,A035250
814,2015-04-21,38500,38500,37650,37900,360392,13676682150,0.4,-3032571300.0,-1743050.0,326491600.0,2707822750.0,27901.0,360392.0,7.74,A035250
815,2015-04-22,37800,38300,37500,37550,414704,15691652550,-0.92,-233534650.0,-53324800.0,-29607800.0,316467250.0,22989.0,414704.0,5.54,A035250
816,2015-04-23,37450,37900,36900,37500,531772,19860324500,-0.13,-1038612400.0,-307983200.0,1068670600.0,277925000.0,31267.0,531772.0,5.88,A035250
817,2015-04-24,37000,39750,37000,38200,904346,34718707800,1.87,-4823256900.0,-17055450.0,-1838318500.0,6678630850.0,25142.0,904346.0,2.78,A035250
818,2015-04-27,38200,38850,38000,38500,565802,21723740000,0.79,678016300.0,-193957750.0,567343300.0,-1051401850.0,31635.0,565802.0,5.59,A035250
819,2015-04-28,38050,38500,37750,38000,360756,13740719700,-1.3,-281247100.0,23023600.0,363606200.0,-105382700.0,9901.0,360756.0,2.74,A035250
820,2015-04-29,38600,38650,37400,37700,340816,12908753100,-0.79,-2867008200.0,2660400.0,-1024357700.0,3888705500.0,6096.0,340816.0,1.79,A035250
821,2015-04-30,37400,37700,36650,36650,430373,15830274700,-2.79,-4456436900.0,-173448700.0,1696080500.0,2933805100.0,5212.0,430373.0,1.21,A035250
822,2015-05-04,37000,38350,36700,38050,360711,13618471250,3.82,-554017400.0,3136500.0,-2512503600.0,3063384500.0,16738.0,360711.0,4.64,A035250
823,2015-05-06,38100,38500,37050,37750,330913,12482754000,-0.79,-2737546250.0,-1086400.0,-232118950.0,2970751600.0,5528.0,330913.0,1.67,A035250
824,2015-05-07,37750,38150,37000,37300,323797,12114472050,-1.19,-3565229450.0,-19888250.0,365957800.0,3219159900.0,5621.0,323797.0,1.74,A035250
825,2015-05-08,36950,37500,36800,36800,399185,14812585550,-1.34,-1501493750.0,-25354700.0,-698472650.0,2225321100.0,33877.0,399185.0,8.49,A035250
826,2015-05-11,36800,37300,36750,37300,182060,6726687350,1.36,-3417312900.0,13580700.0,-472779150.0,3876511350.0,1214.0,182060.0,0.67,A035250
827,2015-05-12,37550,39200,37100,37700,497864,18876083282,1.07,-1492034700.0,10194000.0,475168850.0,1006671850.0,16255.0,497864.0,3.26,A035250
828,2015-05-13,37450,38200,37250,37500,296714,11139506500,-0.53,-2897447750.0,52375000.0,-177188100.0,3022260850.0,11576.0,296714.0,3.9,A035250
829,2015-05-14,37350,38550,37350,38250,552684,21124378800,2.0,5429184550.0,-5085000.0,-2711789400.0,-2712310150.0,14709.0,552684.0,2.66,A035250
830,2015-05-15,38750,39500,38450,39000,715988,27930242750,1.96,4349791850.0,138002450.0,-2082492650.0,-2405301650.0,1909.0,715988.0,0.27,A035250
831,2015-05-18,39300,39700,39050,39500,321505,12670899650,1.28,-2223351450.0,-20436650.0,-2321365050.0,4565153150.0,2474.0,321505.0,0.77,A035250
832,2015-05-19,39800,40200,39500,40000,396099,15862976650,1.27,-1051777650.0,-213719100.0,-1766540700.0,3032037450.0,12481.0,396099.0,3.15,A035250
833,2015-05-20,40450,40500,39750,40000,453418,18145072000,0.0,-2562557400.0,0.0,-1567508000.0,4130065400.0,17933.0,453418.0,3.96,A035250
834,2015-05-21,39550,40250,39500,40000,252785,10110155250,0.0,-1791837250.0,0.0,-1089877250.0,2881714500.0,7197.0,252785.0,2.85,A035250
835,2015-05-22,40400,40450,40000,40400,347372,13981062600,1.0,-1027334200.0,-7567200.0,-814964900.0,1849866300.0,20402.0,347372.0,5.87,A035250
836,2015-05-26,40350,41500,39800,41300,468000,19129257750,2.23,2886190750.0,-189253850.0,-2431692250.0,-265244650.0,64230.0,468000.0,13.72,A035250
837,2015-05-27,41300,41750,39950,40300,454388,18353556050,-2.42,-746415300.0,59057000.0,2042305300.0,-1354947000.0,33083.0,454388.0,7.28,A035250
838,2015-05-28,40000,40200,39300,39400,624618,24668358562,-2.23,-5716328800.0,66732000.0,2205970100.0,3443626700.0,11424.0,624618.0,1.83,A035250
839,2015-05-29,39100,41150,39100,40300,588626,23726310250,2.28,-2520312400.0,2237200.0,-2171355200.0,4689430400.0,24304.0,588626.0,4.13,A035250
840,2015-06-01,40300,40400,38750,39700,371766,14719325600,-1.49,-4583651400.0,-19904300.0,100530800.0,4503024900.0,22577.0,371766.0,6.07,A035250
841,2015-06-02,39050,39500,38300,38550,664626,25693329550,-2.9,-8835827650.0,0.0,-86843900.0,8922671550.0,29849.0,664626.0,4.49,A035250
842,2015-06-03,38550,39950,38550,39150,561051,22007153850,1.56,-8658011350.0,0.0,-1846215600.0,10504226950.0,48466.0,561051.0,8.64,A035250
843,2015-06-04,39100,39900,38400,39000,461063,18001936800,-0.38,-7752338100.0,0.0,1015588250.0,6736749850.0,28293.0,461063.0,6.14,A035250
844,2015-06-05,39550,40350,39000,39650,636393,25256614600,1.67,-6164176400.0,314550.0,-1905243450.0,8069105300.0,22722.0,636393.0,3.57,A035250
845,2015-06-08,39150,40300,38600,39300,545275,21191485500,-0.88,-7989963400.0,-220874300.0,1161015800.0,7049821900.0,31307.0,545275.0,5.74,A035250
846,2015-06-09,39400,40150,38850,40100,410126,16366213450,2.04,-5095601250.0,10844900.0,-1905608150.0,6990364500.0,6157.0,410126.0,1.5,A035250
847,2015-06-10,40700,40700,38900,39400,709875,28049896350,-1.75,-5569647550.0,19774000.0,1917000250.0,3632873300.0,37901.0,709875.0,5.34,A035250
848,2015-06-11,39650,39700,37750,37750,709259,27191656436,-4.19,-8383851600.0,72217200.0,4502544600.0,3809089800.0,33263.0,709259.0,4.69,A035250
849,2015-06-12,38050,38850,38000,38150,747581,28725465000,1.06,-5731778300.0,-37301750.0,-563166650.0,6332246700.0,57258.0,747581.0,7.66,A035250
850,2015-06-15,38450,38600,37650,37750,535021,20281375550,-1.05,-5921767000.0,24014700.0,632062200.0,5265690100.0,5106.0,535021.0,0.95,A035250
851,2015-06-16,38700,39350,38500,38550,776980,30300953350,2.12,-5337203700.0,-20874000.0,-2341102000.0,7699179700.0,15538.0,776980.0,2.0,A035250
852,2015-06-17,38250,38550,37350,37650,712500,26876970046,-2.33,-6157982950.0,94235700.0,3410945700.0,2652801550.0,37947.0,712500.0,5.33,A035250
853,2015-06-18,37800,38000,36250,36450,723854,26818587680,-3.19,-10687342800.0,155886050.0,4073908950.0,6457547800.0,26337.0,723854.0,3.64,A035250
854,2015-06-19,36500,37000,36100,36500,604519,22106404750,0.14,-7191904500.0,-669198850.0,3415155000.0,4445948350.0,96117.0,604519.0,15.9,A035250
855,2015-06-22,36700,38500,36500,37050,612156,22977055600,1.51,-713272750.0,1041000.0,980910450.0,-268678700.0,38096.0,612156.0,6.22,A035250
856,2015-06-23,37100,37500,36650,37000,435983,16145587500,-0.13,-986872850.0,5234000.0,1994306600.0,-1012667750.0,35730.0,435983.0,8.2,A035250
857,2015-06-24,36900,38150,36900,37500,433961,16341828450,1.35,5086843350.0,-43914100.0,-404923900.0,-4638005350.0,7650.0,433961.0,1.76,A035250
858,2015-06-25,37900,37950,37400,37700,296820,11176134150,0.53,-887809000.0,15055000.0,705589950.0,167164050.0,15103.0,296820.0,5.09,A035250
859,2015-06-26,37800,38100,37000,37000,284330,10610102550,-1.86,-3649174650.0,173264000.0,2464884650.0,1011026000.0,13430.0,284330.0,4.72,A035250
860,2015-06-29,36450,37500,36350,37050,342143,12700829400,0.14,1379624300.0,10423150.0,-720653450.0,-669394000.0,7241.0,342143.0,2.12,A035250
861,2015-06-30,37400,37500,36600,37000,410634,15174791800,-0.13,1395753750.0,9928500.0,-84948450.0,-1320733800.0,16554.0,410634.0,4.03,A035250
862,2015-07-01,36850,38850,36800,38100,429649,16409637950,2.97,5302579500.0,-90893850.0,-4179233600.0,-1032452050.0,9635.0,429649.0,2.24,A035250
863,2015-07-02,38100,38900,38000,38550,370272,14282851150,1.18,1961020150.0,-7535450.0,-495113650.0,-1458371050.0,10434.0,370272.0,2.82,A035250
864,2015-07-03,38850,39050,38400,38700,367836,14231546200,0.39,2855269000.0,-99719150.0,-2702570100.0,-52979750.0,7135.0,367836.0,1.94,A035250
865,2015-07-06,38850,38850,37350,37500,331655,12595169900,-3.1,-1751053100.0,35514750.0,529671900.0,1185866450.0,17166.0,331655.0,5.18,A035250
866,2015-07-07,38450,38900,37850,38000,455699,17431059750,1.33,-1466691650.0,-13800100.0,-1690835650.0,3171327400.0,8114.0,455699.0,1.78,A035250
867,2015-07-08,38800,39550,38150,39150,503640,19666798250,3.03,6166850450.0,839255350.0,-4227141850.0,-2778963950.0,6987.0,503640.0,1.39,A035250
868,2015-07-09,39600,39600,38500,38800,380929,14867811324,-0.89,6220272800.0,-82473700.0,-2041574800.0,-4096224300.0,23839.0,380929.0,6.26,A035250
869,2015-07-10,38800,39250,38400,38650,220928,8547324450,-0.39,-1752386900.0,30434550.0,349796900.0,1372155450.0,18459.0,220928.0,8.36,A035250
870,2015-07-13,38450,39400,38200,39150,269908,10509005200,1.29,3355598050.0,-149701550.0,-1014286200.0,-2191610300.0,11033.0,269908.0,4.09,A035250
871,2015-07-14,38700,40150,38700,39800,334765,13289087350,1.66,2815750200.0,-77526450.0,-2858670400.0,120446650.0,26829.0,334765.0,8.01,A035250
872,2015-07-15,39800,41200,39700,41200,278752,11347193500,3.52,132046550.0,-81911900.0,-3788980500.0,3738845850.0,24518.0,278752.0,8.8,A035250
873,2015-07-16,41200,41400,40200,40550,202757,8242202750,-1.58,1992696450.0,-2070000.0,-50566700.0,-1940059750.0,26965.0,202757.0,13.3,A035250
874,2015-07-17,40250,41350,40000,41150,183483,7485531650,1.48,1162655450.0,-8718250.0,-816580600.0,-337356600.0,23785.0,183483.0,12.96,A035250
875,2015-07-20,41150,41250,40200,40550,434016,17691442308,-1.46,606443050.0,28924300.0,-207894450.0,-427472900.0,23891.0,434016.0,5.5,A035250
876,2015-07-21,40800,41000,40100,40550,196184,7960431955,0.0,-1513376250.0,39867050.0,-566297800.0,2039807000.0,5832.0,196184.0,2.97,A035250
877,2015-07-22,40200,40800,39550,40600,402449,16218754167,0.12,-575435200.0,-10602250.0,-173336750.0,759374200.0,5047.0,402449.0,1.25,A035250
878,2015-07-23,40900,40950,40100,40600,133067,5399809450,0.0,386476500.0,4060000.0,-408422500.0,17886000.0,3364.0,133067.0,2.53,A035250
879,2015-07-24,41200,41200,39550,40450,194560,7836176450,-0.37,2836095550.0,-18334450.0,-35231500.0,-2782529600.0,1156.0,194560.0,0.59,A035250
880,2015-07-27,39850,40400,39000,39500,229222,9066400850,-2.35,-1853951800.0,63772600.0,1018295750.0,771883450.0,3928.0,229222.0,1.71,A035250
881,2015-07-28,40000,41900,39800,41600,477765,19672584400,5.32,5041915350.0,-402686900.0,-4502638150.0,-136590300.0,9774.0,477765.0,2.05,A035250
882,2015-07-29,41200,41650,40600,40600,331885,13602851600,-2.4,1213606850.0,52057400.0,1098234550.0,-2363898800.0,7298.0,331885.0,2.2,A035250
883,2015-07-30,40600,41850,40400,41400,293952,12139231750,1.97,1544082050.0,-245410500.0,-1536454650.0,237783100.0,2197.0,293952.0,0.75,A035250
884,2015-07-31,41950,42650,41000,42650,429224,18135108200,3.02,4305055200.0,-435889200.0,-4329433200.0,460267200.0,23945.0,429224.0,5.58,A035250
885,2015-08-03,42200,42250,40150,40250,499662,20432165250,-5.63,1478599800.0,84793000.0,5592197350.0,-7155590150.0,61225.0,499662.0,12.25,A035250
886,2015-08-04,40150,40900,40150,40200,422879,17123389850,-0.12,1560916550.0,4015000.0,427470450.0,-1992402000.0,57677.0,422879.0,13.64,A035250
887,2015-08-05,40300,41750,40250,41250,395812,16302325000,2.61,3356861150.0,-2632200.0,-2721128600.0,-633100350.0,19436.0,395812.0,4.91,A035250
888,2015-08-06,41400,42600,40700,42100,376949,15919628550,2.06,7177588000.0,-409595350.0,-2354445400.0,-4413547250.0,51678.0,376949.0,13.71,A035250
889,2015-08-07,42500,42500,41300,41650,187063,7796957650,-1.07,787910700.0,57948800.0,490481650.0,-1336341150.0,3845.0,187063.0,2.06,A035250
890,2015-08-10,41250,42150,41250,42150,179060,7509421750,1.2,-192233250.0,1719950.0,-440470850.0,630984150.0,3368.0,179060.0,1.88,A035250
891,2015-08-11,42150,42300,41000,41400,350884,14523836920,-1.78,-303511220.0,6227200.0,1169588600.0,-872304580.0,20493.0,350884.0,5.84,A035250
892,2015-08-12,42350,44200,42300,43600,682500,29621478400,5.31,1420398300.0,-47955000.0,-6153106250.0,4780662950.0,36096.0,682500.0,5.29,A035250
893,2015-08-13,43600,45200,42850,43550,824022,36451810900,-0.11,788495800.0,-25758400.0,-2572532150.0,1809794750.0,96814.0,824022.0,11.75,A035250
894,2015-08-17,43150,44150,43100,43600,357275,15597747300,0.11,1978370250.0,0.0,-107047450.0,-1871322800.0,3219.0,357275.0,0.9,A035250
895,2015-08-18,43800,44600,43550,44150,496758,22005291700,1.26,-711401800.0,0.0,102866250.0,608535550.0,66336.0,496758.0,13.35,A035250
896,2015-08-19,43600,45350,43050,45150,696999,31001847900,2.27,12975502350.0,4971150.0,-2936964350.0,-10043509150.0,133866.0,696999.0,19.21,A035250
897,2015-08-20,45850,45900,44150,45250,588197,26412567550,0.22,2167732500.0,55191050.0,417193100.0,-2640116650.0,149888.0,588197.0,25.48,A035250
898,2015-08-21,44700,44700,43000,43250,693589,30226586450,-4.42,4186393900.0,193865100.0,2277401700.0,-6657660700.0,136343.0,693589.0,19.66,A035250
899,2015-08-24,42000,43850,42000,43250,599130,25827044200,0.0,518191500.0,154109500.0,-819810750.0,147509750.0,99338.0,599130.0,16.58,A035250
900,2015-08-25,42500,42700,40700,40850,1101866,45544616350,-5.55,-6488926800.0,98191150.0,11039958050.0,-4649222400.0,188554.0,1101866.0,17.11,A035250
901,2015-08-26,40500,43300,40300,43200,686285,29062147250,5.75,3260905150.0,163556000.0,-6790526550.0,3366065400.0,149599.0,686285.0,21.8,A035250
902,2015-08-27,42450,42950,41850,42150,693860,29349339550,-2.43,623928500.0,-32278200.0,2927074850.0,-3518725150.0,38793.0,693860.0,5.59,A035250
903,2015-08-28,41500,41900,40950,41350,978499,40390778700,-1.9,-1244411450.0,10649500.0,7699906650.0,-6466144700.0,25171.0,978499.0,2.57,A035250
904,2015-08-31,41500,43200,41150,42550,922298,39076636200,2.9,-371138850.0,13773700.0,-4775103600.0,5132468750.0,15925.0,922298.0,1.73,A035250
905,2015-09-01,42100,42850,41800,42550,392777,16669863900,0.0,934921100.0,-2172450.0,-560749300.0,-371999350.0,53828.0,392777.0,13.7,A035250
906,2015-09-02,41300,42550,40900,41100,710671,29445355300,-3.41,5204499650.0,151611550.0,4421805400.0,-9777916600.0,4833.0,710671.0,0.68,A035250
907,2015-09-03,41350,41900,41100,41500,458369,19074810150,0.97,4781347500.0,-128717150.0,-1521997550.0,-3130632800.0,13152.0,458369.0,2.87,A035250
908,2015-09-04,41100,41400,40500,40600,316295,12936109300,-2.17,941847500.0,91226350.0,658259750.0,-1691333600.0,22030.0,316295.0,6.97,A035250
909,2015-09-07,41100,41650,40600,41400,352133,14569449900,1.97,2430786500.0,-26996250.0,-1494989100.0,-908801150.0,19843.0,352133.0,5.64,A035250
910,2015-09-08,41500,41500,39900,40100,288562,11603973800,-3.14,1181981350.0,50754850.0,4408017100.0,-5640753300.0,6364.0,288562.0,2.21,A035250
911,2015-09-09,40650,41700,40300,41500,508927,21058827650,3.49,3587574850.0,17537400.0,-4291945250.0,686833000.0,16585.0,508927.0,3.26,A035250
912,2015-09-10,41400,42350,41400,42200,601042,25306459200,1.69,5247813550.0,-76620050.0,-1883673050.0,-3287520450.0,34661.0,601042.0,5.77,A035250
913,2015-09-11,41600,41850,40600,40600,423068,17352769100,-3.79,-7468217000.0,-43523200.0,5133169450.0,2378570750.0,1774.0,423068.0,0.42,A035250
914,2015-09-14,40650,41450,40650,41450,305625,12567183400,2.09,3057721500.0,-47960000.0,-2751702100.0,-258059400.0,32249.0,305625.0,10.55,A035250
915,2015-09-15,41750,41800,41000,41750,260974,10851131760,0.72,4798511500.0,-7915250.0,-1225216000.0,-3565380250.0,27493.0,260974.0,10.53,A035250
916,2015-09-16,41800,42100,41450,41750,392086,16388391900,0.0,1748031000.0,-6707600.0,983986600.0,-2725310000.0,29941.0,392086.0,7.64,A035250
917,2015-09-17,42150,42200,41150,41550,539193,22373399850,-0.48,-2798823200.0,3479700.0,1266573950.0,1528769550.0,12936.0,539193.0,2.4,A035250
918,2015-09-18,41350,42750,41150,42750,504088,21342886200,2.89,2624625150.0,0.0,-3893148100.0,1268522950.0,90147.0,504088.0,17.88,A035250
919,2015-09-21,42750,42800,41850,42550,334271,14154705250,-0.47,3431281450.0,-28230500.0,1011649750.0,-4414700700.0,42303.0,334271.0,12.66,A035250
920,2015-09-22,42950,43900,42600,43900,396325,17226740750,3.17,6859100750.0,132706550.0,-4623588450.0,-2368218850.0,88740.0,396325.0,22.39,A035250
921,2015-09-23,43050,43450,42450,42600,333829,14319089050,-2.96,2663474000.0,26011550.0,2081181100.0,-4770666650.0,36428.0,333829.0,10.91,A035250
922,2015-09-24,42950,43150,42500,43000,191692,8225810950,0.94,2279949000.0,-42750000.0,-440964500.0,-1796234500.0,27573.0,191692.0,14.38,A035250
923,2015-09-25,43450,43450,42450,42650,205027,8737399950,-0.81,1587742250.0,-2216250.0,246390800.0,-1831916800.0,8921.0,205027.0,4.35,A035250
924,2015-09-30,42600,42650,41350,42300,584568,24602708500,-0.82,87665800.0,60114100.0,965407750.0,-1113187650.0,4852.0,584568.0,0.83,A035250
925,2015-10-01,41600,43450,41600,43050,530477,22812142700,1.77,3061711500.0,-22036700.0,-1514151650.0,-1525523150.0,27357.0,530477.0,5.16,A035250
926,2015-10-02,43250,43650,42550,42650,258863,11177007081,-0.93,36640200.0,37188950.0,-407937250.0,334108100.0,1273.0,258863.0,0.49,A035250
927,2015-10-05,42600,43150,42350,42650,196150,8365783650,0.0,-919627200.0,-34380750.0,1066807250.0,-112799300.0,687.0,196150.0,0.35,A035250
928,2015-10-06,42550,42900,42200,42500,286549,12174737000,-0.35,-1396037200.0,-72072300.0,672060950.0,796048550.0,2092.0,286549.0,0.73,A035250
929,2015-10-07,42000,42950,41950,42050,377522,15977072800,-1.06,-3769093750.0,-4220000.0,1236344050.0,2536969700.0,8974.0,377522.0,2.38,A035250
930,2015-10-08,42500,42650,41000,41400,655446,27082592900,-1.55,-5666211200.0,30621450.0,5179966500.0,455623250.0,70654.0,655446.0,10.78,A035250
931,2015-10-12,41150,42800,40900,42800,534448,22524061850,3.38,731767600.0,-372721950.0,-3424244800.0,3065199150.0,94800.0,534448.0,17.74,A035250
932,2015-10-13,42500,43500,42250,43200,379119,16314751500,0.93,53813450.0,137512300.0,-2042043050.0,1850717300.0,47359.0,379119.0,12.49,A035250
933,2015-10-14,43200,43300,42200,42500,298070,12701293550,-1.62,-1603244350.0,40001400.0,1262802050.0,300440900.0,27655.0,298070.0,9.28,A035250
934,2015-10-15,42300,42950,42200,42550,228425,9739425350,0.12,921759100.0,-23912650.0,-132615750.0,-765230700.0,29561.0,228425.0,12.94,A035250
935,2015-10-16,42550,42900,42500,42750,186391,7958607950,0.47,318313500.0,85500000.0,-137548800.0,-266264700.0,42406.0,186391.0,22.75,A035250
936,2015-10-19,43100,43500,42750,43350,249650,10790757400,1.4,-1683277300.0,-86250000.0,-1049971450.0,2819498750.0,33207.0,249650.0,13.3,A035250
937,2015-10-20,42800,42950,42500,42700,296929,12670901000,-1.5,-949785300.0,-48230200.0,2034440900.0,-1036425400.0,12151.0,296929.0,4.09,A035250
938,2015-10-21,42550,43250,42550,42750,191058,8179282950,0.12,-188321750.0,128700000.0,-56884600.0,116506350.0,14922.0,191058.0,7.81,A035250
939,2015-10-22,42550,43100,42500,43050,182643,7833772600,0.7,-143606250.0,-12915000.0,-1137623850.0,1294145100.0,28267.0,182643.0,15.48,A035250
940,2015-10-23,43200,44400,43000,44100,463625,20388281350,2.44,2613864300.0,-69729400.0,-5131465950.0,2587331050.0,94614.0,463625.0,20.41,A035250
941,2015-10-26,44200,44300,43000,43550,711185,30856592220,-1.25,-3570498850.0,-87200000.0,2832417050.0,825281800.0,47464.0,711185.0,6.67,A035250
942,2015-10-27,43600,43750,43100,43750,263616,11461113300,0.46,-56182800.0,14739000.0,52040100.0,-10596300.0,27006.0,263616.0,10.24,A035250
943,2015-10-28,43850,43850,43200,43600,247074,10746943530,-0.34,192541350.0,-83591100.0,390512500.0,-499462750.0,7612.0,247074.0,3.08,A035250
944,2015-10-29,43050,43350,42300,42500,388142,16491444350,-2.52,-2433592100.0,84492500.0,4933477450.0,-2584377850.0,12237.0,388142.0,3.15,A035250
945,2015-10-30,42400,42700,41850,42300,231184,9750002500,-0.47,-350867800.0,63296100.0,1226251750.0,-938680050.0,7575.0,231184.0,3.28,A035250
946,2015-11-02,42100,42300,41150,41550,306253,12719697400,-1.77,-2707581800.0,128098600.0,4974265500.0,-2394782300.0,5739.0,306253.0,1.87,A035250
947,2015-11-03,41600,43200,41600,43200,509233,21689176150,3.97,518717850.0,22106650.0,-5998893750.0,5458069250.0,26416.0,509233.0,5.19,A035250
948,2015-11-04,43250,43250,42650,43050,189660,8131439950,-0.35,-709899750.0,-859000.0,-544057050.0,1254815800.0,11161.0,189660.0,5.88,A035250
949,2015-11-05,43000,43000,42100,42900,246700,10474744850,-0.35,-3307820350.0,-10400400.0,1507096200.0,1811124550.0,9259.0,246700.0,3.75,A035250
950,2015-11-06,42800,42900,42400,42550,178116,7603798150,-0.82,-914299550.0,372800.0,-127774750.0,1041701500.0,5572.0,178116.0,3.13,A035250
951,2015-11-09,42300,42850,42200,42750,179422,7660546900,0.47,3354622250.0,9650200.0,-754528400.0,-2609744050.0,27752.0,179422.0,15.47,A035250
952,2015-11-10,42900,43050,41800,42050,276612,11680580900,-1.64,-991695000.0,11279000.0,659741450.0,320674550.0,13400.0,276612.0,4.84,A035250
953,2015-11-11,42050,42050,40900,41200,539272,22222231750,-2.02,-5176853250.0,95131400.0,6424012450.0,-1342290600.0,52455.0,539272.0,9.73,A035250
954,2015-11-12,41150,41700,41100,41200,292805,12099905570,0.0,-623219350.0,-100924150.0,-169714700.0,893858200.0,29566.0,292805.0,10.1,A035250
955,2015-11-13,40700,41100,40450,40600,262927,10688629250,-1.46,-1802935400.0,-77317800.0,1187457050.0,692796150.0,18747.0,262927.0,7.13,A035250
956,2015-11-16,39700,40600,39500,39500,464247,18432626400,-2.71,-2449365600.0,-169821250.0,3600468700.0,-981281850.0,13187.0,464247.0,2.84,A035250
957,2015-11-17,40100,40150,39700,39700,190452,7591486000,0.51,-239804950.0,-157793650.0,977139600.0,-579541000.0,18083.0,190452.0,9.49,A035250
958,2015-11-18,39400,39600,38550,38750,469839,18272874000,-2.39,-1092654400.0,2484350.0,4775727150.0,-3685557100.0,7596.0,469839.0,1.62,A035250
959,2015-11-19,39000,39500,38600,39000,427751,16668827200,0.65,-4970931200.0,126977850.0,1279526050.0,3564427300.0,11835.0,427751.0,2.77,A035250
960,2015-11-20,38600,38650,37200,37500,950438,35707456950,-3.85,-15245282450.0,113519450.0,13815355600.0,1316407400.0,84011.0,950438.0,8.84,A035250
961,2015-11-23,37750,38100,37400,37800,642246,24258954700,0.8,-7670466600.0,60590250.0,1524935700.0,6084940650.0,27094.0,642246.0,4.22,A035250
962,2015-11-24,38000,38200,37450,38000,419525,15842428650,0.53,-5005629600.0,52114150.0,1883105550.0,3070409900.0,15852.0,419525.0,3.78,A035250
963,2015-11-25,37800,38250,37600,37750,319790,12105284700,-0.66,-3003003150.0,191805400.0,2254167300.0,557030450.0,25779.0,319790.0,8.06,A035250
964,2015-11-26,37850,38200,37700,38100,260982,9906088050,0.93,382644100.0,-49563500.0,505491250.0,-838571850.0,16956.0,260982.0,6.5,A035250
965,2015-11-27,38300,38300,37850,38200,282674,10741395950,0.26,-981753950.0,9981350.0,1228015350.0,-256242750.0,41744.0,282674.0,14.77,A035250
966,2015-11-30,38200,38450,37850,38200,628058,24006439750,0.0,5706556850.0,394869500.0,-933665050.0,-5167761300.0,34667.0,628058.0,5.52,A035250
967,2015-12-01,38500,40350,38450,40000,931166,37047887000,4.71,4131638350.0,636981500.0,-9678103250.0,4909483400.0,91101.0,931166.0,9.78,A035250
968,2015-12-02,39600,40100,39400,39800,378124,15027687150,-0.5,1803112300.0,-81940800.0,450779250.0,-2171950750.0,53316.0,378124.0,14.1,A035250
969,2015-12-03,40100,40100,39350,39500,360265,14260571650,-0.75,-438570750.0,200081000.0,722614700.0,-484124950.0,25040.0,360265.0,6.95,A035250
970,2015-12-04,39350,39400,38250,38300,546128,21024869873,-3.04,-3902969600.0,689700.0,4264681600.0,-362401700.0,58350.0,546128.0,10.68,A035250
971,2015-12-07,38600,40500,38550,39900,527022,20970504550,4.18,-2521954050.0,-116050.0,-7159056650.0,9681126750.0,40275.0,527022.0,7.64,A035250
972,2015-12-08,40500,40700,39450,39850,504558,20144990050,-0.13,-2170097350.0,-28829100.0,-2075496350.0,4274422800.0,40547.0,504558.0,8.04,A035250
973,2015-12-09,40000,40000,39200,39550,357434,14142885750,-0.75,-858340100.0,5002200.0,19673550.0,833664350.0,43571.0,357434.0,12.19,A035250
974,2015-12-10,39250,39500,38500,39450,586332,22833894950,-0.25,-526014350.0,131975550.0,600292150.0,-206253350.0,24064.0,586332.0,4.1,A035250
975,2015-12-11,39000,39400,38350,38350,407596,15700897400,-2.79,-2951596050.0,463200.0,3165074700.0,-213941850.0,6520.0,407596.0,1.6,A035250
976,2015-12-14,38350,39000,37950,38900,302271,11707869274,1.43,1272874850.0,-4857300.0,-2786508300.0,1518490750.0,4697.0,302271.0,1.55,A035250
977,2015-12-15,39300,39300,38250,38300,359755,13854379650,-1.54,-1565440150.0,0.0,1625516350.0,-60076200.0,19788.0,359755.0,5.5,A035250
978,2015-12-16,38600,39450,38500,39050,504124,19700827050,1.96,2346344100.0,0.0,-2912081450.0,565737350.0,1380.0,504124.0,0.27,A035250
979,2015-12-17,39350,40200,39250,40100,368942,14766130650,2.69,-263213700.0,-4966300.0,-4293830150.0,4562010150.0,854.0,368942.0,0.23,A035250
980,2015-12-18,39500,39850,39100,39450,355967,13995385050,-1.62,-1948948900.0,-94260600.0,2896914150.0,-853704650.0,22821.0,355967.0,6.41,A035250
981,2015-12-21,39500,40500,39450,39800,317134,12706004400,0.89,2738840300.0,-2191500.0,-3942341150.0,1205692350.0,2531.0,317134.0,0.8,A035250
982,2015-12-22,40250,40600,39700,40600,309071,12424770850,2.01,-41303350.0,5831850.0,-3370273200.0,3405744700.0,10412.0,309071.0,3.37,A035250
983,2015-12-23,40600,41200,40300,40650,291426,11926323900,0.12,2572943700.0,-32988450.0,-3101427100.0,561471850.0,17936.0,291426.0,6.15,A035250
984,2015-12-24,41200,41350,40400,40400,240015,9792037300,-0.62,2189927150.0,-202794050.0,-2090638550.0,103505450.0,2427.0,240015.0,1.01,A035250
985,2015-12-28,40450,40700,39200,39200,354011,14126584500,-2.97,39823950.0,-234909750.0,-1336464350.0,1531550150.0,668.0,354011.0,0.19,A035250
986,2015-12-29,38900,39900,38550,39350,235670,9229047100,0.38,-4901931950.0,437250.0,-30320150.0,4931814850.0,9692.0,235670.0,4.11,A035250
987,2015-12-30,39350,39800,38300,38400,349760,13513293100,-2.41,-6128484100.0,22762100.0,3733434450.0,2372287550.0,25087.0,349760.0,7.17,A035250
988,2016-01-04,38400,38750,38000,38300,263126,10101230600,-0.26,-3015958550.0,153600.0,-14416450.0,3030221400.0,7611.0,263126.0,2.89,A035250
989,2016-01-05,38600,38950,38050,38800,335552,12944325200,1.31,2011288450.0,0.0,-456450050.0,-1554838400.0,37697.0,335552.0,11.23,A035250
990,2016-01-06,38500,38650,37550,37850,418608,15861321550,-2.45,-1709186150.0,48448400.0,3847988500.0,-2187250750.0,85394.0,418608.0,20.4,A035250
991,2016-01-07,37900,38200,36900,36900,386977,14418946900,-2.51,-596824250.0,92863100.0,2993492500.0,-2489531350.0,2566.0,386977.0,0.66,A035250
992,2016-01-08,37400,39600,36900,39600,585576,22558446600,7.32,3162226500.0,-30679550.0,-6728496300.0,3596949350.0,35726.0,585576.0,6.1,A035250
993,2016-01-11,38600,39400,37900,38200,270818,10380342500,-3.54,-50902050.0,1154150.0,2316133000.0,-2266385100.0,7918.0,270818.0,2.92,A035250
994,2016-01-12,38400,38800,38200,38650,209222,8050496000,1.18,962481450.0,230813950.0,-1333345700.0,140050300.0,21660.0,209222.0,10.35,A035250
995,2016-01-13,38650,39150,38350,39050,225355,8756122850,1.03,306836100.0,1969100.0,-976243550.0,667438350.0,40724.0,225355.0,18.07,A035250
996,2016-01-14,38500,38550,37900,37900,259733,9905215600,-2.94,-65012400.0,259575100.0,2189411150.0,-2383973850.0,22389.0,259733.0,8.62,A035250
997,2016-01-15,38100,38450,37650,37850,202048,7666268050,-0.13,-918569700.0,-119229100.0,-6416900.0,1044215700.0,5050.0,202048.0,2.5,A035250
998,2016-01-18,38100,38350,37550,38000,190434,7250072350,0.4,2191068100.0,-146486300.0,-878506150.0,-1166075650.0,18058.0,190434.0,9.48,A035250
999,2016-01-19,38050,38200,37100,37600,147399,5564203050,-1.05,1678221500.0,301200.0,440187150.0,-2118709850.0,3456.0,147399.0,2.34,A035250
1000,2016-01-20,37600,38350,37200,38300,267226,10114447200,1.86,3764522900.0,92736550.0,-1359427450.0,-2497832000.0,41828.0,267226.0,15.65,A035250
1001,2016-01-21,38600,38600,37050,37050,294744,11042935550,-3.26,980394950.0,206299850.0,3851433100.0,-5038127900.0,54854.0,294744.0,18.61,A035250
1002,2016-01-22,36900,38850,36900,38600,372155,14223770700,4.18,1263046150.0,-38300000.0,-5631941750.0,4407195600.0,61572.0,372155.0,16.54,A035250
1003,2016-01-25,39750,39950,39100,39400,349524,13823145600,2.07,2117511100.0,-80193900.0,-3604801500.0,1567484300.0,58421.0,349524.0,16.71,A035250
1004,2016-01-26,38900,39400,38600,38800,164859,6434586650,-1.52,2214895650.0,0.0,-351957750.0,-1862937900.0,9620.0,164859.0,5.84,A035250
1005,2016-01-27,39400,39900,39000,39900,270742,10733242200,2.84,1806020600.0,-296814700.0,-2838016350.0,1328810450.0,21521.0,270742.0,7.95,A035250
1006,2016-01-28,39900,39900,38850,39850,166176,6571418950,-0.13,-778024150.0,-50227000.0,-318147050.0,1146398200.0,9634.0,166176.0,5.8,A035250
1007,2016-01-29,39750,41250,39500,41200,508559,20741373700,3.39,-744575450.0,63641750.0,-7591227600.0,8272161300.0,33003.0,508559.0,6.49,A035250
1008,2016-02-01,40700,41600,40350,41600,297084,12243382400,0.97,-747538900.0,369450.0,-2449314700.0,3196484150.0,58529.0,297084.0,19.7,A035250
1009,2016-02-02,41200,42200,41100,41800,290941,12175439000,0.48,2989524500.0,498000.0,-3617887300.0,627864800.0,62044.0,290941.0,21.33,A035250
1010,2016-02-03,41500,41550,40650,41200,247964,10208559650,-1.44,940815550.0,4120000.0,482390550.0,-1427326100.0,22048.0,247964.0,8.89,A035250
1011,2016-02-04,41150,41550,40450,41550,333867,13746702200,0.85,-632326300.0,-28757850.0,-1164663050.0,1825747200.0,15605.0,333867.0,4.67,A035250
1012,2016-02-05,41450,41700,40900,41200,147823,6127599250,-0.84,981468850.0,-18697500.0,-937500950.0,-25270400.0,95.0,147823.0,0.06,A035250
1013,2016-02-11,40000,42450,39900,41700,505621,21011992950,1.21,881880500.0,-142874500.0,-4947058500.0,4208052500.0,20910.0,505621.0,4.14,A035250
1014,2016-02-12,42150,42150,40300,40600,687758,28202901700,-2.64,9602758850.0,-23794150.0,-583238400.0,-8995726300.0,29964.0,687758.0,4.36,A035250
1015,2016-02-15,40350,41400,40350,40850,370213,15145687050,0.62,7034938200.0,114654000.0,-662780750.0,-6486811450.0,1528.0,370213.0,0.41,A035250
1016,2016-02-16,40700,41450,40700,41100,196389,8091640550,0.61,1013571200.0,50834700.0,-1199604350.0,135198450.0,2722.0,196389.0,1.39,A035250
1017,2016-02-17,40800,41500,40750,41150,264832,10913573750,0.12,2911729250.0,-415203550.0,-76765150.0,-2419760550.0,6495.0,264832.0,2.45,A035250
1018,2016-02-18,41000,41300,39800,40350,516640,20791296300,-1.94,-2683733850.0,66835100.0,5350843700.0,-2733944950.0,43477.0,516640.0,8.42,A035250
1019,2016-02-19,40300,41450,40000,41050,322649,13228591100,1.73,970949850.0,-188320550.0,-3904510000.0,3121880700.0,2796.0,322649.0,0.87,A035250
1020,2016-02-22,41000,41200,40650,41050,207251,8482593650,0.0,2217069200.0,-9139150.0,-26264550.0,-2181665500.0,989.0,207251.0,0.48,A035250
1021,2016-02-23,40800,41500,40800,41450,284372,11759571850,0.97,1949716350.0,0.0,-2242529750.0,292813400.0,14587.0,284372.0,5.13,A035250
1022,2016-02-24,41450,41900,41400,41900,214104,8950806300,1.09,2526883300.0,158897450.0,-1695649300.0,-990131450.0,12951.0,214104.0,6.05,A035250
1023,2016-02-25,41350,41950,40900,41050,229428,9474525100,-2.03,2317793000.0,251960200.0,1394439050.0,-3964192250.0,6175.0,229428.0,2.69,A035250
1024,2016-02-26,41100,41750,41100,41250,185335,7682277750,0.49,889969750.0,-85717500.0,-714354300.0,-89897950.0,8285.0,185335.0,4.47,A035250
1025,2016-02-29,41100,41650,41100,41250,215666,8930159300,0.0,158627350.0,-136586750.0,-413220350.0,391179750.0,3321.0,215666.0,1.54,A035250
1026,2016-03-02,41300,42000,41250,41850,246376,10318505950,1.45,-351391650.0,-75000.0,-2120479750.0,2471946400.0,11244.0,246376.0,4.56,A035250
1027,2016-03-03,41850,42000,41000,41350,240160,9922546250,-1.19,-1915105050.0,138766150.0,1883332750.0,-106993850.0,2835.0,240160.0,1.18,A035250
1028,2016-03-04,41350,41500,40350,40600,323558,13155071800,-1.81,-2738776450.0,104622500.0,3397233750.0,-763079800.0,1632.0,323558.0,0.5,A035250
1029,2016-03-07,40500,40900,40100,40200,344341,13953055050,-0.99,-2187360700.0,-47395800.0,1795443000.0,439313500.0,8345.0,344341.0,2.42,A035250
1030,2016-03-08,40000,40800,39950,39950,302834,12150376600,-0.62,-468066000.0,21000000.0,1497021950.0,-1049955950.0,1738.0,302834.0,0.57,A035250
1031,2016-03-09,39750,41350,39700,41350,439584,17994813800,3.5,5292627150.0,-90670150.0,-5368235450.0,166278450.0,6714.0,439584.0,1.53,A035250
1032,2016-03-10,41600,41700,40800,41550,293862,12180064100,0.48,-2429849100.0,-98771500.0,-1490630950.0,4019251550.0,4654.0,293862.0,1.58,A035250
1033,2016-03-11,41200,41900,41100,41350,214250,8914474200,-0.48,-604895350.0,0.0,-1536272900.0,2141168250.0,7249.0,214250.0,3.38,A035250
1034,2016-03-14,41350,41900,40350,40600,258616,10539234650,-1.81,-2233335450.0,-60900950.0,2864410250.0,-570173850.0,2324.0,258616.0,0.9,A035250
1035,2016-03-15,40500,41500,40500,41300,228147,9403903850,1.72,-835223950.0,0.0,-2595369100.0,3430593050.0,4798.0,228147.0,2.1,A035250
1036,2016-03-16,41050,42300,41050,42150,399905,16834969800,2.06,4561362600.0,-43936450.0,-5908695350.0,1391269200.0,13466.0,399905.0,3.37,A035250
1037,2016-03-17,42400,42700,41850,42100,335061,14194254600,-0.12,-327233000.0,-2472200.0,-2279115450.0,2608820650.0,6349.0,335061.0,1.89,A035250
1038,2016-03-18,41700,42600,41700,41750,322679,13566504350,-0.83,-1137498650.0,0.0,-66290150.0,1203788800.0,2685.0,322679.0,0.83,A035250
1039,2016-03-21,41750,42600,41500,42500,267018,11289287600,1.8,-1370616350.0,-12679500.0,-817767200.0,2201063050.0,36998.0,267018.0,13.86,A035250
1040,2016-03-22,42200,42750,42050,42500,230371,9786802750,0.0,2001276800.0,-42287200.0,-829863150.0,-1129126450.0,4870.0,230371.0,2.11,A035250
1041,2016-03-23,42300,42700,41800,42250,150783,6362744750,-0.59,896743800.0,82006650.0,169562650.0,-1148313100.0,6333.0,150783.0,4.2,A035250
1042,2016-03-24,42050,42050,41500,41750,183669,7669358100,-1.18,812282600.0,-14902850.0,648520950.0,-1445900700.0,11956.0,183669.0,6.51,A035250
1043,2016-03-25,41750,42500,41650,42000,214278,9016115050,0.6,1770924650.0,-31370000.0,-196654800.0,-1542899850.0,1625.0,214278.0,0.76,A035250
1044,2016-03-28,41850,42300,41800,42100,159280,6696710100,0.24,1514530450.0,-58755000.0,-1161689700.0,-294085750.0,1472.0,159280.0,0.92,A035250
1045,2016-03-29,42100,42750,41950,42750,301776,12823398200,1.54,3143541250.0,-255486000.0,-4247514200.0,1359458950.0,21490.0,301776.0,7.12,A035250
1046,2016-03-30,42750,42750,40650,40950,778267,32008912211,-4.21,-4347852100.0,146398850.0,8640409850.0,-4438956600.0,65222.0,778267.0,8.38,A035250
1047,2016-03-31,41150,41300,40500,40900,891476,36417823935,-0.12,-5942612300.0,-1019750.0,2060265150.0,3883366900.0,18101.0,891476.0,2.03,A035250
1048,2016-04-01,40950,41450,40550,41100,459385,18848912421,0.49,1726238050.0,-44194800.0,-625705350.0,-1056337900.0,48747.0,459385.0,10.61,A035250
1049,2016-04-04,40650,40900,40000,40250,342640,13809972000,-2.07,-5031427350.0,6319500.0,4518833100.0,506274750.0,2941.0,342640.0,0.86,A035250
1050,2016-04-05,40150,41250,40150,41250,309084,12657321400,2.48,-2783402950.0,-20642350.0,-2902527350.0,5706572650.0,32468.0,309084.0,10.5,A035250
1051,2016-04-06,40750,41350,40700,41100,314530,12923943150,-0.36,-3403929400.0,-49980950.0,-1184015750.0,4637926100.0,25675.0,314530.0,8.16,A035250
1052,2016-04-07,41200,41250,40350,40500,421655,17086381550,-1.46,-3058056200.0,29389050.0,3079838000.0,-51170850.0,53620.0,421655.0,12.72,A035250
1053,2016-04-08,40250,41200,40250,41000,295008,12051824050,1.23,-4456159250.0,33202500.0,-1542162850.0,5965119600.0,33070.0,295008.0,11.21,A035250
1054,2016-04-11,41000,41450,40950,41100,199870,8240314500,0.24,-1076392150.0,18847350.0,-1547605600.0,2605150400.0,30407.0,199870.0,15.21,A035250
1055,2016-04-12,41350,41350,40650,40950,233281,9523439200,-0.36,-741066550.0,31004050.0,477754850.0,232307650.0,43760.0,233281.0,18.76,A035250
1056,2016-04-14,41500,42150,41050,42150,418901,17524105100,2.93,3162221350.0,-62950550.0,-5862865850.0,2763595050.0,26096.0,418901.0,6.23,A035250
1057,2016-04-15,42450,43700,42350,43400,504378,21742506650,2.97,2228794350.0,-129495400.0,-7165060900.0,5065761950.0,105931.0,504378.0,21.0,A035250
1058,2016-04-18,42600,43400,42550,42850,356645,15280144750,-1.27,761062400.0,216717050.0,-376361100.0,-601418350.0,69395.0,356645.0,19.46,A035250
1059,2016-04-19,42650,42900,42200,42900,367179,15601088690,0.12,1853079250.0,93653350.0,358572500.0,-2305305100.0,32003.0,367179.0,8.72,A035250
1060,2016-04-20,42800,43000,41950,42300,451611,19094895350,-1.4,-1151118850.0,94655200.0,2666706200.0,-1610242550.0,19472.0,451611.0,4.31,A035250
1061,2016-04-21,42600,42600,42000,42350,204486,8633271750,0.12,-1384429350.0,5137050.0,526967500.0,852324800.0,11259.0,204486.0,5.51,A035250
1062,2016-04-22,42000,42500,42000,42150,171915,7255422750,-0.47,-1451838600.0,-47061300.0,415296000.0,1083603900.0,7688.0,171915.0,4.47,A035250
1063,2016-04-25,41850,43000,41850,42950,205692,8794152100,1.9,1039835000.0,-33429200.0,-2381442800.0,1375037000.0,39359.0,205692.0,19.13,A035250
1064,2016-04-26,42600,43150,42550,42750,286329,12259935850,-0.47,1285694600.0,8283500.0,456246650.0,-1750224750.0,37010.0,286329.0,12.93,A035250
1065,2016-04-27,42500,43250,42450,43250,218461,9372910000,1.17,-23031550.0,-20770900.0,-999557700.0,1043360150.0,18355.0,218461.0,8.4,A035250
1066,2016-04-28,43050,43300,42700,43150,452225,19471326000,-0.23,2416800600.0,-19375000.0,-354385650.0,-2043039950.0,46925.0,452225.0,10.38,A035250
1067,2016-04-29,42750,42950,42300,42650,260571,11087494350,-1.16,1292638700.0,12710000.0,784967850.0,-2090316550.0,8048.0,260571.0,3.09,A035250
1068,2016-05-02,42150,43200,42150,42750,146693,6289415300,0.23,728309700.0,-8197850.0,-738939650.0,18827800.0,11795.0,146693.0,8.04,A035250
1069,2016-05-03,42750,42950,42250,42250,200180,8505431150,-1.17,-485045500.0,162916000.0,1655442600.0,-1333313100.0,3670.0,200180.0,1.83,A035250
1070,2016-05-04,42000,43100,42000,43050,368187,15766730300,1.89,471953250.0,-81277950.0,-2206455900.0,1815780600.0,14925.0,368187.0,4.05,A035250
1071,2016-05-09,42900,44600,42850,44600,498761,21941658200,3.6,5974707300.0,-103514100.0,-7352506950.0,1481313750.0,35670.0,498761.0,7.15,A035250
1072,2016-05-10,44400,44400,42400,43300,310290,13410261000,-2.91,1724199250.0,156618750.0,2220206850.0,-4101024850.0,33925.0,310290.0,10.93,A035250
1073,2016-05-11,43050,43150,42400,42700,300479,12804425700,-1.39,-3836743250.0,41582300.0,2706261700.0,1088899250.0,14210.0,300479.0,4.73,A035250
1074,2016-05-12,42650,42850,42150,42500,217871,9230916250,-0.47,17359900.0,252352750.0,2497440900.0,-2767153550.0,23177.0,217871.0,10.64,A035250
1075,2016-05-13,42500,42750,42000,42200,220559,9307841400,-0.71,-2830494350.0,13355900.0,2650208600.0,166929850.0,22264.0,220559.0,10.09,A035250
1076,2016-05-16,41900,42600,41850,42600,220541,9335974600,0.95,892845900.0,-13958250.0,-320754300.0,-558133350.0,17074.0,220541.0,7.74,A035250
1077,2016-05-17,42150,42600,42150,42550,201342,8543127100,-0.12,518321200.0,2180100.0,346337100.0,-866838400.0,19013.0,201342.0,9.44,A035250
1078,2016-05-18,42100,42400,41100,42400,344639,14437620750,-0.35,1578691100.0,43602100.0,1278391950.0,-2900685150.0,31028.0,344639.0,9.0,A035250
1079,2016-05-19,41700,42500,41300,42300,296249,12506523050,-0.24,3180772650.0,0.0,-351024850.0,-2829747800.0,42840.0,296249.0,14.46,A035250
1080,2016-05-20,42050,42450,41800,42450,270691,11444937750,0.35,2043040450.0,2366900.0,-707682700.0,-1337724650.0,19985.0,270691.0,7.38,A035250
1081,2016-05-23,42450,42450,41150,41150,372289,15380734150,-3.06,-1452573750.0,103688650.0,5960410800.0,-4611525700.0,70116.0,372289.0,18.83,A035250
1082,2016-05-24,40900,41100,40550,40550,401264,16352783750,-1.46,-186712250.0,20111500.0,2375532700.0,-2208931950.0,51144.0,401264.0,12.75,A035250
1083,2016-05-25,40850,41950,40850,41500,328205,13598519500,2.34,3363756350.0,-248700.0,-2263000400.0,-1100507250.0,5509.0,328205.0,1.68,A035250
1084,2016-05-26,41500,41900,41250,41600,176193,7344748750,0.24,3213404150.0,-128602600.0,-1275120350.0,-1809681200.0,19248.0,176193.0,10.92,A035250
1085,2016-05-27,41800,42050,41300,41950,177966,7436012700,0.84,-297233350.0,-5072750.0,-742316650.0,1044622750.0,15390.0,177966.0,8.65,A035250
1086,2016-05-30,41750,42050,41600,41950,192857,8078760700,0.0,-703071400.0,-33548150.0,-127653800.0,864273350.0,34257.0,192857.0,17.76,A035250
1087,2016-05-31,41650,42550,41550,42550,593522,25195881550,1.43,677014050.0,2253950.0,-1933598700.0,1254330700.0,86047.0,593522.0,14.5,A035250
1088,2016-06-01,42300,42550,41800,42000,296016,12445646650,-1.29,-3554256150.0,12261300.0,1502682050.0,2039312800.0,17347.0,296016.0,5.86,A035250
1089,2016-06-02,41750,42750,41600,42400,231542,9814206000,0.95,-412661050.0,8740550.0,-1489072800.0,1892993300.0,57338.0,231542.0,24.76,A035250
1090,2016-06-03,42700,42800,42250,42800,234547,10005980800,0.94,2837162800.0,-123926650.0,-1936837500.0,-776398650.0,28995.0,234547.0,12.36,A035250
1091,2016-06-07,42450,43450,42400,43400,334185,14420294300,1.4,1350965550.0,-5353950.0,-4356172950.0,3010561350.0,53393.0,334185.0,15.98,A035250
1092,2016-06-08,43400,44200,43200,44050,507279,22295411900,1.5,-1909256250.0,-8390050.0,-5931888850.0,7849535150.0,110179.0,507279.0,21.72,A035250
1093,2016-06-09,43850,43850,42600,43150,452974,19458562900,-2.04,-6106684700.0,13774650.0,2720760900.0,3372149150.0,26557.0,452974.0,5.86,A035250
1094,2016-06-10,43150,43450,42650,43200,206646,8928886350,0.12,1511217150.0,-531807650.0,-1245917500.0,266508000.0,10188.0,206646.0,4.93,A035250
1095,2016-06-13,43000,43400,42700,42950,183653,7907100700,-0.58,158147000.0,42229150.0,-422206400.0,221830250.0,13321.0,183653.0,7.25,A035250
1096,2016-06-14,42700,42800,42100,42200,194035,8213694000,-1.75,-1969983450.0,43847500.0,1646083850.0,280052100.0,8163.0,194035.0,4.21,A035250
1097,2016-06-15,41950,42550,41950,42200,214653,9069756100,0.0,-1560471750.0,0.0,227020850.0,1333450900.0,11787.0,214653.0,5.49,A035250
1098,2016-06-16,42100,42300,41650,41850,226875,9516503750,-0.83,-129030050.0,6220300.0,601871100.0,-479061350.0,20183.0,226875.0,8.9,A035250
1099,2016-06-17,41700,42200,41550,42050,303721,12719599300,0.48,173871100.0,50375200.0,628915200.0,-853161500.0,20182.0,303721.0,6.64,A035250
1100,2016-06-20,42800,42800,41750,42500,209511,8869963450,1.07,491644050.0,-4958500.0,-861934000.0,375248450.0,38084.0,209511.0,18.18,A035250
1101,2016-06-21,42100,42550,41950,42200,176152,7438326500,-0.71,-114600050.0,-549900.0,-10478750.0,125628700.0,7081.0,176152.0,4.02,A035250
1102,2016-06-22,42350,42400,41850,42250,217021,9143874950,0.12,133953000.0,-42400.0,530175900.0,-664086500.0,6850.0,217021.0,3.16,A035250
1103,2016-06-23,42350,42750,42100,42200,154099,6540287600,-0.12,739848050.0,-51184800.0,-1040443850.0,351780600.0,17897.0,154099.0,11.61,A035250
1104,2016-06-24,42000,42400,41000,41900,407642,16948584600,-0.71,192401950.0,6068850.0,359689150.0,-558159950.0,33860.0,407642.0,8.31,A035250
1105,2016-06-27,41900,42550,41400,42200,291816,12237133800,0.72,3500860750.0,34921650.0,-831423850.0,-2704358550.0,21149.0,291816.0,7.25,A035250
1106,2016-06-28,41600,41800,40800,41000,448614,18438157400,-2.84,-328081900.0,32051200.0,8021203600.0,-7725172900.0,30048.0,448614.0,6.7,A035250
1107,2016-06-29,41050,41350,40800,41050,378254,15516990450,0.12,-2122135650.0,16050550.0,5169843200.0,-3063758100.0,22429.0,378254.0,5.93,A035250
1108,2016-06-30,41150,41750,41100,41700,271980,11295382450,1.58,-1698323250.0,51736150.0,-2752597700.0,4399184800.0,6720.0,271980.0,2.47,A035250
1109,2016-07-01,41500,41800,41150,41550,273142,11332870200,-0.36,-1357619600.0,27681200.0,776781250.0,553157150.0,5133.0,273142.0,1.88,A035250
1110,2016-07-04,41600,42200,41550,42200,186085,7823300150,1.56,-920578300.0,-18124500.0,-2453100050.0,3391802850.0,45691.0,186085.0,24.55,A035250
1111,2016-07-05,41850,42000,41400,41650,199653,8313041200,-1.3,-2567418750.0,39540750.0,1061414250.0,1466463750.0,10252.0,199653.0,5.13,A035250
1112,2016-07-06,41750,41800,40800,41000,240530,9876704950,-1.56,685498700.0,12762250.0,1627744250.0,-2326005200.0,17826.0,240530.0,7.41,A035250
1113,2016-07-07,40900,41400,40850,40900,201780,8279367318,-0.24,1505419850.0,20450000.0,1077648050.0,-2603517900.0,3160.0,201780.0,1.57,A035250
1114,2016-07-08,40950,41300,40300,40600,340362,13831279500,-0.73,-3382948650.0,-258494400.0,4743837000.0,-1102393950.0,29846.0,340362.0,8.77,A035250
1115,2016-07-11,40300,41500,40250,41350,288683,11834934650,1.85,1810583750.0,33987900.0,-3457031600.0,1612459950.0,16165.0,288683.0,5.6,A035250
1116,2016-07-12,41100,41350,40600,40750,232312,9489929850,-1.45,-165492050.0,24959350.0,2025795450.0,-1885262750.0,37413.0,232312.0,16.1,A035250
1117,2016-07-13,40800,41150,40450,41100,360880,14741417860,0.86,-2461228400.0,50222200.0,289287600.0,2121718600.0,17993.0,360880.0,4.99,A035250
1118,2016-07-14,41350,41600,40900,41450,231543,9562074854,0.85,-1112428000.0,21974100.0,-1062088350.0,2152542250.0,36882.0,231543.0,15.93,A035250
1119,2016-07-15,41650,41950,41250,41750,369497,15405518363,0.72,-877430700.0,8377750.0,-3238198750.0,4107251700.0,45369.0,369497.0,12.28,A035250
1120,2016-07-18,41600,41750,41250,41400,170652,7066457350,-0.84,-275588450.0,0.0,718761600.0,-443173150.0,5431.0,170652.0,3.18,A035250
1121,2016-07-19,41850,41850,40850,41150,475782,19546819050,-0.6,1051291000.0,-92098300.0,2014767550.0,-2973960250.0,23291.0,475782.0,4.9,A035250
1122,2016-07-20,41200,41200,40600,40750,418559,17053162100,-0.97,-2476983700.0,42615700.0,4054307750.0,-1619939750.0,32729.0,418559.0,7.82,A035250
1123,2016-07-21,40750,40900,40650,40700,335523,13670179400,-0.12,-1722627750.0,20951400.0,880229300.0,821447050.0,4400.0,335523.0,1.31,A035250
1124,2016-07-22,40700,40700,40350,40350,291170,11791653800,-0.86,141304800.0,54004500.0,4853359500.0,-5048668800.0,4963.0,291170.0,1.7,A035250
1125,2016-07-25,40550,40950,40450,40950,222009,9046343450,1.49,148938000.0,-5607300.0,-1005057250.0,861726550.0,21908.0,222009.0,9.87,A035250
1126,2016-07-26,40750,41450,40750,41400,316146,13028622150,1.1,2410305400.0,-32021150.0,-3624501100.0,1246216850.0,15089.0,316146.0,4.77,A035250
1127,2016-07-27,41400,41500,40900,41000,268119,11011825200,-0.97,-1128685000.0,10363200.0,439227950.0,679093850.0,4921.0,268119.0,1.84,A035250
1128,2016-07-28,40900,41400,40900,41350,208683,8588433200,0.85,1001470900.0,-10248450.0,-313726550.0,-677495900.0,13082.0,208683.0,6.27,A035250
1129,2016-07-29,41200,41400,40950,41000,324941,13366030520,-0.85,1973359400.0,24784050.0,163313700.0,-2161457150.0,2514.0,324941.0,0.77,A035250
1130,2016-08-01,41400,41700,41050,41300,273260,11333490600,0.73,3081583850.0,26933100.0,-2131117950.0,-977399000.0,7398.0,273260.0,2.71,A035250
1131,2016-08-02,41050,41350,40450,40450,373219,15187101500,-2.06,-939185600.0,39448950.0,4506037100.0,-3606300450.0,7955.0,373219.0,2.13,A035250
1132,2016-08-03,38100,39650,37850,38950,978086,38144685250,-3.71,-10292638650.0,-319281800.0,8260727400.0,2351193050.0,133500.0,978086.0,13.65,A035250
1133,2016-08-04,39600,40250,39500,40200,419836,16727566300,3.21,-722127050.0,2299450.0,-35854500.0,755682100.0,55586.0,419836.0,13.24,A035250
1134,2016-08-05,40600,40900,40300,40700,346987,14118206050,1.24,-3107384850.0,-929900.0,-3305221100.0,6413535850.0,18925.0,346987.0,5.45,A035250
1135,2016-08-08,40950,41100,40500,41100,294397,12022253000,0.98,-3124195650.0,-18577850.0,-2354539950.0,5497313450.0,14301.0,294397.0,4.86,A035250
1136,2016-08-09,41100,41550,41000,41500,278460,11492713000,0.97,-1851843150.0,-32911400.0,-3132269800.0,5017024350.0,3950.0,278460.0,1.42,A035250
1137,2016-08-10,41250,42150,41200,42150,380562,15952451500,1.57,-2343404500.0,-43719000.0,-5787442000.0,8174565500.0,53248.0,380562.0,13.99,A035250
1138,2016-08-11,41650,42100,41200,42100,202385,8417420150,-0.12,1486903250.0,-4847500.0,42855850.0,-1524911600.0,28234.0,202385.0,13.95,A035250
1139,2016-08-12,41800,42250,41450,42200,186980,7848051600,0.24,1525395050.0,-63793050.0,-2375031900.0,913429900.0,18198.0,186980.0,9.73,A035250
1140,2016-08-16,41800,42150,41750,41750,195337,8190166250,-1.07,315477100.0,-1145100.0,-623347550.0,309015550.0,31514.0,195337.0,16.13,A035250
1141,2016-08-17,41750,42200,41250,41400,239412,9933144650,-0.84,-3929818550.0,826000.0,324683000.0,3604309550.0,51269.0,239412.0,21.41,A035250
1142,2016-08-18,41200,41900,41200,41250,207284,8594270100,-0.36,-3232275800.0,-320128700.0,7559950.0,3544844550.0,13905.0,207284.0,6.71,A035250
1143,2016-08-19,41200,41200,39900,39900,471565,18922716700,-3.27,-6465070650.0,4025700.0,7135415550.0,-674370600.0,40295.0,471565.0,8.54,A035250
1144,2016-08-22,39800,40450,39350,39450,441281,17440067550,-1.13,-3604821350.0,-400006000.0,2735725550.0,1269101800.0,59597.0,441281.0,13.51,A035250
1145,2016-08-23,39450,39600,39000,39500,357732,14042592450,0.13,-2261332100.0,-488454950.0,2388525250.0,361261800.0,20307.0,357732.0,5.68,A035250
1146,2016-08-24,39800,39800,39350,39600,242521,9583901600,0.25,-919366850.0,-949200.0,640850350.0,279465700.0,48454.0,242521.0,19.98,A035250
1147,2016-08-25,39600,40300,39400,39600,378783,15069108550,0.0,2203676000.0,2589750.0,1321402250.0,-3527668000.0,10253.0,378783.0,2.71,A035250
1148,2016-08-26,39600,40300,39600,40100,240102,9626367500,1.26,3885964500.0,-520250.0,-1574461700.0,-2310982550.0,5014.0,240102.0,2.09,A035250
1149,2016-08-29,40100,40550,39600,40500,315922,12683761300,1.0,2094400500.0,-809000.0,-1314040250.0,-779551250.0,17336.0,315922.0,5.49,A035250
1150,2016-08-30,40500,40550,40050,40200,218133,8771771950,-0.74,591043450.0,0.0,829487750.0,-1420531200.0,7122.0,218133.0,3.26,A035250
1151,2016-08-31,40000,40200,39400,39450,346875,13728483350,-1.87,-2243157550.0,1778250.0,2816272350.0,-574893050.0,37824.0,346875.0,10.9,A035250
1152,2016-09-01,39700,40300,39400,40200,239590,9565660350,1.9,-1672805550.0,3049200.0,-1324524200.0,2994280550.0,27191.0,239590.0,11.35,A035250
1153,2016-09-02,40400,40400,39800,40050,155607,6224427350,-0.37,-2651709150.0,0.0,769547650.0,1882161500.0,20998.0,155607.0,13.49,A035250
1154,2016-09-05,40200,40600,40050,40500,137569,5568574000,1.12,874313800.0,-930200.0,-1764582700.0,891199100.0,20995.0,137569.0,15.26,A035250
1155,2016-09-06,40150,40500,39850,40000,235965,9443341084,-1.23,-2627688850.0,17873750.0,1851189850.0,758625250.0,10213.0,235965.0,4.33,A035250
1156,2016-09-07,39900,40200,39850,40000,178808,7144958200,0.0,117978450.0,13944150.0,79179500.0,-211102100.0,10747.0,178808.0,6.01,A035250
1157,2016-09-08,40000,40100,39750,39900,293600,11703826050,-0.25,-1022881200.0,16325750.0,583138350.0,423417100.0,21548.0,293600.0,7.34,A035250
1158,2016-09-09,39600,39650,39150,39300,202583,7959708700,-1.5,-1140855950.0,19065500.0,3672022850.0,-2550232400.0,6215.0,202583.0,3.07,A035250
1159,2016-09-12,39750,39750,39000,39300,223389,8804674300,0.0,2843306300.0,-9802600.0,-822548450.0,-2010955250.0,13597.0,223389.0,6.09,A035250
1160,2016-09-13,39300,39400,38450,38450,383320,14840650750,-2.16,-5942795450.0,41412850.0,7528330250.0,-1626947650.0,16019.0,383320.0,4.18,A035250
1161,2016-09-19,38200,39300,38100,38400,446127,17166832650,-0.13,-2154990050.0,-10133650.0,1492287450.0,672836250.0,29747.0,446127.0,6.67,A035250
1162,2016-09-20,38150,39000,38150,39000,406126,15733801750,1.56,-4140585150.0,776500.0,-187045300.0,4326853950.0,35487.0,406126.0,8.74,A035250
1163,2016-09-21,39000,39500,38550,39500,302757,11866717950,1.28,-24429300.0,-1796400.0,-1255274300.0,1281500000.0,30377.0,302757.0,10.03,A035250
1164,2016-09-22,39700,40000,39500,39600,219472,8715988850,0.25,-1567878200.0,23638200.0,-929853600.0,2474093600.0,25210.0,219472.0,11.49,A035250
1165,2016-09-23,40150,40150,39400,39800,332227,13167635250,0.51,-103778600.0,35001850.0,-221531000.0,290307750.0,22154.0,332227.0,6.67,A035250
1166,2016-09-26,39950,40000,39750,39900,270860,10811283882,0.25,2495277800.0,-1678900.0,-2297819400.0,-195779500.0,25840.0,270860.0,9.54,A035250
1167,2016-09-27,40000,40250,39400,40150,191705,7660617200,0.63,1653902450.0,0.0,-2230377950.0,576475500.0,10228.0,191705.0,5.34,A035250
1168,2016-09-28,39800,40300,39500,39700,169097,6716423050,-1.12,1297998950.0,-1120000.0,750170650.0,-2047049600.0,5611.0,169097.0,3.32,A035250
1169,2016-09-29,39700,40200,39700,39950,134759,5396312400,0.63,766929950.0,0.0,-1455674250.0,688744300.0,1151.0,134759.0,0.85,A035250
1170,2016-09-30,40100,40150,39200,39300,317198,12548572450,-1.63,-386171350.0,784000.0,1738808050.0,-1353420700.0,17782.0,317198.0,5.61,A035250
1171,2016-10-04,39450,39700,39050,39100,177853,6984953150,-0.51,-1272266250.0,0.0,958907150.0,313359100.0,12762.0,177853.0,7.18,A035250
1172,2016-10-05,39000,39250,38200,38850,416647,16133485000,-0.64,-2417698650.0,37194000.0,1863160200.0,517344450.0,21220.0,416647.0,5.09,A035250
1173,2016-10-06,38500,38750,37750,38000,512965,19489883150,-2.19,-7973266250.0,10385200.0,10472882500.0,-2510001450.0,33002.0,512965.0,6.43,A035250
1174,2016-10-07,37850,38550,37800,38000,287407,10979234600,0.0,-1853787400.0,11375200.0,-392338050.0,2234750250.0,11792.0,287407.0,4.1,A035250
1175,2016-10-10,38450,38800,38100,38350,215767,8317145700,0.92,3269410700.0,0.0,-1549907050.0,-1719503650.0,14387.0,215767.0,6.67,A035250
1176,2016-10-11,38750,38850,38150,38250,272814,10474072000,-0.26,1021654050.0,-21645100.0,1374026300.0,-2374035250.0,18789.0,272814.0,6.89,A035250
1177,2016-10-12,38500,38600,38150,38350,361935,13868445550,0.26,3041140650.0,7675000.0,1524779550.0,-4573595200.0,14162.0,361935.0,3.91,A035250
1178,2016-10-13,38200,38250,37700,37900,422143,15989613300,-1.17,-1944698450.0,87887200.0,4289842250.0,-2433031000.0,54791.0,422143.0,12.98,A035250
1179,2016-10-14,37950,38250,37700,37700,699196,26464470450,-0.53,479194400.0,27025200.0,1545364200.0,-2051583800.0,882.0,699196.0,0.13,A035250
1180,2016-10-17,38200,38500,38000,38400,404821,15511088700,1.86,-1262860400.0,-19100000.0,-2220630250.0,3502590650.0,34030.0,404821.0,8.41,A035250
1181,2016-10-18,38450,38700,38250,38700,261195,10054823257,0.78,-815387500.0,0.0,-1012985050.0,1828372550.0,30725.0,261195.0,11.76,A035250
1182,2016-10-19,38550,39050,38400,39050,251919,9803109900,0.9,-976125450.0,-1742000.0,-2379375450.0,3357242900.0,64711.0,251919.0,25.69,A035250
1183,2016-10-20,39050,39200,38650,39150,207087,8084966300,0.26,565432450.0,23050350.0,-1325610850.0,737128050.0,12433.0,207087.0,6.0,A035250
1184,2016-10-21,39000,39100,38500,38750,249516,9665021900,-1.02,-730954100.0,1975100.0,614052750.0,114926250.0,17588.0,249516.0,7.05,A035250
1185,2016-10-24,38950,39500,38650,39500,254084,9965580500,1.94,1611967600.0,5345400.0,-3590257500.0,1972944500.0,14530.0,254084.0,5.72,A035250
1186,2016-10-25,39400,39550,38650,38850,192972,7509584100,-1.65,1843113400.0,20796750.0,967927650.0,-2831837800.0,14663.0,192972.0,7.6,A035250
1187,2016-10-26,38550,38850,38200,38550,175511,6740698000,-0.77,-2496450.0,769000.0,937491400.0,-935763950.0,14850.0,175511.0,8.46,A035250
1188,2016-10-27,38850,39000,38300,38900,161584,6267015250,0.91,341207150.0,-1972550.0,-845716850.0,506482250.0,21775.0,161584.0,13.48,A035250
1189,2016-10-28,38400,38550,38000,38500,190353,7277131693,-1.03,-2808341950.0,51300100.0,1604920950.0,1152120900.0,12968.0,190353.0,6.81,A035250
1190,2016-10-31,38100,38450,37950,37950,221799,8440457950,-1.43,1867736400.0,25463550.0,1145051300.0,-3038251250.0,1635.0,221799.0,0.74,A035250
1191,2016-11-01,38100,38500,38000,38450,147742,5659861150,1.32,1082080700.0,-4927800.0,-1117258800.0,40105900.0,2183.0,147742.0,1.48,A035250
1192,2016-11-02,38400,38450,37800,38150,152224,5793665750,-0.78,1739163050.0,-12232550.0,718105900.0,-2445036400.0,17205.0,152224.0,11.3,A035250
1193,2016-11-03,38150,38150,35550,36000,823904,29981792450,-5.64,-4469404750.0,146108100.0,10391731350.0,-6068434700.0,93975.0,823904.0,11.41,A035250
1194,2016-11-04,36200,37200,36100,37200,461697,17012867600,3.33,-748792150.0,-21657800.0,-3114215250.0,3884665200.0,58342.0,461697.0,12.64,A035250
1195,2016-11-07,37500,37500,36400,36450,542989,19888494290,-2.02,-2387941050.0,-176734800.0,2546397250.0,18278600.0,68657.0,542989.0,12.64,A035250
1196,2016-11-08,36450,36650,36150,36600,235467,8569833950,0.41,-1362221750.0,6984800.0,1190597700.0,164639250.0,14809.0,235467.0,6.29,A035250
1197,2016-11-09,36950,37100,36200,36850,455346,16659620150,0.68,149316250.0,-859550.0,-3754304850.0,3605848150.0,66146.0,455346.0,14.53,A035250
1198,2016-11-10,36950,37500,36700,37500,427212,15837820050,1.76,1950943950.0,-16730350.0,767317250.0,-2701530850.0,102507.0,427212.0,23.99,A035250
1199,2016-11-11,37400,37450,36400,36500,1069854,39964433600,-2.67,20889959100.0,-19969934200.0,3648649600.0,-4568674500.0,118503.0,1069854.0,11.08,A035250
1200,2016-11-14,36600,36850,36050,36150,265621,9638137550,-0.96,277006800.0,724000.0,1936227350.0,-2213958150.0,32988.0,265621.0,12.42,A035250
1201,2016-11-15,36000,36150,35500,35600,472480,16835681000,-1.52,-2402200950.0,-8175350.0,4370953000.0,-1960576700.0,24021.0,472480.0,5.08,A035250
1202,2016-11-16,35450,35850,35450,35450,458095,16320963100,-0.42,-660932150.0,100739150.0,3350840300.0,-2790647300.0,14920.0,458095.0,3.26,A035250
1203,2016-11-17,35500,36000,35450,36000,242368,8659595900,1.55,-1914448650.0,-2364800.0,299093800.0,1617719650.0,8570.0,242368.0,3.54,A035250
1204,2016-11-18,35800,36100,35600,35600,268733,9601010050,-1.11,-811735200.0,2100650.0,721063150.0,88571400.0,12393.0,268733.0,4.61,A035250
1205,2016-11-21,35800,35800,35350,35350,181906,6450166250,-0.7,-211698200.0,73173000.0,939116500.0,-800591300.0,17916.0,181906.0,9.85,A035250
1206,2016-11-22,35600,36200,35400,35900,298822,10724932700,1.56,-179429300.0,-2871000.0,-2782472400.0,2964772700.0,66588.0,298822.0,22.28,A035250
1207,2016-11-23,35650,36200,35550,36100,373989,13468992550,0.56,55850600.0,326251750.0,-1268531600.0,886429250.0,45320.0,373989.0,12.12,A035250
1208,2016-11-24,36250,37000,36100,36850,390434,14288330850,2.08,3831336200.0,-29125700.0,-3523533400.0,-278677100.0,87137.0,390434.0,22.32,A035250
1209,2016-11-25,36650,37450,36600,37450,381918,14205023950,1.63,213502300.0,-120213300.0,-3209244350.0,3115955350.0,124569.0,381918.0,32.62,A035250
1210,2016-11-28,37100,37800,36950,37200,215717,8044816900,-0.67,-1934735750.0,-38154000.0,-451544850.0,2424434600.0,48409.0,215717.0,22.44,A035250
1211,2016-11-29,36900,37400,36650,37150,208415,7716210150,-0.13,1124821900.0,11778000.0,-30018650.0,-1106581250.0,32471.0,208415.0,15.58,A035250
1212,2016-11-30,36700,36850,35650,35650,808262,29097214300,-4.04,-357044700.0,265634550.0,5818507550.0,-5727097400.0,28960.0,808262.0,3.58,A035250
1213,2016-12-01,35650,36850,35600,36800,374070,13639748650,3.23,381959100.0,-4047050.0,-3341519350.0,2963607300.0,39247.0,374070.0,10.49,A035250
1214,2016-12-02,37000,37200,36150,36300,233973,8554815350,-1.36,93844100.0,-79772700.0,-191471350.0,177399950.0,66024.0,233973.0,28.22,A035250
1215,2016-12-05,36350,36800,36050,36250,167281,6074647500,-0.14,264787900.0,-79392900.0,-27958200.0,-157436800.0,23873.0,167281.0,14.27,A035250
1216,2016-12-06,36750,36900,36250,36550,286790,10493808200,0.83,1359786900.0,35789250.0,-648458900.0,-747117250.0,42884.0,286790.0,14.95,A035250
1217,2016-12-07,36800,37000,36550,36850,260212,9567877250,0.82,108208750.0,52224350.0,-1117637700.0,957204600.0,36398.0,260212.0,13.99,A035250
1218,2016-12-08,37050,37750,36800,37750,445892,16658125600,2.44,4007245850.0,-102541000.0,-4019233400.0,114528550.0,25827.0,445892.0,5.79,A035250
1219,2016-12-09,37250,37500,37200,37400,209064,7812284550,-0.93,639095900.0,3740000.0,106506800.0,-749342700.0,42644.0,209064.0,20.4,A035250
1220,2016-12-12,37400,37800,36800,36900,249905,9280044350,-1.34,382724200.0,5419300.0,1908050350.0,-2296193850.0,23364.0,249905.0,9.35,A035250
1221,2016-12-13,36750,37200,36750,37050,273101,10105059750,0.41,1277933500.0,0.0,300040250.0,-1577973750.0,7833.0,273101.0,2.87,A035250
1222,2016-12-14,37200,37650,37050,37350,272868,10216548850,0.81,-1502041700.0,14221700.0,-1089150400.0,2576970400.0,11608.0,272868.0,4.25,A035250
1223,2016-12-15,36800,37350,36600,37050,213664,7898418350,-0.8,577494250.0,290371750.0,1100707500.0,-1968573500.0,10055.0,213664.0,4.71,A035250
1224,2016-12-16,37500,37500,36650,36650,347344,12825466700,-1.08,-1149580350.0,109462200.0,1836871400.0,-796753250.0,4862.0,347344.0,1.4,A035250
1225,2016-12-19,36700,37300,36600,37050,239995,8890427600,1.09,-1667952950.0,0.0,-319967250.0,1987920200.0,16734.0,239995.0,6.97,A035250
1226,2016-12-20,37050,37300,36600,36650,142150,5237262900,-1.08,-338946500.0,0.0,1656593600.0,-1317647100.0,16499.0,142150.0,11.61,A035250
1227,2016-12-21,36600,36800,36250,36550,294680,10750287300,-0.27,2035707650.0,24432650.0,1794740500.0,-3854880800.0,6000.0,294680.0,2.04,A035250
1228,2016-12-22,36900,37250,36550,36950,242810,8980095200,1.09,3897608400.0,0.0,-1212488750.0,-2685119650.0,7495.0,242810.0,3.09,A035250
1229,2016-12-23,36750,37550,36650,37550,245781,9176893150,1.62,3224362950.0,-746000.0,-3134253800.0,-89363150.0,16863.0,245781.0,6.86,A035250
1230,2016-12-26,37500,37550,36950,37350,194276,7236758800,-0.53,530558500.0,30904800.0,188334050.0,-749797350.0,15434.0,194276.0,7.94,A035250
1231,2016-12-27,37350,37500,37100,37150,216105,8049530000,-0.54,-500510200.0,48558800.0,587774500.0,-135823100.0,7917.0,216105.0,3.66,A035250
1232,2016-12-28,36400,36650,36250,36250,176053,6408069500,-2.42,-4339960050.0,100017800.0,2829492700.0,1410449550.0,6967.0,176053.0,3.96,A035250
1233,2016-12-29,35900,36200,35750,35750,326228,11694235900,-1.38,-3172065950.0,4661000.0,2837980150.0,329424800.0,23784.0,326228.0,7.29,A035250
1234,2017-01-02,35900,36150,35600,35700,188783,6749136050,-0.14,-3993749700.0,111522200.0,1698628950.0,2183598550.0,5485.0,188783.0,2.91,A035250
1235,2017-01-03,35750,35800,35300,35550,391803,13883008250,-0.42,-6861903950.0,22554400.0,4251128150.0,2588221400.0,39039.0,391803.0,9.96,A035250
1236,2017-01-04,35550,36300,35500,36300,309752,11114708650,2.11,-4426101500.0,11273400.0,-1139923750.0,5554751850.0,47931.0,309752.0,15.47,A035250
1237,2017-01-05,36050,36650,36050,36650,327955,11928829150,0.96,-1106875600.0,-1705700.0,-1422359950.0,2530941250.0,21393.0,327955.0,6.52,A035250
1238,2017-01-06,36300,36600,36000,36050,325900,11781035350,-1.64,-3143867350.0,973350.0,1683947400.0,1458946600.0,48072.0,325900.0,14.75,A035250
1239,2017-01-09,35800,36000,34500,34550,672511,23644212225,-4.16,-4732973100.0,276704250.0,7103148200.0,-2646879350.0,33713.0,672511.0,5.01,A035250
1240,2017-01-10,34550,34850,34350,34800,391764,13561094900,0.72,-2416853200.0,77840400.0,889722850.0,1449289950.0,39245.0,391764.0,10.02,A035250
1241,2017-01-11,34600,34900,34400,34500,1063486,36745630952,-0.86,-3889477000.0,3624800.0,2612157300.0,1273694900.0,13589.0,1063486.0,1.28,A035250
1242,2017-01-12,34450,35200,34450,34650,437110,15213637000,0.43,-1477442500.0,-14612000.0,-1052233900.0,2544288400.0,33599.0,437110.0,7.69,A035250
1243,2017-01-13,34650,35150,34650,35100,228346,7982509350,1.3,1337678500.0,11150750.0,-208078300.0,-1140750950.0,11999.0,228346.0,5.25,A035250
1244,2017-01-16,35050,35100,34550,34950,398638,13888097550,-0.43,1057543550.0,102426450.0,831824300.0,-1991794300.0,13612.0,398638.0,3.41,A035250
1245,2017-01-17,35000,35150,34800,34950,542484,18969689350,0.0,247142350.0,-32879950.0,75110050.0,-289372450.0,7196.0,542484.0,1.33,A035250
1246,2017-01-18,34950,35000,34500,34500,256983,8892151200,-1.29,-545455450.0,-670950.0,2107487050.0,-1561360650.0,974.0,256983.0,0.38,A035250
1247,2017-01-19,34500,35100,34150,34200,393897,13542391649,-0.87,-1166564900.0,4122000.0,1284327550.0,-121884650.0,240.0,393897.0,0.06,A035250
1248,2017-01-20,34300,34400,34000,34000,390436,13325906700,-0.58,-563536850.0,4101000.0,1545360050.0,-985924200.0,2722.0,390436.0,0.7,A035250
1249,2017-01-23,34150,34500,34000,34050,277578,9485349000,0.15,-1316926150.0,23062000.0,-226245000.0,1520109150.0,12619.0,277578.0,4.55,A035250
1250,2017-01-24,34000,34200,33750,33900,404405,13715748150,-0.44,903090750.0,103017000.0,747349500.0,-1753457250.0,174.0,404405.0,0.04,A035250
1251,2017-01-25,33850,34050,32400,32950,657784,21681708882,-2.8,-2826811000.0,503539000.0,2527086100.0,-203814100.0,52159.0,657784.0,7.93,A035250
1252,2017-01-26,32950,33100,32650,32650,399559,13097177750,-0.91,-3532895600.0,3280000.0,1841806450.0,1687809150.0,14261.0,399559.0,3.57,A035250
1253,2017-01-31,32700,32750,32150,32700,373080,12152949250,0.15,730986200.0,646000.0,-873414900.0,141782700.0,9683.0,373080.0,2.6,A035250
1254,2017-02-01,33000,34100,32700,34000,597149,20165405900,3.98,258925100.0,-125382100.0,-3578525650.0,3444982650.0,37122.0,597149.0,6.22,A035250
1255,2017-02-02,34150,34800,33900,34550,670052,23154905844,1.62,2052461750.0,-47145000.0,-3268509700.0,1263192950.0,112223.0,670052.0,16.75,A035250
1256,2017-02-03,34800,34950,34100,34500,403502,13907804250,-0.14,-655807100.0,17982250.0,-1155449650.0,1793274500.0,114382.0,403502.0,28.35,A035250
1257,2017-02-06,34900,35100,34550,35100,575513,20115965300,1.74,130923100.0,-169943850.0,-3746254950.0,3785275700.0,98121.0,575513.0,17.05,A035250
1258,2017-02-07,35000,35600,34850,35450,387749,13698128650,1.0,1326256050.0,-206051100.0,-2118407900.0,998202950.0,101996.0,387749.0,26.3,A035250
1259,2017-02-08,35000,35400,34750,35000,408029,14298958612,-1.27,-457911000.0,106797000.0,74258050.0,276855950.0,71204.0,408029.0,17.45,A035250
1260,2017-02-09,35000,35500,34800,35350,430382,15130216850,1.0,-3213300800.0,-344283100.0,265658000.0,3291925900.0,127198.0,430382.0,29.55,A035250
1261,2017-02-10,35400,35450,34900,34900,352672,12372252900,-1.27,-130617150.0,104700000.0,-20360700.0,46277850.0,42485.0,352672.0,12.05,A035250
1262,2017-02-13,35000,35450,34900,35200,262488,9230581000,0.86,244969950.0,-65057000.0,-1204618950.0,1024706000.0,82273.0,262488.0,31.34,A035250
1263,2017-02-14,35500,35550,35150,35500,314383,11119529850,0.85,1997103850.0,-11146650.0,-1374273900.0,-611683300.0,58635.0,314383.0,18.65,A035250
1264,2017-02-15,35250,35800,35250,35600,209815,7469147900,0.28,2060902700.0,-192800000.0,-1097344850.0,-770757850.0,41157.0,209815.0,19.62,A035250
1265,2017-02-16,35300,35350,34200,34300,774609,26665052200,-3.65,-5623848800.0,344693750.0,6143455500.0,-864300450.0,126961.0,774609.0,16.39,A035250
1266,2017-02-17,34300,34550,34100,34150,343438,11753920750,-0.44,-2088820850.0,160391800.0,551097050.0,1377332000.0,74586.0,343438.0,21.72,A035250
1267,2017-02-20,34150,34450,34100,34450,282289,9659858350,0.88,-1436911550.0,35856000.0,103506000.0,1297549550.0,68199.0,282289.0,24.16,A035250
1268,2017-02-21,34200,34500,34200,34500,166561,5731392950,0.15,503433750.0,13112000.0,-112804700.0,-403741050.0,17707.0,166561.0,10.63,A035250
1269,2017-02-22,34450,34700,34200,34650,286611,9893312600,0.43,-874291150.0,6686100.0,-687246150.0,1554851200.0,99440.0,286611.0,34.7,A035250
1270,2017-02-23,34950,35450,34400,35450,422571,14815672850,2.31,539393600.0,1035500.0,-3997961850.0,3457532750.0,104594.0,422571.0,24.75,A035250
1271,2017-02-24,35650,35700,34900,35450,515726,18182753598,0.0,1404018850.0,-113346300.0,-402632100.0,-888040450.0,168194.0,515726.0,32.61,A035250
1272,2017-02-27,35750,35750,35400,35650,286287,10184769450,0.56,1951784450.0,-462144500.0,-1348299900.0,-141340050.0,60920.0,286287.0,21.28,A035250
1273,2017-02-28,35750,35750,35100,35350,334581,11837667706,-0.84,-665782350.0,12477300.0,358512200.0,294792850.0,60252.0,334581.0,18.01,A035250
1274,2017-03-02,35750,35750,34450,34700,530121,18424388050,-1.84,-3680602350.0,328574100.0,2206019600.0,1146008650.0,84537.0,530121.0,15.95,A035250
1275,2017-03-03,34500,34900,34200,34350,222585,7680776300,-1.01,-394373300.0,-51600500.0,-139372350.0,585346150.0,22360.0,222585.0,10.05,A035250
1276,2017-03-06,34400,34450,33200,33350,469908,15720678200,-2.91,-5399819700.0,130244900.0,4352019100.0,917555700.0,98174.0,469908.0,20.89,A035250
1277,2017-03-07,33350,34350,33350,34250,397417,13520951285,2.7,1348971500.0,-681000.0,-1861584100.0,513293600.0,30386.0,397417.0,7.65,A035250
1278,2017-03-08,34050,34400,33900,34250,255608,8729813000,0.0,-1586502550.0,11059950.0,338162950.0,1237279650.0,59827.0,255608.0,23.41,A035250
1279,2017-03-09,33800,34500,33800,34000,378635,12877665450,-0.73,-4230485150.0,139496850.0,656064100.0,3434924200.0,157133.0,378635.0,41.5,A035250
1280,2017-03-10,33900,34400,33750,33750,455487,15421911050,-0.74,-1957228250.0,33863800.0,1954099650.0,-30735200.0,87370.0,455487.0,19.18,A035250
1281,2017-03-13,33850,34250,33750,33750,281384,9543585350,0.0,-2028487900.0,-19451600.0,853534750.0,1194404750.0,44380.0,281384.0,15.77,A035250
1282,2017-03-14,33800,34350,33750,34200,332088,11345114750,1.33,-2588037200.0,-4604600.0,-1018068250.0,3610710050.0,51636.0,332088.0,15.55,A035250
1283,2017-03-15,34400,34500,34200,34350,226268,7780853400,0.44,-536050.0,-28830100.0,-211099050.0,240465200.0,35225.0,226268.0,15.57,A035250
1284,2017-03-16,34850,35150,34400,34600,271160,9392048050,0.73,-300030700.0,-81696300.0,-1307746150.0,1689473150.0,61310.0,271160.0,22.61,A035250
1285,2017-03-17,34950,36100,34600,35900,509209,18038980900,3.76,-342179850.0,-503648700.0,-6701462100.0,7547290650.0,61384.0,509209.0,12.05,A035250
1286,2017-03-20,35900,36350,35650,35950,405325,14558685700,0.14,-169486000.0,-146903350.0,-1281192300.0,1597581650.0,97793.0,405325.0,24.13,A035250
1287,2017-03-21,36400,36400,35750,35950,444762,16000812560,0.0,-2512617550.0,-45787600.0,-921988600.0,3480393750.0,124723.0,444762.0,28.04,A035250
1288,2017-03-22,36250,37600,36100,37500,834410,30946437100,4.31,289143150.0,-270801900.0,-11271220300.0,11252879050.0,185625.0,834410.0,22.25,A035250
1289,2017-03-23,37850,37850,36900,37300,289531,10774558350,-0.53,878392400.0,949500.0,792861650.0,-1672203550.0,117716.0,289531.0,40.66,A035250
1290,2017-03-24,37300,37500,36550,37150,402208,14856347951,-0.4,2569882100.0,-74265000.0,-538984200.0,-1956632900.0,91866.0,402208.0,22.84,A035250
1291,2017-03-27,36700,37300,36600,37300,279021,10299641450,0.4,177017550.0,46891500.0,-949325150.0,725416100.0,39335.0,279021.0,14.1,A035250
1292,2017-03-28,37550,37550,36600,36800,186388,6866838750,-1.34,-877800550.0,956800.0,544959950.0,331883800.0,48324.0,186388.0,25.93,A035250
1293,2017-03-29,37000,37100,36400,37000,209687,7708249500,0.54,-962718750.0,-40809000.0,-192464850.0,1195992600.0,59796.0,209687.0,28.52,A035250
1294,2017-03-30,37000,38150,36700,38150,453928,17071307635,3.11,647020450.0,-18357800.0,-5921216550.0,5292553900.0,139381.0,453928.0,30.71,A035250
1295,2017-03-31,38000,38350,37500,38200,413646,15736750050,0.13,-2023315300.0,-17833700.0,-1845894750.0,3887043750.0,110938.0,413646.0,26.82,A035250
1296,2017-04-03,38400,38400,37200,37400,322649,12075965700,-2.09,-2532242150.0,-1723400.0,2251690200.0,282275350.0,76564.0,322649.0,23.73,A035250
1297,2017-04-04,37150,37350,36900,37300,204113,7570372450,-0.27,-2277643350.0,738000.0,936703350.0,1340202000.0,70748.0,204113.0,34.66,A035250
1298,2017-04-05,37300,37300,36550,37250,280813,10374468200,-0.13,-2794204600.0,-477282100.0,822271200.0,2449215500.0,81211.0,280813.0,28.92,A035250
1299,2017-04-06,36800,36850,36250,36600,330017,12018630300,-1.74,-1944147550.0,3577400.0,3233756500.0,-1293186350.0,144484.0,330017.0,43.78,A035250
1300,2017-04-07,36600,37000,36450,37000,275268,10124615300,1.09,-610717750.0,-34043700.0,-1110533150.0,1755294600.0,77442.0,275268.0,28.13,A035250
1301,2017-04-10,36600,36950,36150,36450,160295,5852177650,-1.49,1833136400.0,-51600.0,-139973250.0,-1693111550.0,27157.0,160295.0,16.94,A035250
1302,2017-04-11,36100,36550,35850,36000,367430,13244712250,-1.23,160383350.0,4884450.0,293578450.0,-458846250.0,53907.0,367430.0,14.67,A035250
1303,2017-04-12,35750,36350,35750,36000,158395,5702164750,0.0,-1218561650.0,715000.0,-127417600.0,1345264250.0,48930.0,158395.0,30.89,A035250
1304,2017-04-13,36350,37500,36250,37300,356963,13285458750,3.61,3060461150.0,-5881000.0,-3484631500.0,430051350.0,97215.0,356963.0,27.23,A035250
1305,2017-04-14,37300,37350,36900,37350,241654,8989834350,0.13,3949571450.0,-1003050.0,-541918650.0,-3406649750.0,60929.0,241654.0,25.21,A035250
1306,2017-04-17,37300,37600,36750,37050,169197,6253395200,-0.8,-1290449100.0,0.0,288097000.0,1002352100.0,29784.0,169197.0,17.6,A035250
1307,2017-04-18,37350,37800,37050,37500,194165,7280025700,1.21,2493529850.0,17206400.0,-2299791350.0,-210944900.0,29900.0,194165.0,15.4,A035250
1308,2017-04-19,37050,37300,36550,36800,261381,9610677600,-1.87,-23903000.0,5134000.0,758609700.0,-739840700.0,46456.0,261381.0,17.77,A035250
1309,2017-04-20,37000,37650,36500,37600,228081,8516945250,2.17,2581846650.0,-44655150.0,-2391623250.0,-145568250.0,27101.0,228081.0,11.88,A035250
1310,2017-04-21,37050,37550,37000,37500,234698,8729457800,-0.27,5703550.0,-222750.0,731808400.0,-737289200.0,66401.0,234698.0,28.29,A035250
1311,2017-04-24,37600,37600,36950,36950,189701,7046175950,-1.47,1537913350.0,3695000.0,281644300.0,-1823252650.0,33763.0,189701.0,17.8,A035250
1312,2017-04-25,36900,37550,36850,37550,243200,9071906150,1.62,-2341951850.0,0.0,-935003800.0,3276955650.0,71865.0,243200.0,29.55,A035250
1313,2017-04-26,37650,37800,37250,37650,203896,7675445450,0.27,-90700050.0,19917450.0,-1110380900.0,1181163500.0,36980.0,203896.0,18.14,A035250
1314,2017-04-27,37750,38100,37350,37400,287463,10840691200,-0.66,-441610950.0,-114862650.0,-1148500150.0,1704973750.0,45138.0,287463.0,15.7,A035250
1315,2017-04-28,36550,36850,36000,36150,449467,16295947650,-3.34,-1477014500.0,104186750.0,4851620600.0,-3478792850.0,35683.0,449467.0,7.94,A035250
1316,2017-05-02,36350,37100,36200,36800,411988,15145051400,1.8,2629761650.0,15555050.0,-2536765100.0,-108551600.0,28754.0,411988.0,6.98,A035250
1317,2017-05-04,36550,37400,36550,37100,291891,10827158700,0.82,-1707524450.0,131292350.0,-1249083500.0,2825315600.0,12144.0,291891.0,4.16,A035250
1318,2017-05-08,36750,37600,36700,37600,387967,14470798000,1.35,1182398400.0,8533550.0,-1715480300.0,524548350.0,5040.0,387967.0,1.3,A035250
1319,2017-05-10,38000,38950,37500,37800,500798,19162634800,0.53,4485283300.0,-75365250.0,-4872804350.0,462886300.0,24300.0,500798.0,4.85,A035250
1320,2017-05-11,38000,38850,38000,38800,454269,17544035800,2.65,4346105850.0,-3557050.0,-3107245750.0,-1235303050.0,51713.0,454269.0,11.38,A035250
1321,2017-05-12,38900,38900,38250,38550,158621,6119657000,-0.64,-1459555800.0,-1044900.0,-317342400.0,1777943100.0,6630.0,158621.0,4.18,A035250
1322,2017-05-15,38800,39250,38250,38550,173808,6732158800,0.0,45589650.0,-16000.0,-771424850.0,725851200.0,20755.0,173808.0,11.94,A035250
1323,2017-05-16,38500,38500,36650,36900,499267,18473272800,-4.28,-2127011400.0,8036300.0,6159266100.0,-4040291000.0,177644.0,499267.0,35.58,A035250
1324,2017-05-17,36900,37300,36750,36850,228237,8424317500,-0.14,-1457450600.0,-20000.0,1148434000.0,309036600.0,75726.0,228237.0,33.18,A035250
1325,2017-05-18,36750,36850,36150,36250,348330,12667669850,-1.63,-1769642000.0,100809750.0,3552609500.0,-1883777250.0,100782.0,348330.0,28.93,A035250
1326,2017-05-19,36250,36800,36250,36500,239068,8718529750,0.69,539261500.0,657250.0,1289914250.0,-1829833000.0,71133.0,239068.0,29.75,A035250
1327,2017-05-22,36900,36900,36100,36100,305210,11042889750,-1.1,-1232889700.0,19152300.0,3117135200.0,-1903397800.0,72803.0,305210.0,23.85,A035250
1328,2017-05-23,36100,36850,36100,36450,342587,12513183650,0.97,2531398450.0,-9410500.0,-651080450.0,-1870907500.0,88220.0,342587.0,25.75,A035250
1329,2017-05-24,36650,37150,36500,36950,312704,11565655150,1.37,3598592600.0,260000.0,-1861440700.0,-1737411900.0,29978.0,312704.0,9.59,A035250
1330,2017-05-25,37000,37050,36600,36700,207736,7651946950,-0.68,2188158800.0,-45000.0,864771700.0,-3052885500.0,29929.0,207736.0,14.41,A035250
1331,2017-05-26,36700,36850,36500,36550,285090,10441537050,-0.41,-2614087900.0,38786000.0,2316233300.0,259068600.0,36677.0,285090.0,12.87,A035250
1332,2017-05-29,36550,36700,36000,36050,465517,16808581000,-1.37,546546650.0,34247400.0,5352758650.0,-5933552700.0,92197.0,465517.0,19.81,A035250
1333,2017-05-30,36100,36600,36100,36250,527170,19174874685,0.55,3656181550.0,-29215000.0,-309666950.0,-3317299600.0,39933.0,527170.0,7.57,A035250
1334,2017-05-31,36300,36500,36150,36250,520407,18882603450,0.0,4707761050.0,24363300.0,1647966950.0,-6380091300.0,21200.0,520407.0,4.07,A035250
1335,2017-06-01,36250,36550,36150,36200,874926,31988120850,-0.14,22772734050.0,-19914317900.0,1811046300.0,-4669462450.0,79854.0,874926.0,9.13,A035250
1336,2017-06-02,36450,37200,36400,37150,422194,15572576200,2.62,1081456100.0,-94761800.0,-4187028550.0,3200334250.0,61309.0,422194.0,14.52,A035250
1337,2017-06-05,37200,37400,36500,36600,275351,10160270150,-1.48,-1487971150.0,53616900.0,1556009650.0,-121655400.0,66105.0,275351.0,24.01,A035250
1338,2017-06-07,36150,36500,36050,36050,495586,17906002700,-1.5,-2174863350.0,153681950.0,6508798250.0,-4487616850.0,46241.0,495586.0,9.33,A035250
1339,2017-06-08,36100,36250,35900,35950,808692,29102476150,-0.28,-12658376700.0,38469000.0,3019536350.0,9600371350.0,83275.0,808692.0,10.3,A035250
1340,2017-06-09,35900,35950,35300,35300,807252,28636554400,-1.81,-4162413150.0,80031900.0,7485919800.0,-3403538550.0,55115.0,807252.0,6.83,A035250
1341,2017-06-12,35100,35650,35100,35600,251392,8914286350,0.85,-1467441450.0,-31990800.0,398614200.0,1100818050.0,13691.0,251392.0,5.45,A035250
1342,2017-06-13,35700,35800,35450,35800,168323,6006573700,0.56,60630600.0,57034000.0,-720644600.0,602980000.0,12512.0,168323.0,7.43,A035250
1343,2017-06-14,35400,35800,35350,35350,282049,9998264950,-1.26,678925900.0,164675150.0,3165916750.0,-4009517800.0,3260.0,282049.0,1.16,A035250
1344,2017-06-15,35350,35650,35300,35450,228695,8105471450,0.28,-455753500.0,17254250.0,471759100.0,-33259850.0,8975.0,228695.0,3.92,A035250
1345,2017-06-16,35450,35450,35000,35200,341284,12018307200,-0.71,-1802601850.0,56327800.0,3533949500.0,-1787675450.0,12549.0,341284.0,3.68,A035250
1346,2017-06-19,35050,35450,35050,35350,147002,5179740950,0.43,-543111350.0,15303400.0,605645600.0,-77837650.0,11280.0,147002.0,7.67,A035250
1347,2017-06-20,35050,35100,34600,34600,317564,11017405050,-2.12,-3716706650.0,213854450.0,2417644150.0,1085208050.0,58766.0,317564.0,18.51,A035250
1348,2017-06-21,34800,35200,34700,34950,319251,11141498852,1.01,-1835340950.0,26253000.0,89731700.0,1719356250.0,81014.0,319251.0,25.38,A035250
1349,2017-06-22,35200,35550,34800,35500,268902,9491674300,1.57,2145353350.0,-509700.0,-1969500150.0,-175343500.0,35834.0,268902.0,13.33,A035250
1350,2017-06-23,35550,35600,35050,35150,172345,6060191750,-0.99,-51240650.0,-24530350.0,707976100.0,-632205100.0,16221.0,172345.0,9.41,A035250
1351,2017-06-26,35150,35400,34900,35000,139755,4903132250,-0.43,769665400.0,-20734000.0,128536400.0,-877467800.0,9762.0,139755.0,6.99,A035250
1352,2017-06-27,35050,35300,35000,35100,211886,7434982050,0.29,-1951732200.0,-63420550.0,592806150.0,1422346600.0,14418.0,211886.0,6.8,A035250
1353,2017-06-28,35300,35400,35000,35400,185177,6526461400,0.85,576262950.0,0.0,-723833950.0,147571000.0,31308.0,185177.0,16.91,A035250
1354,2017-06-29,35400,35400,35000,35050,177792,6238806900,-0.99,-1041614350.0,73710350.0,1107856800.0,-139952800.0,32982.0,177792.0,18.55,A035250
1355,2017-06-30,35000,35150,34800,34850,400422,13981252350,-0.57,-1222905600.0,-1260000.0,2023240400.0,-799074800.0,87954.0,400422.0,21.97,A035250
1356,2017-07-03,35000,35400,34800,35400,205345,7205043000,1.58,-1904103700.0,-34234500.0,-1227249800.0,3165588000.0,17168.0,205345.0,8.36,A035250
1357,2017-07-04,35100,35400,35000,35300,194859,6875398450,-0.28,2242858800.0,-155398100.0,-853492450.0,-1233968250.0,16048.0,194859.0,8.24,A035250
1358,2017-07-05,35000,35300,34900,34900,165395,5789939450,-1.13,-138757800.0,107652100.0,838708450.0,-807602750.0,5876.0,165395.0,3.55,A035250
1359,2017-07-06,34850,35050,34750,34850,164215,5723925000,-0.14,-1651221600.0,695000.0,1436837650.0,213688950.0,14725.0,164215.0,8.97,A035250
1360,2017-07-07,34800,35100,34750,34800,163945,5733193650,-0.14,378981550.0,-43111500.0,-51595400.0,-284274650.0,29791.0,163945.0,18.17,A035250
1361,2017-07-10,34700,34750,34000,34000,328236,11243099100,-2.3,-1011092850.0,238530400.0,3634233950.0,-2861671500.0,74868.0,328236.0,22.81,A035250
1362,2017-07-11,34100,34550,34050,34300,227545,7804232450,0.88,-311937400.0,9697300.0,-55159500.0,357399600.0,37144.0,227545.0,16.32,A035250
1363,2017-07-12,34150,34550,33900,34050,298530,10172668650,-0.73,-2342386600.0,7392400.0,2639435250.0,-304441050.0,83686.0,298530.0,28.03,A035250
1364,2017-07-13,34200,34200,33400,33400,404737,13634169700,-1.91,-2232719200.0,224094550.0,3571305150.0,-1562680500.0,86313.0,404737.0,21.33,A035250
1365,2017-07-14,33400,33900,33350,33700,192370,6486515300,0.9,602514150.0,-6740000.0,232582600.0,-828356750.0,31826.0,192370.0,16.54,A035250
1366,2017-07-17,33950,34650,33800,34350,306711,10521524050,1.93,2878632150.0,-7823800.0,-1677937050.0,-1192871300.0,65896.0,306711.0,21.48,A035250
1367,2017-07-18,34600,34650,34400,34500,185993,6423361700,0.44,1493961600.0,-6900000.0,-424829450.0,-1062232150.0,54700.0,185993.0,29.41,A035250
1368,2017-07-19,34700,35250,34600,35050,390015,13687598450,1.59,4422357900.0,-23791350.0,-2991819250.0,-1406747300.0,131395.0,390015.0,33.69,A035250
1369,2017-07-20,35200,35250,34900,34950,163605,5736573500,-0.29,1016957650.0,267100.0,-232385300.0,-784839450.0,49320.0,163605.0,30.15,A035250
1370,2017-07-21,34800,34950,34500,34500,210852,7306156450,-1.29,782679100.0,-86436800.0,1392915150.0,-2089157450.0,75899.0,210852.0,36.0,A035250
1371,2017-07-24,34900,34900,34500,34550,130635,4529517650,0.14,1049850100.0,1380000.0,11730350.0,-1062960450.0,38402.0,130635.0,29.4,A035250
1372,2017-07-25,34950,35750,34900,35500,456317,16201137650,2.75,6023096500.0,-76244000.0,-4817474550.0,-1129377950.0,142898.0,456317.0,31.32,A035250
1373,2017-07-26,35750,35800,35250,35350,336187,11945135700,-0.42,7109181950.0,-103210250.0,-625320500.0,-6380651200.0,67638.0,336187.0,20.12,A035250
1374,2017-07-27,35800,37000,35600,36900,619451,22554876300,4.38,13029019700.0,-2274700.0,-10724258800.0,-2302486200.0,130943.0,619451.0,21.14,A035250
1375,2017-07-28,36800,37450,36500,36900,575140,21348538600,0.0,10090077500.0,-90569750.0,-8185963450.0,-1813544300.0,105151.0,575140.0,18.28,A035250
1376,2017-07-31,36750,37550,36550,37000,578633,21438583850,0.27,2828926900.0,1762800.0,-3874548550.0,1043858850.0,86397.0,578633.0,14.93,A035250
1377,2017-08-01,37000,37900,36950,37650,362929,13668071400,1.76,3047945450.0,-5796800.0,-4920303800.0,1878155150.0,60313.0,362929.0,16.62,A035250
1378,2017-08-02,37500,37600,36850,37050,197874,7337594500,-1.59,-250428850.0,-273320050.0,269051950.0,254696950.0,46670.0,197874.0,23.59,A035250
1379,2017-08-03,36700,37200,36650,36800,242350,8926334342,-0.67,2838150200.0,78321050.0,-847974850.0,-2068496400.0,53340.0,242350.0,22.01,A035250
1380,2017-08-04,36550,37050,36450,36500,160499,5873542200,-0.82,1295991200.0,100604000.0,-19761350.0,-1376833850.0,32637.0,160499.0,20.33,A035250
1381,2017-08-07,36550,36950,36250,36300,170457,6221970150,-0.55,131149600.0,16813650.0,316709750.0,-464673000.0,15084.0,170457.0,8.85,A035250
1382,2017-08-08,36300,36800,36000,36200,211529,7663728750,-0.28,-268907800.0,20894300.0,498799350.0,-250785850.0,42571.0,211529.0,20.13,A035250
1383,2017-08-09,36450,37450,36400,37300,451654,16743898650,3.04,6606710150.0,-303551650.0,-5018532500.0,-1284626000.0,72821.0,451654.0,16.12,A035250
1384,2017-08-10,36850,36950,35750,35900,512869,18527960450,-3.75,2395990400.0,-22334500.0,3838892400.0,-6212548300.0,97377.0,512869.0,18.99,A035250
1385,2017-08-11,35550,36250,35350,35650,262306,9355853750,-0.7,3410636150.0,30598400.0,-8110250.0,-3433124300.0,94104.0,262306.0,35.88,A035250
1386,2017-08-14,35850,36000,35450,35700,146005,5219676800,0.14,2144283450.0,-3824450.0,151400350.0,-2291859350.0,45562.0,146005.0,31.21,A035250
1387,2017-08-16,35350,35800,35000,35050,237889,8378856450,-1.82,-731267100.0,46768650.0,3050473400.0,-2365974950.0,33028.0,237889.0,13.88,A035250
1388,2017-08-17,35000,35550,35000,35050,191091,6722852000,0.0,-330059550.0,16818450.0,1900401100.0,-1587160000.0,43526.0,191091.0,22.78,A035250
1389,2017-08-18,35000,35900,34950,35350,178605,6316134300,0.86,142980600.0,-930000.0,-269384900.0,127334300.0,39737.0,178605.0,22.25,A035250
1390,2017-08-21,35350,35500,35150,35350,119200,4207118950,0.0,377882200.0,73106300.0,614163100.0,-1065151600.0,28256.0,119200.0,23.7,A035250
1391,2017-08-22,35100,35550,35100,35250,163037,5761446400,-0.28,1207267850.0,109972200.0,-54839550.0,-1262400500.0,8740.0,163037.0,5.36,A035250
1392,2017-08-23,35150,35400,34850,34850,254795,8914328150,-1.13,-2816630750.0,116430700.0,2677632800.0,22567250.0,8908.0,254795.0,3.5,A035250
1393,2017-08-24,34650,35150,34600,34800,250564,8705124750,-0.14,-727819350.0,116905050.0,1697254100.0,-1086339800.0,19908.0,250564.0,7.95,A035250
1394,2017-08-25,34950,35000,34700,34900,178338,6212187650,0.29,-58244300.0,23764250.0,442727150.0,-408247100.0,18676.0,178338.0,10.47,A035250
1395,2017-08-28,35000,35250,34900,35150,134578,4725823800,0.72,367213050.0,0.0,-448934200.0,81721150.0,25166.0,134578.0,18.7,A035250
1396,2017-08-29,35050,35250,34700,35100,181401,6328486500,-0.14,186344750.0,26694200.0,2137961350.0,-2351000300.0,10089.0,181401.0,5.56,A035250
1397,2017-08-30,34800,35050,34700,34850,169167,5885487150,-0.71,-73337250.0,101475250.0,1948068900.0,-1976206900.0,13541.0,169167.0,8.0,A035250
1398,2017-08-31,34700,34900,34500,34500,334559,11571857900,-1.0,-400857500.0,20562000.0,2424545350.0,-2044249850.0,42676.0,334559.0,12.76,A035250
1399,2017-09-01,34500,34900,34400,34450,154455,5334099200,-0.14,-830988950.0,10130750.0,1623940900.0,-803082700.0,37220.0,154455.0,24.1,A035250
1400,2017-09-04,34400,34850,34200,34300,195888,6771713550,-0.44,2732767650.0,687000.0,-1275413950.0,-1458040700.0,14604.0,195888.0,7.46,A035250
1401,2017-09-05,34700,34950,34450,34850,190089,6610886150,1.6,1646529700.0,0.0,-1204595900.0,-441933800.0,26439.0,190089.0,13.91,A035250
1402,2017-09-06,35000,35450,34800,35250,244774,8622087300,1.15,1209783600.0,-22094100.0,-1125623550.0,-62065950.0,42461.0,244774.0,17.35,A035250
1403,2017-09-07,35600,35600,35200,35450,189842,6720837010,0.57,336714150.0,-27654000.0,-996112800.0,687052650.0,52877.0,189842.0,27.85,A035250
1404,2017-09-08,35150,35500,35050,35350,158492,5588131050,-0.28,557114400.0,0.0,-307716950.0,-249397450.0,54008.0,158492.0,34.08,A035250
1405,2017-09-11,35500,36100,35300,35950,261062,9380009570,1.7,2015504550.0,-216847500.0,-3166828150.0,1368171100.0,58390.0,261062.0,22.37,A035250
1406,2017-09-12,35950,36200,35400,35900,213384,7644599250,-0.14,727891050.0,-849050.0,-736111600.0,9069600.0,49773.0,213384.0,23.33,A035250
1407,2017-09-13,35700,35800,34850,34850,293557,10290730750,-2.92,-2664578450.0,21790950.0,2857541750.0,-214754250.0,44618.0,293557.0,15.2,A035250
1408,2017-09-14,34850,35550,34850,35500,357118,12622841150,1.87,102659050.0,12000000.0,-1189160450.0,1074501400.0,77138.0,357118.0,21.6,A035250
1409,2017-09-15,35500,35700,35150,35700,179081,6365396750,0.56,-114165200.0,21296850.0,-1509449250.0,1602317600.0,45112.0,179081.0,25.19,A035250
1410,2017-09-18,35150,35900,35150,35650,161324,5722966250,-0.14,-1227494650.0,-18542000.0,403755450.0,842281200.0,37885.0,161324.0,23.48,A035250
1411,2017-09-19,35300,35350,34600,34850,335101,11695908920,-2.24,-970772350.0,43054100.0,1866181600.0,-938463350.0,55761.0,335101.0,16.64,A035250
1412,2017-09-20,35000,35200,34700,35050,181774,6359913650,0.57,315035150.0,4097650.0,-672864150.0,353731350.0,32376.0,181774.0,17.81,A035250
1413,2017-09-21,34800,35050,34400,34400,289023,9986980550,-1.85,-3143180650.0,123886350.0,2970088950.0,49205350.0,10444.0,289023.0,3.61,A035250
1414,2017-09-22,34050,34650,34000,34400,213486,7323743200,0.0,-1184070800.0,-107050.0,-270715650.0,1454893500.0,34284.0,213486.0,16.06,A035250
1415,2017-09-25,34600,34600,34050,34100,138033,4708840950,-0.87,-511728800.0,27471950.0,627971850.0,-143715000.0,29354.0,138033.0,21.27,A035250
1416,2017-09-26,34650,34800,34050,34600,228251,7875212600,1.47,660865250.0,-12855850.0,-1025977500.0,377968100.0,57072.0,228251.0,25.0,A035250
1417,2017-09-27,34400,34750,34200,34700,126850,4380801050,0.29,532513850.0,-1836450.0,95857900.0,-626535300.0,39955.0,126850.0,31.5,A035250
1418,2017-09-28,34250,34800,34100,34700,307132,10603193200,0.0,-2668306450.0,2349850.0,266813350.0,2399143250.0,28361.0,307132.0,9.23,A035250
1419,2017-09-29,34950,35000,34500,35000,194685,6766330650,0.86,-1285412750.0,-210000.0,-300462950.0,1586085700.0,63070.0,194685.0,32.4,A035250
1420,2017-10-10,34800,35150,34500,34750,446804,15539016050,-0.71,-4771215700.0,-702000.0,1846805850.0,2925111850.0,20159.0,446804.0,4.51,A035250
1421,2017-10-11,34300,34400,33750,34050,480135,16318001900,-2.01,-6582666000.0,53690400.0,7378587550.0,-849611950.0,45727.0,480135.0,9.52,A035250
1422,2017-10-12,33850,34300,33850,34150,301349,10274191800,0.29,-5166731150.0,-2046000.0,1100846150.0,4067931000.0,13436.0,301349.0,4.46,A035250
1423,2017-10-13,34150,34400,34100,34250,155230,5312822900,0.29,79532750.0,0.0,-248731550.0,169198800.0,8225.0,155230.0,5.3,A035250
1424,2017-10-16,34250,34800,33900,34750,195889,6763185600,1.46,1490961550.0,-695000.0,-1056636450.0,-433630100.0,20266.0,195889.0,10.35,A035250
1425,2017-10-17,34600,34800,34000,34050,216533,7408865550,-2.01,-2420576550.0,37621350.0,3886580300.0,-1503625100.0,25415.0,216533.0,11.74,A035250
1426,2017-10-18,34050,34300,33800,33850,215024,7300731850,-0.59,-780021450.0,88307800.0,2452031200.0,-1760317550.0,3370.0,215024.0,1.57,A035250
1427,2017-10-19,34000,34750,34000,34350,313710,10813386750,1.48,516125650.0,25488350.0,-2416209150.0,1874595150.0,21399.0,313710.0,6.82,A035250
1428,2017-10-20,34400,34650,34050,34250,174314,5970553850,-0.29,-1489068050.0,16328200.0,1147790400.0,324949450.0,13434.0,174314.0,7.71,A035250
1429,2017-10-23,34100,34250,33800,33900,207053,7030505950,-1.02,-4185709500.0,9951900.0,3545110400.0,630647200.0,2632.0,207053.0,1.27,A035250
1430,2017-10-24,33900,34200,33850,34100,190669,6487660300,0.59,-1403548550.0,0.0,793366000.0,610182550.0,9374.0,190669.0,4.92,A035250
1431,2017-10-25,33800,34150,33800,33800,328611,11128720890,-0.88,-2794097900.0,36408050.0,5042335450.0,-2284645600.0,8824.0,328611.0,2.69,A035250
1432,2017-10-26,33700,34100,33650,33850,384217,13009059950,0.15,-488096650.0,28432100.0,3339107900.0,-2879443350.0,37331.0,384217.0,9.72,A035250
1433,2017-10-27,33900,34350,33900,34200,342397,11722208900,1.03,1860292300.0,4939200.0,-1050183100.0,-815048400.0,23324.0,342397.0,6.81,A035250
1434,2017-10-30,34500,34650,34100,34150,264069,9066241650,-0.15,94376400.0,104914000.0,364076100.0,-563366500.0,6608.0,264069.0,2.5,A035250
1435,2017-10-31,34000,34450,34000,34300,279068,9556619350,0.44,-2194115500.0,31310100.0,266572700.0,1896232700.0,22223.0,279068.0,7.96,A035250
1436,2017-11-01,34000,34350,33950,34100,230214,7836627900,-0.58,-1759706650.0,73071150.0,2965933300.0,-1279297800.0,9669.0,230214.0,4.2,A035250
1437,2017-11-02,34000,34150,33900,34150,187676,6386729150,0.15,191139800.0,21906750.0,899406800.0,-1112453350.0,16669.0,187676.0,8.88,A035250
1438,2017-11-03,34350,34500,34200,34500,211972,7293187600,1.02,3580787950.0,-994700.0,-2603998650.0,-975794600.0,11144.0,211972.0,5.26,A035250
1439,2017-11-06,34500,34700,34200,34350,176655,6071648300,-0.43,-272625950.0,5213100.0,695507450.0,-428094600.0,3009.0,176655.0,1.7,A035250
1440,2017-11-07,34100,34800,34100,34550,240035,8303134250,0.58,731501100.0,-23406850.0,-1073643550.0,365549300.0,17813.0,240035.0,7.42,A035250
1441,2017-11-08,34350,34700,34200,34650,198360,6840874450,0.29,-442745800.0,-103950000.0,369212900.0,177482900.0,44469.0,198360.0,22.42,A035250
1442,2017-11-09,34800,36000,34650,35800,764273,27143641850,3.32,4125677850.0,-77828950.0,-5345134200.0,1297285300.0,77220.0,764273.0,10.1,A035250
1443,2017-11-10,36250,36700,35600,35900,624779,22547093600,0.28,-2083897550.0,95387100.0,2428354650.0,-439844200.0,50086.0,624779.0,8.02,A035250
1444,2017-11-13,36000,36400,35600,35700,227190,8135440400,-0.56,945330450.0,995700.0,-28171450.0,-918154700.0,34989.0,227190.0,15.4,A035250
1445,2017-11-14,35750,37600,35450,37600,831991,30737303000,5.32,8108220600.0,-515298200.0,-14312564250.0,6719641850.0,43656.0,831991.0,5.25,A035250
1446,2017-11-15,37600,38150,37450,37950,514554,19514792000,0.93,2806996150.0,-39781300.0,-5802407050.0,3035192200.0,43012.0,514554.0,8.36,A035250
1447,2017-11-16,38100,38200,37050,38200,407952,15416129950,0.66,-1880926800.0,-405683400.0,-3191115250.0,5477725450.0,30454.0,407952.0,7.47,A035250
1448,2017-11-17,38000,38200,37500,38000,454906,17196268200,-0.52,-5906916700.0,-9189600.0,-1095783550.0,7011889850.0,33919.0,454906.0,7.46,A035250
1449,2017-11-20,37700,38200,37600,38050,301818,11464163250,0.13,-1964039550.0,-19526300.0,-3859075950.0,5842641800.0,42867.0,301818.0,14.2,A035250
1450,2017-11-21,37950,38050,37500,37700,348382,13163416600,-0.92,275198750.0,-46626700.0,-1646552400.0,1417980350.0,98426.0,348382.0,28.25,A035250
1451,2017-11-22,37650,37750,37200,37200,255709,9550267400,-1.33,-1246770950.0,1972600.0,667069550.0,577728800.0,32737.0,255709.0,12.8,A035250
1452,2017-11-23,37050,38050,37000,37950,311630,11739567250,2.02,3440718500.0,-17503500.0,-2531041200.0,-892173800.0,21477.0,311630.0,6.89,A035250
1453,2017-11-24,37950,37950,37450,37500,119674,4498699400,-1.19,1092083150.0,-6044750.0,248860000.0,-1334898400.0,15000.0,119674.0,12.53,A035250
1454,2017-11-27,37400,37850,36650,36800,310721,11487828550,-1.87,625952050.0,-51081050.0,516787300.0,-1091658300.0,16999.0,310721.0,5.47,A035250
1455,2017-11-28,36950,37500,36750,37150,321277,11940496150,0.95,345036400.0,2173000.0,-1094750650.0,747541250.0,37275.0,321277.0,11.6,A035250
1456,2017-11-29,37350,37850,37000,37350,240455,9010362900,0.54,1321703050.0,-5841150.0,-1191569700.0,-124292200.0,16836.0,240455.0,7.0,A035250
1457,2017-11-30,37950,38000,37150,37150,777580,29034410050,-0.54,1892079800.0,1669300.0,477844050.0,-2371593150.0,21510.0,777580.0,2.77,A035250
1458,2017-12-01,37150,37500,36650,36700,167567,6204346000,-1.21,-321976150.0,4679100.0,484387400.0,-167090350.0,14577.0,167567.0,8.7,A035250
1459,2017-12-04,37300,37400,36900,37250,163584,6091447100,1.5,1041083400.0,-2992500.0,-1502184300.0,464093400.0,5518.0,163584.0,3.37,A035250
1460,2017-12-05,37100,37800,37100,37650,250320,9410222300,1.07,1736754100.0,9486000.0,-3413110000.0,1666869900.0,7808.0,250320.0,3.12,A035250
1461,2017-12-06,37900,38000,37200,37600,256703,9669610250,-0.13,477215150.0,-862450.0,-856630700.0,380278000.0,31199.0,256703.0,12.15,A035250
1462,2017-12-07,37900,37950,37700,37900,299655,11341191300,0.8,4351413500.0,-18219600.0,-4467680950.0,134487050.0,48452.0,299655.0,16.17,A035250
1463,2017-12-08,37950,38000,36500,36650,302300,11159000350,-3.3,-583360600.0,206828450.0,1940741550.0,-1564209400.0,41315.0,302300.0,13.67,A035250
1464,2017-12-11,36250,37300,36250,36950,169721,6279923600,0.82,898113350.0,-28729800.0,-1123362150.0,253978600.0,31797.0,169721.0,18.73,A035250
1465,2017-12-12,36400,37150,36350,36950,156683,5783470750,0.0,-73898800.0,-373450.0,-635115500.0,709387750.0,23776.0,156683.0,15.17,A035250
1466,2017-12-13,36900,37950,36900,37950,297400,11213734850,2.71,2248004900.0,-2965200.0,-5820894250.0,3575854550.0,25197.0,297400.0,8.47,A035250
1467,2017-12-14,38000,39550,37850,38100,862140,33270719600,0.4,-1886613050.0,-96086100.0,-7305801300.0,9288500450.0,16848.0,862140.0,1.95,A035250
1468,2017-12-15,38200,38850,36600,36750,702129,26086144500,-3.54,-931851800.0,14803800.0,6248895250.0,-5331847250.0,129430.0,702129.0,18.43,A035250
1469,2017-12-18,36450,36800,35300,36050,596926,21382024250,-1.9,-366993400.0,215419800.0,3967286450.0,-3815712850.0,118027.0,596926.0,19.77,A035250
1470,2017-12-19,36100,36100,34900,35050,727128,25572204650,-2.77,-471536750.0,13815950.0,8733164850.0,-8275444050.0,133135.0,727128.0,18.31,A035250
1471,2017-12-20,34900,35250,34800,35000,388044,13578001850,-0.14,3812599550.0,-50102500.0,2893326150.0,-6655823200.0,56299.0,388044.0,14.51,A035250
1472,2017-12-21,34750,35050,34750,34850,361388,12609640045,-0.43,2225257300.0,695000.0,914971150.0,-3140923450.0,79990.0,361388.0,22.13,A035250
1473,2017-12-22,34950,34950,34550,34650,406974,14118673700,-0.57,2606566550.0,208200.0,3470229500.0,-6077004250.0,36518.0,406974.0,8.97,A035250
1474,2017-12-26,34650,35000,34650,34900,492858,17182753800,0.72,9503978150.0,-3980955300.0,677058450.0,-6200081300.0,58340.0,492858.0,11.84,A035250
1475,2017-12-27,34500,34700,33500,34300,418422,14304089150,-1.72,-1936391600.0,36620700.0,4388112600.0,-2488341700.0,11621.0,418422.0,2.78,A035250
1476,2017-12-28,34400,34850,34250,34800,284580,9857002948,1.46,-160574500.0,50143600.0,-284472200.0,394903100.0,1816.0,284580.0,0.64,A035250
1477,2018-01-02,31950,32400,30850,32050,2012609,63343872100,-7.9,-31424156550.0,275925050.0,26306981600.0,4841249900.0,296411.0,2012609.0,14.73,A035250
1478,2018-01-03,31800,32350,31550,31950,922887,29542641050,-0.31,-7802383450.0,-21001400.0,3810527100.0,4012857750.0,107609.0,922887.0,11.66,A035250
1479,2018-01-04,32250,32250,31750,31750,630223,20100498350,-0.63,-1137186800.0,0.0,2466975450.0,-1329788650.0,66379.0,630223.0,10.53,A035250
1480,2018-01-05,31750,31850,30900,31200,763308,23813343550,-1.73,-6766616450.0,71705100.0,5952926800.0,741984550.0,61719.0,763308.0,8.09,A035250
1481,2018-01-08,31350,31750,31300,31550,469383,14781181050,1.12,-2985428050.0,-767450.0,955398400.0,2030797100.0,98015.0,469383.0,20.88,A035250
1482,2018-01-09,31500,31800,31250,31750,423120,13384524650,0.63,-1008642450.0,54002700.0,-95263850.0,1049903600.0,71121.0,423120.0,16.81,A035250
1483,2018-01-10,31950,31950,31500,31650,512549,16258076900,-0.31,-982180000.0,-46603100.0,3393502800.0,-2364719700.0,35811.0,512549.0,6.99,A035250
1484,2018-01-11,31800,31800,31200,31200,448111,14042451500,-1.42,-3474821450.0,-28996200.0,4988998200.0,-1485180550.0,13096.0,448111.0,2.92,A035250
1485,2018-01-12,31150,31500,31100,31400,304112,9540788200,0.64,-562897600.0,0.0,-465038800.0,1027936400.0,16935.0,304112.0,5.57,A035250
1486,2018-01-15,31350,31500,31200,31250,236996,7416878100,-0.48,-1147182000.0,9563100.0,764369750.0,373249150.0,22073.0,236996.0,9.31,A035250
1487,2018-01-16,31250,31750,31250,31700,262555,8301560150,1.44,-560915150.0,81419000.0,-168130950.0,647627100.0,13261.0,262555.0,5.05,A035250
1488,2018-01-17,31900,32600,31650,32550,617153,19943256700,2.68,-807554750.0,570885850.0,-1734271350.0,1970940250.0,48923.0,617153.0,7.93,A035250
1489,2018-01-18,32650,32700,31800,31850,356994,11451828750,-2.15,-2695942700.0,16228000.0,2852816800.0,-173102100.0,24898.0,356994.0,6.97,A035250
1490,2018-01-19,32000,32350,31900,32350,263903,8501717750,1.57,-560225450.0,-16075000.0,-1652333650.0,2228634100.0,20513.0,263903.0,7.77,A035250
1491,2018-01-22,32600,32700,32000,32300,355848,11467329700,-0.15,-3091047750.0,-3600.0,1670553700.0,1420497650.0,40382.0,355848.0,11.35,A035250
1492,2018-01-23,32350,32900,32250,32900,374516,12225643700,1.86,1469131200.0,-83363200.0,-3384290800.0,1998522800.0,42467.0,374516.0,11.34,A035250
1493,2018-01-24,32950,33350,32750,32850,373950,12331038000,-0.15,986334700.0,-61880600.0,1002599800.0,-1927053900.0,42224.0,373950.0,11.29,A035250
1494,2018-01-25,32950,32950,32600,32850,335424,10987802600,0.0,-2238571250.0,-59365150.0,779984400.0,1517952000.0,44452.0,335424.0,13.25,A035250
1495,2018-01-26,32850,33150,32700,33050,277342,9145715900,0.61,1336147150.0,40498000.0,-1219074050.0,-157571100.0,35381.0,277342.0,12.76,A035250
1496,2018-01-29,33050,33650,32950,33400,343527,11454495900,1.06,-2040603900.0,25955500.0,-754167800.0,2768816200.0,30110.0,343527.0,8.76,A035250
1497,2018-01-30,33550,33600,32750,32750,335889,11065734200,-1.95,-1964896500.0,27640650.0,3084579900.0,-1147324050.0,28039.0,335889.0,8.35,A035250
1498,2018-01-31,32700,32700,31600,32450,373857,12090280950,-0.92,-1007689350.0,18477100.0,1648138650.0,-658926400.0,29405.0,373857.0,7.87,A035250
1499,2018-02-01,32350,33600,32350,33200,378813,12531304500,2.31,-1365551300.0,-139279500.0,-2850316450.0,4355147250.0,29404.0,378813.0,7.76,A035250
1500,2018-02-02,33350,33500,32850,33400,417524,13830747300,0.6,-3057589350.0,9751400.0,-3734677500.0,6782515450.0,51636.0,417524.0,12.37,A035250
1501,2018-02-05,33450,33450,32150,32200,351828,11449000550,-3.59,-1737786100.0,11746700.0,2258678450.0,-532639050.0,57355.0,351828.0,16.3,A035250
1502,2018-02-06,31750,32000,31400,31850,432814,13732197200,-1.09,2924384200.0,20454500.0,-2637773550.0,-307065150.0,25746.0,432814.0,5.95,A035250
1503,2018-02-07,31850,32300,31350,31450,367335,11711703700,-1.26,-1921307950.0,-591350.0,1362719700.0,559179600.0,11319.0,367335.0,3.08,A035250
1504,2018-02-08,31400,31800,31200,31400,366733,11544398050,-0.16,-2107048800.0,23176550.0,1519476150.0,564396100.0,7703.0,366733.0,2.1,A035250
1505,2018-02-09,30700,31000,29850,29850,781360,23582547550,-4.94,-1582993400.0,48261850.0,9411411950.0,-7876680400.0,16072.0,781360.0,2.06,A035250
1506,2018-02-12,29850,30300,29850,29850,586250,17584315450,0.0,-1037311400.0,-1135300.0,1144590350.0,-106143650.0,24600.0,586250.0,4.2,A035250
1507,2018-02-13,29850,29900,28800,29500,1027073,30214838100,-1.17,-877440250.0,80847300.0,-275148950.0,1071741900.0,47331.0,1027073.0,4.61,A035250
1508,2018-02-14,29500,29950,29450,29700,312909,9292011450,0.68,63958000.0,82198100.0,845524000.0,-991680100.0,25437.0,312909.0,8.13,A035250
1509,2018-02-19,30100,30150,29700,30050,215203,6445011850,1.18,-526959350.0,55900.0,-197188500.0,724091950.0,27612.0,215203.0,12.83,A035250
1510,2018-02-20,30050,30100,29550,29600,374890,11202091875,-1.5,-1009697300.0,930050.0,725621700.0,283145550.0,19975.0,374890.0,5.33,A035250
1511,2018-02-21,29800,29850,29250,29550,237744,7025939800,-0.17,499691000.0,65929900.0,1235538900.0,-1801159800.0,6733.0,237744.0,2.83,A035250
1512,2018-02-22,29300,29350,29050,29250,372145,10866480350,-1.02,-1552864400.0,28650500.0,2406516450.0,-882302550.0,25717.0,372145.0,6.91,A035250
1513,2018-02-23,29350,29400,28800,29050,377478,10957777950,-0.68,-637095150.0,70694700.0,2468482700.0,-1902082250.0,5258.0,377478.0,1.39,A035250
1514,2018-02-26,29150,29350,29050,29250,311002,9081342800,0.69,-1279476350.0,-3714750.0,1043117200.0,240073900.0,28868.0,311002.0,9.28,A035250
1515,2018-02-27,29300,29650,29250,29350,379619,11166913100,0.34,-427662450.0,-6676100.0,294735750.0,139602800.0,8300.0,379619.0,2.19,A035250
1516,2018-02-28,29300,29350,28800,28850,983630,28494612500,-1.7,-1204235150.0,12139000.0,2772067750.0,-1579971600.0,29639.0,983630.0,3.01,A035250
1517,2018-03-02,28900,28950,28300,28400,510322,14529976350,-1.56,-5129418600.0,33910950.0,2363067150.0,2732440500.0,43631.0,510322.0,8.55,A035250
1518,2018-03-05,28200,28600,28000,28050,274231,7736143700,-1.23,-1978648200.0,18326100.0,1083821950.0,876500150.0,35653.0,274231.0,13.0,A035250
1519,2018-03-06,28300,28900,28200,28700,384809,10997916700,2.32,-1536945850.0,32959150.0,-515950250.0,2019936950.0,23683.0,384809.0,6.15,A035250
1520,2018-03-07,28450,29000,28400,28750,355051,10188477550,0.17,-1504200350.0,6423300.0,872509150.0,625267900.0,54457.0,355051.0,15.34,A035250
1521,2018-03-08,28950,29050,28700,28950,496873,14343568350,0.7,-1770450000.0,3309500.0,365257850.0,1401882650.0,26459.0,496873.0,5.33,A035250
1522,2018-03-09,29000,29400,28800,29200,448959,13098944650,0.86,-696334150.0,294040200.0,1622983450.0,-1220689500.0,31328.0,448959.0,6.98,A035250
1523,2018-03-12,29500,29550,28750,28800,452082,13081040950,-1.37,-2449786350.0,8773000.0,2604873450.0,-163860100.0,44573.0,452082.0,9.86,A035250
1524,2018-03-13,28550,28800,28350,28450,360628,10275119400,-1.22,-1452335550.0,287659950.0,946976100.0,217699500.0,14300.0,360628.0,3.97,A035250
1525,2018-03-14,28300,28550,28100,28400,254157,7211772400,-0.18,-1484665250.0,25863000.0,1258202100.0,200600150.0,21465.0,254157.0,8.45,A035250
1526,2018-03-15,28500,28700,28200,28500,385737,10979447550,0.35,-345513750.0,84928400.0,745799400.0,-485214050.0,21534.0,385737.0,5.58,A035250
1527,2018-03-16,28250,28750,28050,28050,733383,20716845200,-1.58,-4833245050.0,12484300.0,7495507800.0,-2674747050.0,82498.0,733383.0,11.25,A035250
1528,2018-03-19,28150,28200,27850,27950,460752,12892162400,-0.36,-414560500.0,55800000.0,2276031950.0,-1917271450.0,56611.0,460752.0,12.29,A035250
1529,2018-03-20,27800,27950,27700,27900,289716,8067849850,-0.18,-442796050.0,17818950.0,1428664800.0,-1003687700.0,71581.0,289716.0,24.71,A035250
1530,2018-03-21,27900,28600,27900,28300,450313,12758563750,1.43,1307517750.0,373383750.0,701827500.0,-2382729000.0,47181.0,450313.0,10.48,A035250
1531,2018-03-22,28400,28950,28300,28400,374674,10695787100,0.35,-492018000.0,21492450.0,2537467400.0,-2066941850.0,51277.0,374674.0,13.69,A035250
1532,2018-03-23,28100,28150,27250,27400,547057,15141560050,-3.52,-1086177950.0,16815700.0,6618023800.0,-5548661550.0,37245.0,547057.0,6.81,A035250
1533,2018-03-26,27400,27550,27100,27350,282002,7697243150,-0.18,565827000.0,-2688400.0,1338159050.0,-1901297650.0,33708.0,282002.0,11.95,A035250
1534,2018-03-27,27400,27800,27350,27550,324619,8954464950,0.73,181312200.0,-207538600.0,423635750.0,-397409350.0,21991.0,324619.0,6.77,A035250
1535,2018-03-28,27300,27750,27300,27650,207976,5748738500,0.36,-38995700.0,1078350.0,492184800.0,-454267450.0,41836.0,207976.0,20.12,A035250
1536,2018-03-29,27500,27600,26900,27250,415710,11284910450,-1.45,-2031789350.0,-147300500.0,3093121900.0,-914032050.0,68053.0,415710.0,16.37,A035250
1537,2018-03-30,27500,28300,27200,28200,487873,13673562850,3.49,1132601950.0,-1832500.0,-3775224650.0,2644455200.0,40539.0,487873.0,8.31,A035250
1538,2018-04-02,28550,28850,28500,28500,454828,13038137150,1.06,1527918650.0,-1229950.0,-157016850.0,-1369671850.0,8561.0,454828.0,1.88,A035250
1539,2018-04-03,28050,28500,28000,28350,420610,11895303950,-0.53,500442550.0,645150.0,2746392750.0,-3247480450.0,26076.0,420610.0,6.2,A035250
1540,2018-04-04,28350,28850,28350,28450,825745,23626335400,0.35,3546587100.0,-458500.0,-943706450.0,-2602422150.0,21676.0,825745.0,2.63,A035250
1541,2018-04-05,28600,28800,28100,28200,291595,8251047650,-0.88,-808192300.0,84300.0,1262657000.0,-454549000.0,9416.0,291595.0,3.23,A035250
1542,2018-04-06,28250,28250,27700,27900,314119,8751747500,-1.06,-343028500.0,984800.0,1811117000.0,-1469073300.0,22260.0,314119.0,7.09,A035250
1543,2018-04-09,27550,27850,27550,27600,428194,11853502650,-1.08,1350033350.0,54813650.0,1919314750.0,-3324161750.0,5558.0,428194.0,1.3,A035250
1544,2018-04-10,27400,27600,27250,27400,515497,14118027400,-0.72,381759300.0,-5113200.0,1605584200.0,-1982230300.0,58725.0,515497.0,11.39,A035250
1545,2018-04-11,27250,27400,27150,27200,440256,11982921800,-0.73,-1075760450.0,76703000.0,3948531550.0,-2949474100.0,13848.0,440256.0,3.15,A035250
1546,2018-04-12,27150,27250,26850,26850,616156,16640684800,-1.29,-1085413300.0,28525550.0,5962638450.0,-4905750700.0,8998.0,616156.0,1.46,A035250
1547,2018-04-13,26800,26850,25750,26100,1503329,39249188400,-2.79,-4816793400.0,44054200.0,14053338600.0,-9280599400.0,33153.0,1503329.0,2.21,A035250
1548,2018-04-16,26100,26550,26050,26450,1368686,36140370750,1.34,1840488450.0,10385600.0,1103883800.0,-2954757850.0,14716.0,1368686.0,1.08,A035250
1549,2018-04-17,26550,27300,26550,27100,1837989,49554711463,2.46,259940700.0,544803000.0,-1059296500.0,254552800.0,89461.0,1837989.0,4.87,A035250
1550,2018-04-18,27250,27950,27200,27800,1257719,34888994530,2.58,1153176750.0,1138583800.0,-3224834700.0,933074150.0,9800.0,1257719.0,0.78,A035250
1551,2018-04-19,27700,28000,27300,27600,628264,17320128800,-0.72,-70898600.0,-156980500.0,442724950.0,-214845850.0,76169.0,628264.0,12.12,A035250
1552,2018-04-20,28000,28950,28000,28750,1890896,54257118950,4.17,18176326800.0,-359329200.0,-3862827250.0,-13954170350.0,68088.0,1890896.0,3.6,A035250
1553,2018-04-23,28800,29150,28350,28750,1913266,54908518200,0.0,4608494200.0,-260500500.0,688741700.0,-5036735400.0,9098.0,1913266.0,0.48,A035250
1554,2018-04-24,29250,30100,28950,29550,1050907,31193399050,2.78,2891066550.0,438711000.0,-8158333100.0,4828555550.0,49638.0,1050907.0,4.72,A035250
1555,2018-04-25,29600,29600,29000,29450,582024,17015931900,-0.34,-1406481300.0,-326986300.0,-1740669850.0,3474137450.0,31026.0,582024.0,5.33,A035250
1556,2018-04-26,29750,30000,28900,29000,575419,16898906950,-1.53,-3697874500.0,-313840850.0,552590950.0,3459124400.0,33114.0,575419.0,5.75,A035250
1557,2018-04-27,28900,29350,28650,28950,456344,13185313925,-0.17,-829427950.0,-53957000.0,176700200.0,706684750.0,17913.0,456344.0,3.93,A035250
1558,2018-04-30,28800,29050,28550,28900,295825,8522040550,-0.17,717779550.0,-741306200.0,-1753000650.0,1776527300.0,6432.0,295825.0,2.17,A035250
1559,2018-05-02,29250,29650,28950,29250,455852,13304225300,1.21,508510550.0,-233193450.0,-2276973650.0,2001656550.0,10350.0,455852.0,2.27,A035250
1560,2018-05-03,29500,29550,28950,29150,617097,18100575700,-0.34,11012744300.0,-10625516600.0,222465000.0,-609692700.0,5842.0,617097.0,0.95,A035250
1561,2018-05-04,29150,29200,28650,29050,567701,16483077750,-0.34,1882231950.0,-2405921200.0,-908471550.0,1432160800.0,61828.0,567701.0,10.89,A035250
1562,2018-05-08,29200,29650,28900,29000,468307,13709280350,-0.17,-566706500.0,198818000.0,32797250.0,335091250.0,14059.0,468307.0,3.0,A035250
1563,2018-05-09,29200,29200,28500,28650,270384,7777606450,-1.21,2148171650.0,-313339000.0,-48139300.0,-1786693350.0,27919.0,270384.0,10.33,A035250
1564,2018-05-10,28550,28900,28000,28650,565948,16059770850,0.0,-142024550.0,96053200.0,1500821250.0,-1454849900.0,74206.0,565948.0,13.11,A035250
1565,2018-05-11,28150,28800,28000,28650,374550,10700522400,0.0,-2254592400.0,14279150.0,-21137500.0,2261450750.0,22646.0,374550.0,6.05,A035250
1566,2018-05-14,28650,28750,27600,27950,627120,17523970650,-2.44,709526750.0,12726350.0,2011742250.0,-2733995350.0,17383.0,627120.0,2.77,A035250
1567,2018-05-15,27900,28100,27750,27950,393840,10994481650,0.0,-853900800.0,-5607950.0,-351321650.0,1210830400.0,40108.0,393840.0,10.18,A035250
1568,2018-05-16,28000,28050,27500,27600,431546,11917868750,-1.25,-979302900.0,21286100.0,1814542350.0,-856525550.0,27205.0,431546.0,6.3,A035250
1569,2018-05-17,27500,28050,27300,27950,403061,11191226700,1.27,793186850.0,-827000.0,-486082950.0,-306276900.0,7711.0,403061.0,1.91,A035250
1570,2018-05-18,27950,28150,27700,28150,405153,11337627150,0.72,1016844900.0,-1123900.0,-638236200.0,-377484800.0,19286.0,405153.0,4.76,A035250
1571,2018-05-21,28200,28300,27950,27950,166919,4684476650,-0.71,-34423500.0,8189700.0,683235000.0,-657001200.0,40085.0,166919.0,24.01,A035250
1572,2018-05-23,27700,27900,27450,27450,426265,11766210150,-1.79,-2303885100.0,83009600.0,2249147000.0,-28271500.0,73267.0,426265.0,17.19,A035250
1573,2018-05-24,27400,27800,27400,27600,286210,7887121400,0.55,-1557634250.0,0.0,130954150.0,1426680100.0,66323.0,286210.0,23.17,A035250
1574,2018-05-25,27800,27900,27300,27500,244690,6728453400,-0.36,135858250.0,-19074800.0,9129000.0,-125912450.0,34870.0,244690.0,14.25,A035250
1575,2018-05-28,27500,27600,26950,27000,351817,9520064200,-1.82,488357350.0,27918600.0,3964222800.0,-4480498750.0,58334.0,351817.0,16.58,A035250
1576,2018-05-29,27000,27100,26850,26900,233730,6294613450,-0.37,269523950.0,2746250.0,927526750.0,-1199796950.0,29081.0,233730.0,12.44,A035250
1577,2018-05-30,26800,27250,26500,26800,443841,11864901900,-0.37,385439650.0,-12810800.0,1572253450.0,-1944882300.0,48445.0,443841.0,10.91,A035250
1578,2018-05-31,26800,27150,26700,26850,731383,19666429750,0.19,-203753150.0,889000.0,209240850.0,-6376700.0,34388.0,731383.0,4.7,A035250
1579,2018-06-01,26800,27150,26800,27000,226810,6124201250,0.56,78786150.0,749600.0,661950600.0,-741486350.0,19290.0,226810.0,8.5,A035250
1580,2018-06-04,27000,27000,26500,26950,307710,8225680350,-0.19,1273829100.0,28543950.0,1810830050.0,-3113203100.0,7020.0,307710.0,2.28,A035250
1581,2018-06-05,27150,27750,26850,27300,911917,24982061450,1.3,1481492250.0,170768550.0,2737042100.0,-4389302900.0,33884.0,911917.0,3.72,A035250
1582,2018-06-07,27250,27650,27100,27400,468991,12846762450,0.37,1058640000.0,543000.0,1886954600.0,-2946137600.0,44613.0,468991.0,9.51,A035250
1583,2018-06-08,27400,28300,27250,28100,468387,13030275750,2.55,3390787250.0,47359000.0,-1641289600.0,-1796856650.0,33774.0,468387.0,7.21,A035250
1584,2018-06-11,28100,28300,27800,28100,331057,9308342050,0.0,1538338900.0,11240000.0,-258340400.0,-1291238500.0,13037.0,331057.0,3.94,A035250
1585,2018-06-12,28200,29000,28100,28850,594301,17067502250,2.67,7936050800.0,-53763450.0,-7747906850.0,-134380500.0,25777.0,594301.0,4.34,A035250
1586,2018-06-14,28600,29100,28400,28650,805329,23086550190,-0.69,1605294100.0,25307550.0,354236150.0,-1984837800.0,33856.0,805329.0,4.2,A035250
1587,2018-06-15,28750,28900,28250,28600,597856,17061079500,-0.17,923193600.0,-2553750.0,-1122471200.0,201831350.0,54849.0,597856.0,9.17,A035250
1588,2018-06-18,28800,29100,28550,28800,539384,15564636250,0.7,4590345800.0,105429400.0,-4880092100.0,184316900.0,59289.0,539384.0,10.99,A035250
1589,2018-06-19,28600,29050,28500,28950,611973,17683749800,0.52,5549182900.0,-72184800.0,-6717070450.0,1240072350.0,64846.0,611973.0,10.6,A035250
1590,2018-06-20,29150,29200,28450,28450,479934,13735994500,-1.73,941256400.0,-168140450.0,1244391550.0,-2017507500.0,45995.0,479934.0,9.58,A035250
1591,2018-06-21,28200,28450,27100,27300,620613,17151280200,-4.04,-3591327800.0,-64926950.0,3100900550.0,555354200.0,67377.0,620613.0,10.86,A035250
1592,2018-06-22,26800,27650,26800,27650,395780,10825616250,1.28,893127800.0,204200.0,-1222208300.0,328876300.0,73544.0,395780.0,18.58,A035250
1593,2018-06-25,27450,27650,26850,27550,373702,10184122100,-0.36,2550994300.0,-10737650.0,1818202400.0,-4358459050.0,14660.0,373702.0,3.92,A035250
1594,2018-06-26,27450,27450,26950,27050,356013,9653764850,-1.81,700492300.0,-9173200.0,2204090850.0,-2895409950.0,9006.0,356013.0,2.53,A035250
1595,2018-06-27,26950,27200,26600,26650,538508,14406162350,-1.48,-319811100.0,54260800.0,5574704100.0,-5309153800.0,81312.0,538508.0,15.1,A035250
1596,2018-06-28,26400,26500,25800,25950,707299,18422095350,-2.63,-2421814800.0,60332800.0,6551827100.0,-4190345100.0,52190.0,707299.0,7.38,A035250
1597,2018-06-29,26100,26350,25800,26150,333620,8715867800,0.77,-52969600.0,32989300.0,924082250.0,-904101950.0,27638.0,333620.0,8.28,A035250
1598,2018-07-02,26100,26100,25800,25850,281398,7298522700,-1.15,-628938950.0,19453200.0,467337200.0,142148550.0,39304.0,281398.0,13.97,A035250
1599,2018-07-03,26000,26000,25400,25700,265349,6805494950,-0.58,-220335000.0,1050650.0,734484000.0,-515199650.0,32855.0,265349.0,12.38,A035250
1600,2018-07-04,25700,25900,25550,25750,176357,4547502600,0.19,-81402500.0,4473800.0,-17368100.0,94296800.0,23908.0,176357.0,13.56,A035250
1601,2018-07-05,25850,25950,25300,25400,246716,6294691200,-1.36,-587148400.0,280100.0,1921371950.0,-1334503650.0,24144.0,246716.0,9.79,A035250
1602,2018-07-06,25350,25750,25350,25500,295947,7563447950,0.39,818909100.0,99609600.0,548122550.0,-1466641250.0,31022.0,295947.0,10.48,A035250
1603,2018-07-09,25400,25950,25400,25850,253956,6543691450,1.37,2418021900.0,-5171350.0,139135400.0,-2551985950.0,47869.0,253956.0,18.85,A035250
1604,2018-07-10,25850,26300,25850,25950,264426,6874412700,0.39,150780650.0,-650750.0,1745041100.0,-1895171000.0,26476.0,264426.0,10.01,A035250
1605,2018-07-11,25850,26300,25750,25900,424552,11046457850,-0.19,2560167300.0,-35035900.0,229746950.0,-2754878350.0,26631.0,424552.0,6.27,A035250
1606,2018-07-12,26050,26300,25850,25900,412110,10727612700,0.0,-3231650.0,10001250.0,1278110000.0,-1284879600.0,24980.0,412110.0,6.06,A035250
1607,2018-07-13,25950,26250,25850,25850,211951,5510273850,-0.19,-1728789550.0,-910000.0,2280445950.0,-550746400.0,19631.0,211951.0,9.26,A035250
1608,2018-07-16,25800,26000,25550,26000,156062,4035207950,0.58,-393919300.0,10022300.0,364268250.0,19628750.0,12413.0,156062.0,7.95,A035250
1609,2018-07-17,26000,26600,26000,26350,255930,6745373700,1.35,2580380900.0,6908000.0,-1345596250.0,-1241692650.0,20819.0,255930.0,8.13,A035250
1610,2018-07-18,26450,27200,26450,27000,521705,14065004763,2.47,3874516550.0,-47503750.0,-2843521550.0,-983491250.0,28689.0,521705.0,5.5,A035250
1611,2018-07-19,27100,27300,26600,26700,258219,6948449200,-1.11,445827350.0,24898800.0,-364397100.0,-106329050.0,46888.0,258219.0,18.16,A035250
1612,2018-07-20,26750,26950,26500,26800,208192,5579369700,0.37,1862513950.0,-5440050.0,-679915050.0,-1177158850.0,55482.0,208192.0,26.65,A035250
1613,2018-07-23,26800,27000,26250,26700,279917,7441229500,-0.37,1707647450.0,5239000.0,-1518899050.0,-193987400.0,21850.0,279917.0,7.81,A035250
1614,2018-07-24,26850,26850,26200,26400,244901,6454175350,-1.12,418016900.0,526000.0,460598050.0,-879140950.0,28250.0,244901.0,11.54,A035250
1615,2018-07-25,26500,26750,26300,26600,213824,5671155500,0.76,1290029750.0,-6331000.0,-1325008550.0,41309800.0,14701.0,213824.0,6.88,A035250
1616,2018-07-26,26650,26800,26450,26550,257615,6842803097,-0.19,396613250.0,0.0,340355300.0,-736968550.0,9315.0,257615.0,3.62,A035250
1617,2018-07-27,26550,26600,26150,26400,306778,8072031750,-0.56,-155173150.0,0.0,2236488900.0,-2081315750.0,95001.0,306778.0,30.97,A035250
1618,2018-07-30,26150,26550,25600,26350,551840,14338370865,-0.19,-2292134900.0,552300.0,305588800.0,1985993800.0,35614.0,551840.0,6.45,A035250
1619,2018-07-31,26150,26450,26000,26000,294474,7689362300,-1.33,-104682950.0,3515750.0,650801750.0,-549634550.0,10027.0,294474.0,3.41,A035250
1620,2018-08-01,26000,26400,25800,25900,377533,9796252900,-0.38,-1866650350.0,60331500.0,3401781700.0,-1595462850.0,13756.0,377533.0,3.64,A035250
1621,2018-08-02,25950,26000,25700,25800,285498,7367915200,-0.39,-1962924000.0,5417000.0,1497799050.0,459707950.0,3844.0,285498.0,1.35,A035250
1622,2018-08-03,25900,26000,25650,25800,312210,8059465350,0.0,-2472652350.0,9097800.0,2496424100.0,-32869550.0,30462.0,312210.0,9.76,A035250
1623,2018-08-06,25850,26150,25750,26000,300034,7796367150,0.78,300047450.0,-312000.0,720952050.0,-1020687500.0,51438.0,300034.0,17.14,A035250
1624,2018-08-07,25800,26200,25800,26150,230538,6008694950,0.58,1239127650.0,-913500.0,-250075300.0,-988138850.0,19192.0,230538.0,8.32,A035250
1625,2018-08-08,26000,26200,25950,26000,237917,6189979050,-0.57,-534737150.0,18246000.0,634055350.0,-117564200.0,13389.0,237917.0,5.63,A035250
1626,2018-08-09,26000,26800,25850,26800,502254,13280566950,3.08,4052269150.0,-27657000.0,-4637774100.0,613161950.0,60386.0,502254.0,12.02,A035250
1627,2018-08-10,27100,29100,27100,28900,2206212,62969826250,7.84,2491407050.0,-187245950.0,-33704800850.0,31400639750.0,199632.0,2206212.0,9.05,A035250
1628,2018-08-13,28850,29100,28400,28950,654884,18911377000,0.17,3158393800.0,0.0,-4272900600.0,1114506800.0,39223.0,654884.0,5.99,A035250
1629,2018-08-14,29300,29800,28700,29550,848378,25062305600,2.07,669922200.0,-1586500.0,-7335379050.0,6667043350.0,159260.0,848378.0,18.77,A035250
1630,2018-08-16,28700,29550,28600,28700,811636,23453409000,-2.88,4529536700.0,12687000.0,-281939200.0,-4260284500.0,31772.0,811636.0,3.91,A035250
1631,2018-08-17,28950,29600,28850,29450,513932,15122138400,2.61,854721700.0,977600.0,-3793372700.0,2937673400.0,34477.0,513932.0,6.71,A035250
1632,2018-08-20,29450,29800,29100,29350,355812,10480901750,-0.34,-1270183650.0,-6210000.0,-1357412050.0,2633805700.0,27925.0,355812.0,7.85,A035250
1633,2018-08-21,29600,30100,29250,29350,787860,23478057200,0.0,-2239545800.0,-20290250.0,-4038858850.0,6298694900.0,53282.0,787860.0,6.76,A035250
1634,2018-08-22,29250,29650,29000,29200,270639,7924392150,-0.51,96870350.0,0.0,-261810850.0,164940500.0,17333.0,270639.0,6.4,A035250
1635,2018-08-23,29450,29850,29400,29750,385626,11449305250,1.88,695003300.0,-59997000.0,-3014145850.0,2379139550.0,54478.0,385626.0,14.13,A035250
1636,2018-08-24,29950,29950,29250,29650,227975,6755728700,-0.34,-106277450.0,-1348000.0,-128823000.0,236448450.0,16554.0,227975.0,7.26,A035250
1637,2018-08-27,29650,29750,28850,28900,362093,10509904400,-2.53,1476947850.0,46356350.0,-558564550.0,-964739650.0,38421.0,362093.0,10.61,A035250
1638,2018-08-28,28950,29450,28800,29150,362172,10545879000,0.87,-28494750.0,39418400.0,-1079016650.0,1068093000.0,52766.0,362172.0,14.57,A035250
1639,2018-08-29,28900,29150,28200,28400,587654,16714711650,-2.57,891143900.0,21064900.0,2904656250.0,-3816865050.0,46368.0,587654.0,7.89,A035250
1640,2018-08-30,28450,28800,28300,28600,370483,10583063200,0.7,541826350.0,7316500.0,-841206700.0,292063850.0,41728.0,370483.0,11.26,A035250
1641,2018-08-31,28900,29000,28400,28950,337607,9710256150,1.22,-511123950.0,53542600.0,-789672900.0,1247254250.0,23028.0,337607.0,6.82,A035250
1642,2018-09-03,28850,28900,28350,28500,268844,7669714750,-1.55,71089550.0,-71428900.0,1490617500.0,-1490278150.0,6886.0,268844.0,2.56,A035250
1643,2018-09-04,28500,28550,28100,28500,194947,5526552550,0.0,-1463538100.0,530450.0,220419500.0,1242588150.0,5995.0,194947.0,3.08,A035250
1644,2018-09-05,28300,28800,28150,28450,337466,9614205050,-0.18,-805158850.0,33000.0,202066350.0,603059500.0,12545.0,337466.0,3.72,A035250
1645,2018-09-06,28350,29050,28200,28500,375704,10815287400,0.18,983477950.0,-579000.0,-2105367600.0,1122468650.0,11184.0,375704.0,2.98,A035250
1646,2018-09-07,28750,28800,28250,28400,391052,11140214200,-0.35,2249546100.0,-28326600.0,1107852300.0,-3329071800.0,2308.0,391052.0,0.59,A035250
1647,2018-09-10,28100,28400,28000,28050,236295,6632088275,-1.23,-412074150.0,-16829650.0,1203649050.0,-774745250.0,18111.0,236295.0,7.66,A035250
1648,2018-09-11,27800,28200,27800,27950,144360,4043832100,-0.36,466700650.0,-32381700.0,354632550.0,-788951500.0,3464.0,144360.0,2.4,A035250
1649,2018-09-12,27950,28000,26850,27000,823186,22303783150,-3.4,-2776679650.0,-111650.0,7817789550.0,-5040998250.0,18350.0,823186.0,2.23,A035250
1650,2018-09-13,27200,27350,27000,27000,853494,23125340800,0.0,-334384300.0,2720000.0,2352431100.0,-2020766800.0,2366.0,853494.0,0.28,A035250
1651,2018-09-14,27250,27750,27200,27600,352991,9738417400,2.22,1349158450.0,-549000.0,-1492052500.0,143443050.0,9181.0,352991.0,2.6,A035250
1652,2018-09-17,27250,27750,27200,27450,240501,6596000250,-0.54,-1332698200.0,-3808200.0,809526300.0,526980100.0,13180.0,240501.0,5.48,A035250
1653,2018-09-18,27300,28050,27300,27850,424419,11764572922,1.46,834419600.0,29496050.0,-646972050.0,-216943600.0,13055.0,424419.0,3.08,A035250
1654,2018-09-19,27650,27950,27400,27900,475518,13161019803,0.18,-2210633950.0,-20554300.0,10037450.0,2221150800.0,8882.0,475518.0,1.87,A035250
1655,2018-09-20,27650,28000,27550,27800,353144,9822357850,-0.36,-1343266450.0,139050.0,-988142600.0,2331270000.0,14299.0,353144.0,4.05,A035250
1656,2018-09-21,28150,28800,27900,28450,724581,20601399100,2.34,3944151950.0,-1975545900.0,-4415789200.0,2447183150.0,83117.0,724581.0,11.47,A035250
1657,2018-09-27,28300,28650,28150,28350,459499,12997472850,-0.35,2498605450.0,-2995428800.0,150161300.0,346662050.0,12066.0,459499.0,2.63,A035250
1658,2018-09-28,28300,28850,28300,28700,386234,11047750598,1.23,656440450.0,30983200.0,-1836191000.0,1148767350.0,2903.0,386234.0,0.75,A035250
1659,2018-10-01,29000,29000,28250,28250,309757,8839708300,-1.57,993987400.0,30974450.0,2674337100.0,-3699298950.0,14502.0,309757.0,4.68,A035250
1660,2018-10-02,28000,28000,27700,27750,263839,7347016100,-1.77,917245050.0,40512800.0,612973250.0,-1570731100.0,7916.0,263839.0,3.0,A035250
1661,2018-10-04,27850,28300,27600,28100,365820,10240404400,1.26,1167816400.0,-222800.0,-1910458850.0,742865250.0,21787.0,365820.0,5.96,A035250
1662,2018-10-05,27750,28550,27650,28450,378128,10690683600,1.25,3979597700.0,-567000.0,-1912456700.0,-2066574000.0,65908.0,378128.0,17.43,A035250
1663,2018-10-08,28700,28700,28000,28300,243753,6897104700,-0.53,1320729850.0,43350.0,-236851700.0,-1083921500.0,40962.0,243753.0,16.8,A035250
1664,2018-10-10,28400,28700,28150,28700,379025,10832267350,1.41,3804374050.0,-29273000.0,-2784230650.0,-990870400.0,53081.0,379025.0,14.0,A035250
1665,2018-10-11,28200,28700,27800,28150,800043,22620296350,-1.92,5356015150.0,-38652000.0,-2477618900.0,-2839744250.0,135398.0,800043.0,16.92,A035250
1666,2018-10-12,28200,28250,27100,27450,616431,16972790950,-2.49,2426215750.0,9045600.0,1455104750.0,-3890366100.0,115572.0,616431.0,18.75,A035250
1667,2018-10-15,27350,28500,27200,28450,449563,12543834800,3.64,2497936600.0,-26410350.0,-1957289400.0,-514236850.0,75025.0,449563.0,16.69,A035250
1668,2018-10-16,28500,29300,28500,28800,452760,13050564175,1.23,3137891550.0,-1679100.0,-1914809300.0,-1221403150.0,70442.0,452760.0,15.56,A035250
1669,2018-10-17,29000,29700,28650,29550,646516,19023368850,2.6,4224357700.0,-118907800.0,-6478445950.0,2372996050.0,61235.0,646516.0,9.47,A035250
1670,2018-10-18,29600,29950,29450,29600,373299,11076656350,0.17,2230146550.0,-1780500.0,-3321797950.0,1093431900.0,38658.0,373299.0,10.36,A035250
1671,2018-10-19,29500,29700,29200,29450,281287,8297521350,-0.51,3532330200.0,-20640500.0,-2305130700.0,-1206559000.0,18130.0,281287.0,6.45,A035250
1672,2018-10-22,29500,30150,28600,30150,389710,11641972850,2.38,3762517100.0,-11000000.0,-5112817600.0,1361300500.0,39334.0,389710.0,10.09,A035250
1673,2018-10-23,30050,30200,29500,29800,326012,9727594600,-1.16,1420981950.0,-5214250.0,-1149883250.0,-265884450.0,56283.0,326012.0,17.26,A035250
1674,2018-10-24,30100,30100,29200,29600,398106,11743140900,-0.67,4190715100.0,587000.0,-2338442700.0,-1852859400.0,112021.0,398106.0,28.14,A035250
1675,2018-10-25,29550,29550,28750,29300,512744,14917233500,-1.01,3751730150.0,1156000.0,-1791077400.0,-1961808750.0,66683.0,512744.0,13.01,A035250
1676,2018-10-26,29200,29350,28350,28600,398212,11408315850,-2.39,359234950.0,421250.0,94822050.0,-454478250.0,63602.0,398212.0,15.97,A035250
1677,2018-10-29,28650,28750,27950,28150,422885,11991062150,-1.57,2531302300.0,-106792050.0,-909047400.0,-1515462850.0,12657.0,422885.0,2.99,A035250
1678,2018-10-30,28500,28550,27300,27950,490670,13630637370,-0.71,-1646207500.0,-6986800.0,297290250.0,1355904050.0,35566.0,490670.0,7.25,A035250
1679,2018-10-31,27450,28800,27400,28700,528123,15019468600,2.68,-138644800.0,134901100.0,-1715428650.0,1719172350.0,28535.0,528123.0,5.4,A035250
1680,2018-11-01,28600,28650,27500,28000,568423,15939621500,-2.44,-4334796750.0,4488000.0,1728194200.0,2602114550.0,30785.0,568423.0,5.42,A035250
1681,2018-11-02,28000,28900,27950,28500,348430,9945164100,1.79,-1661666800.0,109556950.0,-151921150.0,1704031000.0,2008.0,348430.0,0.58,A035250
1682,2018-11-05,28400,28750,28150,28700,289989,8250077950,0.7,-797679900.0,564000.0,-74533200.0,871649100.0,12265.0,289989.0,4.23,A035250
1683,2018-11-06,28350,28750,28350,28700,269992,7733146250,0.0,1066274350.0,0.0,-584072450.0,-482201900.0,12753.0,269992.0,4.72,A035250
1684,2018-11-07,28700,29350,28700,28850,382297,11120516100,0.52,2563298400.0,-1083000.0,-863898550.0,-1698316850.0,19305.0,382297.0,5.05,A035250
1685,2018-11-08,29100,29950,28900,29150,538394,15813805350,1.04,2124835950.0,-8604000.0,-2024983150.0,-91248800.0,33602.0,538394.0,6.24,A035250
1686,2018-11-09,29400,30500,29350,30100,855148,25751141050,3.26,2517132950.0,-23729000.0,-7482301650.0,4988897700.0,59589.0,855148.0,6.97,A035250
1687,2018-11-12,29950,30050,28500,29450,1135111,33297269300,-2.16,1249242850.0,30542000.0,364497750.0,-1644282600.0,63103.0,1135111.0,5.56,A035250
1688,2018-11-13,29000,29900,29000,29850,548011,16219028988,1.36,3787575600.0,-605000.0,-2424128100.0,-1362842500.0,43878.0,548011.0,8.01,A035250
1689,2018-11-14,30000,30150,29600,30150,592926,17747447611,1.01,1471694500.0,-8288250.0,-2245763500.0,782357250.0,17900.0,592926.0,3.02,A035250
1690,2018-11-15,30250,30450,29950,30150,249097,7506534250,0.0,-618862700.0,-111826200.0,-778478950.0,1509167850.0,8297.0,249097.0,3.33,A035250
1691,2018-11-16,30300,30550,29750,30100,321291,9688499450,-0.17,-104660650.0,-119450000.0,-1411980950.0,1636091600.0,13155.0,321291.0,4.09,A035250
1692,2018-11-19,30100,30400,29850,30250,275594,8309447350,0.5,-1440513500.0,0.0,-342996550.0,1783510050.0,37965.0,275594.0,13.78,A035250
1693,2018-11-20,30350,30500,29800,30100,384438,11586215800,-0.5,1430951150.0,90900.0,-338894400.0,-1092147650.0,56836.0,384438.0,14.78,A035250
1694,2018-11-21,30000,30150,29350,30050,382274,11418106600,-0.17,2667486950.0,581000.0,-539630050.0,-2128437900.0,46611.0,382274.0,12.19,A035250
1695,2018-11-22,30350,31000,30200,30600,768654,23558062500,1.83,8052421650.0,215492150.0,-4317245750.0,-3950668050.0,67464.0,768654.0,8.78,A035250
1696,2018-11-23,30600,30750,29900,30150,286092,8641987950,-1.47,2793565250.0,93652400.0,293989550.0,-3181207200.0,30355.0,286092.0,10.61,A035250
1697,2018-11-26,30200,30600,30000,30150,372895,11251665850,0.0,1350356550.0,40060200.0,-460695150.0,-929721600.0,20180.0,372895.0,5.41,A035250
1698,2018-11-27,30200,30600,30100,30200,380990,11575684600,0.17,3115769250.0,-30419550.0,-142250250.0,-2943099450.0,12652.0,380990.0,3.32,A035250
1699,2018-11-28,30050,30500,29600,30350,954175,28655986724,0.5,3073653200.0,51855200.0,357128200.0,-3482636600.0,26002.0,954175.0,2.73,A035250
1700,2018-11-29,30700,32500,30450,32350,1455692,46188459200,6.59,6771704150.0,-503597500.0,-19645588900.0,13377482250.0,83526.0,1455692.0,5.74,A035250
1701,2018-11-30,32400,32700,31850,32250,985007,31817285913,-0.31,2207481300.0,-2745450.0,-2114077750.0,-90658100.0,64843.0,985007.0,6.58,A035250
1702,2018-12-03,32250,32700,31800,31850,631006,20196932650,-1.24,-1187311550.0,-3260000.0,-322345450.0,1512917000.0,16179.0,631006.0,2.56,A035250
1703,2018-12-04,32000,32350,31900,32000,346837,11129565850,0.47,40165300.0,4400.0,-1006194100.0,966024400.0,9292.0,346837.0,2.68,A035250
1704,2018-12-05,32050,32800,31850,32750,474382,15401072850,2.34,5591206650.0,-315406500.0,-4104132300.0,-1171667850.0,73342.0,474382.0,15.46,A035250
1705,2018-12-06,32900,33150,32550,32950,527264,17375806900,0.61,-575031550.0,3911850.0,-3780319700.0,4351439400.0,117515.0,527264.0,22.29,A035250
1706,2018-12-07,33200,33200,32450,32750,294951,9631172850,-0.61,37375300.0,0.0,-580477250.0,543101950.0,51865.0,294951.0,17.58,A035250
1707,2018-12-10,32000,33100,32000,32950,369492,12169141800,0.61,5190577150.0,-73156500.0,-2728380650.0,-2389040000.0,29037.0,369492.0,7.86,A035250
1708,2018-12-11,32950,33300,32650,33300,319448,10589247500,1.06,2545524100.0,-18417750.0,-3071404100.0,544297750.0,48767.0,319448.0,15.27,A035250
1709,2018-12-12,33500,33500,32750,32950,403711,13331818300,-1.05,1035119850.0,-834250.0,-296059300.0,-738226300.0,50162.0,403711.0,12.43,A035250
1710,2018-12-13,33100,34250,32950,34250,886372,30133372400,3.95,2181527950.0,-13450000.0,-7970367700.0,5802289750.0,85506.0,886372.0,9.65,A035250
1711,2018-12-14,34000,34000,32600,32650,512360,16899899400,-4.67,-2933789500.0,-1953400.0,1575174100.0,1360568800.0,64465.0,512360.0,12.58,A035250
1712,2018-12-17,32900,33400,32500,32850,350520,11568409150,0.61,1517391050.0,-231142800.0,-1612542100.0,326293850.0,16835.0,350520.0,4.8,A035250
1713,2018-12-18,33000,33300,32700,32900,690725,22730212550,0.15,-5504034800.0,6986550.0,-816967550.0,6314015800.0,42114.0,690725.0,6.1,A035250
1714,2018-12-19,33100,33450,32550,33200,332718,11046921350,0.91,888821850.0,-100050.0,-2085101200.0,1196379400.0,7360.0,332718.0,2.21,A035250
1715,2018-12-20,33350,33500,32700,33500,439940,14659726100,0.9,7101101700.0,-10537500.0,-1900433900.0,-5190130300.0,43926.0,439940.0,9.98,A035250
1716,2018-12-21,33450,33500,32600,32900,591110,19449212550,-1.79,2115948900.0,101060050.0,-169599850.0,-2047409100.0,24350.0,591110.0,4.12,A035250
1717,2018-12-24,32950,32950,32100,32650,309145,10099572550,-0.76,92774150.0,-66372350.0,-294564800.0,268163000.0,119954.0,309145.0,38.8,A035250
1718,2018-12-26,32500,32850,31950,32300,374989,12079570800,-1.07,987968400.0,32631500.0,179611700.0,-1200211600.0,71125.0,374989.0,18.97,A035250
1719,2018-12-27,31600,32350,31300,31950,433573,13869632950,-1.08,-5107067250.0,464250.0,-826330250.0,5932933250.0,40601.0,433573.0,9.36,A035250
1720,2018-12-28,32000,32400,31900,32000,282674,9057964100,0.16,-999971000.0,0.0,-404346850.0,1404317850.0,8360.0,282674.0,2.96,A035250
1721,2019-01-02,31500,31850,30650,30900,566331,17551258150,-3.44,-5753444300.0,1402500.0,1613436250.0,4138605550.0,33657.0,566331.0,5.94,A035250
1722,2019-01-03,31300,31950,30850,31700,376071,11833020000,2.59,1404414750.0,-959250.0,-1634814250.0,231358750.0,32700.0,376071.0,8.7,A035250
1723,2019-01-04,31950,33050,31700,32850,730220,23911965800,3.63,5850304450.0,33136000.0,-3829893350.0,-2053547100.0,51827.0,730220.0,7.1,A035250
1724,2019-01-07,32950,32950,32150,32350,415350,13478610750,-1.52,-234415800.0,-984000.0,136466350.0,98933450.0,65801.0,415350.0,15.84,A035250
1725,2019-01-08,32650,32650,32050,32200,266288,8594120450,-0.46,481181650.0,-5998500.0,-401124200.0,-74058950.0,9920.0,266288.0,3.73,A035250
1726,2019-01-09,32100,32400,31500,31850,413363,13245156500,-1.09,-2557430450.0,-280212600.0,356773300.0,2480869750.0,38514.0,413363.0,9.32,A035250
1727,2019-01-10,31500,32150,31400,31800,353747,11279151500,-0.16,-2256980400.0,257100.0,-351636100.0,2608359400.0,25557.0,353747.0,7.22,A035250
1728,2019-01-11,31950,32350,31500,32250,376372,12115180550,1.42,451963800.0,-64709750.0,-891410400.0,504156350.0,7422.0,376372.0,1.97,A035250
1729,2019-01-14,31900,32350,31600,32300,358698,11555295250,0.16,1222703350.0,228207600.0,-245823800.0,-1205087150.0,15275.0,358698.0,4.26,A035250
1730,2019-01-15,32650,32650,32000,32200,380420,12277065250,-0.31,185242300.0,92777450.0,-56840050.0,-221179700.0,23187.0,380420.0,6.1,A035250
1731,2019-01-16,31850,32550,31850,32250,302918,9790539025,0.16,428165700.0,-3245000.0,-636509450.0,211588750.0,7674.0,302918.0,2.53,A035250
1732,2019-01-17,32200,32300,31550,31550,325748,10346740100,-2.17,-758531000.0,-1952350.0,930506500.0,-170023150.0,5500.0,325748.0,1.69,A035250
1733,2019-01-18,31650,32150,31600,32150,682792,21727610525,1.9,646686450.0,-16075000.0,-932547500.0,301936050.0,6777.0,682792.0,0.99,A035250
1734,2019-01-21,32150,32150,31550,32000,462822,14747492250,-0.47,-3090456750.0,0.0,146645650.0,2943811100.0,22756.0,462822.0,4.92,A035250
1735,2019-01-22,32000,32100,31700,32100,348438,11143811650,0.31,-2637350350.0,0.0,-384339700.0,3021690050.0,13899.0,348438.0,3.99,A035250
1736,2019-01-23,32550,33450,32400,33250,604236,19982040750,3.58,6358012600.0,2820950.0,-5405643350.0,-955190200.0,16139.0,604236.0,2.67,A035250
1737,2019-01-24,32750,33500,32650,33500,357623,11841791700,0.75,-1158185600.0,31805350.0,-673391850.0,1799772100.0,67328.0,357623.0,18.83,A035250
1738,2019-01-25,33000,33200,32800,32900,322334,10603814100,-1.79,-2246539100.0,1051450.0,1066066850.0,1179420800.0,74873.0,322334.0,23.23,A035250
1739,2019-01-28,32550,33150,32350,33050,263618,8664019300,0.46,-1504462400.0,-9599600.0,-307985100.0,1822047100.0,15832.0,263618.0,6.01,A035250
1740,2019-01-29,33000,33300,32750,33150,198712,6569718500,0.3,-419778350.0,-1716800.0,-914135300.0,1335630450.0,29515.0,198712.0,14.85,A035250
1741,2019-01-30,33500,33650,33150,33650,324274,10853322100,1.51,-453241650.0,-44017550.0,-2270027500.0,2767286700.0,21087.0,324274.0,6.5,A035250
1742,2019-01-31,34000,34050,33200,34000,478343,16201582400,1.04,-2027564550.0,-5754150.0,-3579157400.0,5612476100.0,31149.0,478343.0,6.51,A035250
1743,2019-02-01,34000,34100,33200,33500,382803,12784143550,-1.47,-6499633600.0,399800.0,729423400.0,5769810400.0,32999.0,382803.0,8.62,A035250
1744,2019-02-07,33950,34050,33500,34000,329232,11164806250,1.49,-1696945300.0,-957750.0,-1918340300.0,3616243350.0,27490.0,329232.0,8.35,A035250
1745,2019-02-08,34100,34100,33500,33950,283534,9597242950,-0.15,-20028100.0,-5650.0,-1023948500.0,1043982250.0,59553.0,283534.0,21.0,A035250
1746,2019-02-11,34200,34200,33700,34050,335675,11407499450,0.29,-2748289550.0,0.0,-737866400.0,3486155950.0,40823.0,335675.0,12.16,A035250
1747,2019-02-12,34100,34150,33200,33550,549299,18433362600,-1.47,-3948293600.0,-198966150.0,-98006450.0,4245266200.0,78414.0,549299.0,14.28,A035250
1748,2019-02-13,33700,34100,33400,34100,380600,12926492250,1.64,-1635589250.0,-38557050.0,-1770319000.0,3444465300.0,30860.0,380600.0,8.11,A035250
1749,2019-02-14,33550,34550,33250,34550,626877,21114878450,1.32,-3621928200.0,-61220400.0,-378939200.0,4062087800.0,50784.0,626877.0,8.1,A035250
1750,2019-02-15,33700,33800,31300,32050,2770596,88213253650,-7.24,-30223342700.0,-286266100.0,13190822800.0,17318786000.0,752621.0,2770596.0,27.16,A035250
1751,2019-02-18,32000,32550,31900,32350,477737,15406275700,0.94,-4047044700.0,11245350.0,-3004855950.0,7040655300.0,8092.0,477737.0,1.69,A035250
1752,2019-02-19,32350,32500,31500,31700,814336,25834896150,-2.01,-7731331500.0,116667450.0,4851369550.0,2763294500.0,283513.0,814336.0,34.82,A035250
1753,2019-02-20,31700,32000,31550,31800,575617,18256506800,0.32,-5804561600.0,71103100.0,2351147650.0,3382310850.0,124507.0,575617.0,21.63,A035250
1754,2019-02-21,31800,31850,31250,31400,461655,14501553500,-1.26,-4563363400.0,-3726550.0,2846283350.0,1720806600.0,96219.0,461655.0,20.84,A035250
1755,2019-02-22,31400,31600,31150,31550,366735,11493933910,0.48,-2017860900.0,1090250.0,737331150.0,1279439500.0,46182.0,366735.0,12.59,A035250
1756,2019-02-25,31600,31650,31300,31600,216729,6827054550,0.16,-1137172550.0,0.0,-222220250.0,1359392800.0,10279.0,216729.0,4.74,A035250
1757,2019-02-26,31500,31600,30850,31050,748986,23316758250,-1.74,-556421950.0,-1799880750.0,4914812900.0,-2558510200.0,80440.0,748986.0,10.74,A035250
1758,2019-02-27,31100,31200,30900,31200,348132,10804210200,0.48,-1452610050.0,930000.0,31936250.0,1419743800.0,4325.0,348132.0,1.24,A035250
1759,2019-02-28,31150,31150,30750,30900,779251,24098094424,-0.96,278292600.0,800800.0,561759150.0,-840852550.0,30825.0,779251.0,3.96,A035250
1760,2019-03-04,30750,30950,30350,30450,658249,20116205200,-1.46,-4189313550.0,1434150.0,2970870850.0,1217008550.0,75143.0,658249.0,11.42,A035250
1761,2019-03-05,30500,30750,30200,30750,418367,12726342750,0.99,-2583937400.0,453750.0,619087000.0,1964396650.0,72569.0,418367.0,17.35,A035250
1762,2019-03-06,30950,31400,30700,30850,351331,10869527450,0.33,-1750913550.0,-932250.0,-261884100.0,2013729900.0,64121.0,351331.0,18.25,A035250
1763,2019-03-07,30950,31000,30550,30750,245034,7511876850,-0.32,-761689350.0,-69207700.0,-128194650.0,959091700.0,80349.0,245034.0,32.79,A035250
1764,2019-03-08,30350,30550,30150,30450,313495,9509190700,-0.98,164700000.0,1689900.0,591357200.0,-757747100.0,83089.0,313495.0,26.5,A035250
1765,2019-03-11,30700,31550,30500,31500,612802,19224504700,3.45,1405748900.0,122686800.0,-5265098250.0,3736662550.0,166021.0,612802.0,27.09,A035250
1766,2019-03-12,31550,31600,31100,31100,317078,9914856600,-1.27,-1088697500.0,0.0,-434231600.0,1522929100.0,99096.0,317078.0,31.25,A035250
1767,2019-03-13,31100,31500,30900,31500,292231,9122811775,1.29,-2020386100.0,0.0,-408633900.0,2429020000.0,69066.0,292231.0,23.63,A035250
1768,2019-03-14,31550,32000,30900,32000,702347,22207590800,1.59,-2863771950.0,-4267150.0,-2531356900.0,5399396000.0,130010.0,702347.0,18.51,A035250
1769,2019-03-15,31900,32650,31800,32650,567981,18378759350,2.03,1942463950.0,-22481800.0,-4711122000.0,2791139850.0,162528.0,567981.0,28.62,A035250
1770,2019-03-18,32450,32750,31900,32750,344553,11142673850,0.31,-1102302250.0,-491250.0,-2127197350.0,3229990850.0,75182.0,344553.0,21.82,A035250
1771,2019-03-19,32750,32800,32150,32650,234037,7610122200,-0.31,-1345794400.0,-1672800.0,-473837500.0,1821304700.0,18879.0,234037.0,8.07,A035250
1772,2019-03-20,32200,32800,32050,32650,252203,8191797950,0.0,-1512310050.0,481500.0,-599873550.0,2111702100.0,33396.0,252203.0,13.24,A035250
1773,2019-03-21,32500,32800,31850,32100,425402,13714339325,-1.68,-5628851850.0,-9750.0,703223850.0,4925637750.0,54310.0,425402.0,12.77,A035250
1774,2019-03-22,32000,32400,31800,32350,313770,10081425800,0.78,-3840538200.0,-85908350.0,-383611600.0,4310058150.0,44835.0,313770.0,14.29,A035250
1775,2019-03-25,32400,32450,32000,32050,169405,5438977750,-0.93,-1487068900.0,-486750.0,6289950.0,1481265700.0,26808.0,169405.0,15.82,A035250
1776,2019-03-26,32300,32800,32000,32400,386994,12569755300,1.09,-702999900.0,-491250.0,-1481340750.0,2184831900.0,64552.0,386994.0,16.68,A035250
1777,2019-03-27,32300,32400,31800,32150,218764,7005314650,-0.77,-1285799800.0,958500.0,258998750.0,1025842550.0,28611.0,218764.0,13.08,A035250
1778,2019-03-28,31800,32300,31300,31500,280426,8830774950,-2.02,-1971369750.0,-9543900.0,1502261950.0,478651700.0,45474.0,280426.0,16.22,A035250
1779,2019-03-29,31200,32100,31200,32000,460705,14674544200,1.59,-1418883200.0,-32100.0,-1510670850.0,2929586150.0,37243.0,460705.0,8.08,A035250
1780,2019-04-01,32000,32100,31350,31650,357173,11302891500,-1.09,-380528200.0,-117871400.0,348468400.0,149931200.0,27129.0,357173.0,7.6,A035250
1781,2019-04-02,31800,32400,31800,32250,275658,8872550650,1.9,-2180943900.0,-482250.0,-2566071650.0,4747497800.0,31993.0,275658.0,11.61,A035250
1782,2019-04-03,31800,32150,31500,31750,255867,8096860900,-1.55,-1152564450.0,1419500.0,1732987450.0,-581842500.0,65829.0,255867.0,25.73,A035250
1783,2019-04-04,31800,31900,31500,31600,200277,6332077850,-0.47,-416482950.0,-4392400.0,712602100.0,-291726750.0,22986.0,200277.0,11.48,A035250
1784,2019-04-05,31800,31850,31500,31700,113386,3589759500,0.32,-85429550.0,0.0,186894750.0,-101465200.0,24439.0,113386.0,21.55,A035250
1785,2019-04-08,31700,31800,31350,31500,219269,6913734150,-0.63,-2217381600.0,-5229000.0,457535350.0,1765075250.0,33083.0,219269.0,15.09,A035250
1786,2019-04-09,31500,31550,30950,31250,402461,12557840080,-0.79,-2599266400.0,-5171300.0,1334385250.0,1270052450.0,23601.0,402461.0,5.86,A035250
1787,2019-04-10,31250,31750,31200,31600,364901,11499044850,1.12,2142334800.0,0.0,-986712500.0,-1155622300.0,44305.0,364901.0,12.14,A035250
1788,2019-04-11,31600,31650,31200,31250,461254,14438772750,-1.11,-3269273500.0,125000000.0,1241782400.0,1902491100.0,7375.0,461254.0,1.6,A035250
1789,2019-04-12,31500,32800,31350,32600,640551,20482112600,4.32,3566372750.0,-1416500.0,-5688238800.0,2123282550.0,46302.0,640551.0,7.23,A035250
1790,2019-04-15,32450,33350,32450,32950,613116,20264810000,1.07,3479380050.0,-11699750.0,-3717668100.0,249987800.0,63521.0,613116.0,10.36,A035250
1791,2019-04-16,32500,33000,32150,32800,228918,7470990550,-0.46,129943250.0,33698650.0,-322008350.0,158366450.0,51390.0,228918.0,22.45,A035250
1792,2019-04-17,32450,32700,32100,32500,189133,6123901350,-0.91,-246242750.0,-22005850.0,200497800.0,67750800.0,20404.0,189133.0,10.79,A035250
1793,2019-04-18,32150,32650,32050,32550,244409,7932274000,0.15,449588100.0,-2447200.0,-711120550.0,263979650.0,37075.0,244409.0,15.17,A035250
1794,2019-04-19,33000,33850,32750,33100,423481,14182220350,1.69,2446753800.0,107603050.0,-5044497150.0,2490140300.0,54018.0,423481.0,12.76,A035250
1795,2019-04-22,33400,34100,33150,34000,430050,14557919350,2.72,3391379150.0,-54350.0,-8173044150.0,4781719350.0,90903.0,430050.0,21.14,A035250
1796,2019-04-23,34200,34450,34000,34100,324012,11076459000,0.29,-232308800.0,-157131700.0,-2373931150.0,2763371650.0,32269.0,324012.0,9.96,A035250
1797,2019-04-24,34050,34050,33500,33950,253563,8574266550,-0.44,-3051761050.0,-57545000.0,-601864750.0,3711170800.0,49931.0,253563.0,19.69,A035250
1798,2019-04-25,34000,34000,33200,33850,192902,6488581100,-0.29,-978346050.0,502500.0,-193309200.0,1171152750.0,40175.0,192902.0,20.83,A035250
1799,2019-04-26,34100,34100,33400,33850,183318,6175423750,0.0,-1595045650.0,0.0,-386269050.0,1981314700.0,42584.0,183318.0,23.23,A035250
1800,2019-04-29,33250,34000,33250,34000,291799,9846601800,0.44,-282157300.0,0.0,-992396900.0,1274554200.0,18442.0,291799.0,6.32,A035250
1801,2019-04-30,34000,34350,33550,34000,242390,8229180750,0.0,-1541469250.0,-72372300.0,-761420500.0,2375262050.0,26896.0,242390.0,11.1,A035250
1802,2019-05-02,33800,34200,33450,34150,213725,7241353350,0.44,-1246736150.0,-5076550.0,-132068400.0,1383881100.0,47687.0,213725.0,22.31,A035250
1803,2019-05-03,33750,33750,32850,32950,285561,9449486650,-3.51,-4439419050.0,65640250.0,2478851850.0,1894926950.0,39322.0,285561.0,13.77,A035250
1804,2019-05-07,32500,33150,32300,33100,255091,8373718150,0.46,-2423571550.0,-44105100.0,-391428050.0,2859104700.0,15891.0,255091.0,6.23,A035250
1805,2019-05-08,32400,33350,32400,33150,163589,5395074800,0.15,-783649300.0,-5863500.0,203818400.0,585694400.0,13639.0,163589.0,8.34,A035250
1806,2019-05-09,32750,33350,32450,32450,563079,18437807350,-2.11,378606800.0,486750.0,-228499950.0,-150593600.0,96001.0,563079.0,17.05,A035250
1807,2019-05-10,32950,33300,32150,32350,274665,8914682350,-0.31,-1199881850.0,-9750.0,-213985550.0,1413877150.0,48611.0,274665.0,17.7,A035250
1808,2019-05-13,32000,33350,32000,32500,299942,9798209800,0.46,131540800.0,11100.0,-288921500.0,157369600.0,25627.0,299942.0,8.54,A035250
1809,2019-05-14,32950,33000,31250,31700,332164,10536854750,-2.46,-58294100.0,2352250.0,1543180600.0,-1487238750.0,40010.0,332164.0,12.05,A035250
1810,2019-05-15,31400,31650,30800,31550,401837,12583593200,-0.47,-779793750.0,769000.0,1386754000.0,-607729250.0,46676.0,401837.0,11.62,A035250
1811,2019-05-16,31200,31550,30800,30950,374015,11609102500,-1.9,-603333850.0,-46089500.0,1413107400.0,-763684050.0,64914.0,374015.0,17.36,A035250
1812,2019-05-17,31450,31650,31000,31050,199230,6232820450,0.32,-1023896800.0,-472500.0,-279045550.0,1303414850.0,29431.0,199230.0,14.77,A035250
1813,2019-05-20,31450,31550,30550,31000,257061,7952765350,-0.16,-1194889600.0,1105500.0,46932950.0,1146851150.0,21606.0,257061.0,8.41,A035250
1814,2019-05-21,30700,31200,30650,30750,311322,9594382600,-0.81,-1611022400.0,-468000.0,469340600.0,1142149800.0,42726.0,311322.0,13.72,A035250
1815,2019-05-22,30650,30850,30100,30700,303057,9226748800,-0.16,-1615661550.0,1092900.0,592261450.0,1022307200.0,34050.0,303057.0,11.24,A035250
1816,2019-05-23,30800,30950,30300,30650,169745,5204012450,-0.16,448233350.0,-3050.0,47415550.0,-495645850.0,30338.0,169745.0,17.87,A035250
1817,2019-05-24,30450,31200,30300,31150,245246,7588599550,1.63,2434558450.0,15464450.0,-797175200.0,-1652847700.0,35297.0,245246.0,14.39,A035250
1818,2019-05-27,30900,31000,30600,30900,128328,3945401500,-0.8,496694050.0,-459000.0,319335300.0,-815570350.0,40068.0,128328.0,31.22,A035250
1819,2019-05-28,31150,31300,30850,31250,619718,19306557550,1.13,5424020300.0,-4429648100.0,31697300.0,-1026069500.0,52887.0,619718.0,8.53,A035250
1820,2019-05-29,31500,31500,30450,30700,270072,8277939550,-1.76,-889943250.0,448500.0,960020700.0,-70525950.0,52249.0,270072.0,19.35,A035250
1821,2019-05-30,30800,31100,30450,31100,269210,8306828650,1.3,-389520150.0,0.0,270821500.0,118698650.0,39297.0,269210.0,14.6,A035250
1822,2019-05-31,30650,31200,30500,31050,333723,10304225200,-0.16,161143700.0,122402400.0,660712300.0,-944258400.0,66735.0,333723.0,20.0,A035250
1823,2019-06-03,31000,31850,30450,31800,378940,11931654600,2.42,1478664600.0,-1875650.0,-2402451800.0,925662850.0,56784.0,378940.0,14.98,A035250
1824,2019-06-04,31350,31950,31200,31950,296365,9382299150,0.47,8690200.0,-1656450.0,-635532100.0,628498350.0,57953.0,296365.0,19.55,A035250
1825,2019-06-05,31550,31800,31150,31300,231916,7279468800,-2.03,-859582250.0,467250.0,2010587350.0,-1151472350.0,54840.0,231916.0,23.65,A035250
1826,2019-06-07,31200,31450,30700,30850,305431,9470242800,-1.44,-634535050.0,462750.0,312425300.0,321647000.0,29419.0,305431.0,9.63,A035250
1827,2019-06-10,31100,31500,31000,31500,202817,6355000100,2.11,508459400.0,61300.0,-1270912850.0,762392150.0,15225.0,202817.0,7.51,A035250
1828,2019-06-11,30900,31000,29950,30650,986812,29991393650,-2.7,-5213632950.0,-31267550.0,9590611500.0,-4345711000.0,91157.0,986812.0,9.24,A035250
1829,2019-06-12,30650,30800,30450,30500,295775,9050940950,-0.49,122276150.0,32087500.0,-268948650.0,114585000.0,34488.0,295775.0,11.66,A035250
1830,2019-06-13,30650,30850,30250,30850,435941,13350268200,1.15,-552275300.0,7922700.0,-945870750.0,1490223350.0,73716.0,435941.0,16.91,A035250
1831,2019-06-14,30700,30850,30350,30600,228052,6959719850,-0.81,-800193450.0,337700.0,907705400.0,-107849650.0,27336.0,228052.0,11.99,A035250
1832,2019-06-17,30700,30800,30450,30650,144932,4443425900,0.16,-284456600.0,-39114000.0,-788011000.0,1111581600.0,4464.0,144932.0,3.08,A035250
1833,2019-06-18,30600,30900,30550,30800,240554,7404450600,0.49,1253405500.0,-463500.0,-1436370500.0,183428500.0,21058.0,240554.0,8.75,A035250
1834,2019-06-19,30650,31250,30650,31150,158982,4943264200,1.14,541041700.0,-468000.0,-1740675450.0,1200101750.0,13833.0,158982.0,8.7,A035250
1835,2019-06-20,31400,31400,31050,31200,161726,5040034950,0.16,-376682900.0,0.0,-216076550.0,592759450.0,13912.0,161726.0,8.6,A035250
1836,2019-06-21,30950,31300,30950,31300,209767,6548119600,0.32,-568239250.0,0.0,-467734050.0,1035973300.0,26220.0,209767.0,12.5,A035250
1837,2019-06-24,31350,31400,30600,30900,163633,5057862750,-1.28,901035750.0,310500.0,533871400.0,-1435217650.0,12816.0,163633.0,7.83,A035250
1838,2019-06-25,31000,31150,30600,30600,289581,8891292950,-0.97,1112768200.0,0.0,721589350.0,-1834357550.0,12029.0,289581.0,4.15,A035250
1839,2019-06-26,30400,30750,30350,30600,216845,6622265550,0.0,767303900.0,456000.0,369717850.0,-1137477750.0,13349.0,216845.0,6.16,A035250
1840,2019-06-27,30450,30800,30100,30700,271366,8279773750,0.33,1379510700.0,8073750.0,415340450.0,-1802924900.0,21206.0,271366.0,7.81,A035250
1841,2019-06-28,30450,30700,30200,30250,231966,7034645150,-1.47,262491750.0,0.0,1766459500.0,-2028951250.0,13656.0,231966.0,5.89,A035250
1842,2019-07-01,30600,30750,30150,30300,144385,4388481050,0.17,-436101550.0,0.0,163194700.0,272906850.0,5417.0,144385.0,3.75,A035250
1843,2019-07-02,30150,30650,30100,30600,183205,5569999050,0.99,-456278500.0,30400.0,-156704550.0,612952650.0,14513.0,183205.0,7.92,A035250
1844,2019-07-03,30600,30650,30150,30150,209506,6369058900,-1.47,872990400.0,7064400.0,872755600.0,-1752810400.0,14427.0,209506.0,6.89,A035250
1845,2019-07-04,30400,30950,30150,30950,247390,7589963700,2.65,1843376650.0,-463500.0,-2578260400.0,735347250.0,16609.0,247390.0,6.71,A035250
1846,2019-07-05,30950,31000,30600,30850,242731,7497911100,-0.32,2117772100.0,0.0,-807147900.0,-1310624200.0,14067.0,242731.0,5.8,A035250
1847,2019-07-08,30700,30950,30500,30650,291852,8985540550,-0.65,1797824950.0,10762500.0,-1241154500.0,-567432950.0,17336.0,291852.0,5.94,A035250
1848,2019-07-09,30350,30800,30350,30650,276172,8469287350,0.0,814811800.0,-245600000.0,-510283200.0,-58928600.0,11825.0,276172.0,4.28,A035250
1849,2019-07-10,30450,30500,29250,29700,714097,21181739650,-3.1,-1655950450.0,9338850.0,5036633350.0,-3390021750.0,89217.0,714097.0,12.49,A035250
1850,2019-07-11,29700,29950,29550,29650,651896,19391530596,-0.17,528202700.0,-449250.0,871875600.0,-1399629050.0,16053.0,651896.0,2.46,A035250
1851,2019-07-12,29650,30150,29650,30000,266636,7988894950,1.18,-585648750.0,6809700.0,-614189400.0,1193028450.0,5999.0,266636.0,2.25,A035250
1852,2019-07-15,29950,30150,29600,29650,205670,6124238200,-1.17,-746269850.0,0.0,171160200.0,575109650.0,4596.0,205670.0,2.23,A035250
1853,2019-07-16,29900,30350,29550,30200,333771,9998426500,1.85,545132300.0,-453750.0,-284279850.0,-260398700.0,27154.0,333771.0,8.14,A035250
1854,2019-07-17,30500,30500,29750,30250,255063,7679399800,0.17,-605691550.0,0.0,-422694150.0,1028385700.0,38900.0,255063.0,15.25,A035250
1855,2019-07-18,29900,30700,29850,30650,295029,8966553350,1.32,1610332900.0,-158250.0,-1431479300.0,-178695350.0,31552.0,295029.0,10.69,A035250
1856,2019-07-19,30350,30900,30250,30800,228282,6998883600,0.49,1087207350.0,0.0,-803482850.0,-283724500.0,42059.0,228282.0,18.42,A035250
1857,2019-07-22,30550,31150,30500,31050,252952,7843122650,0.81,-524429200.0,-5121000.0,-1834036400.0,2363586600.0,23493.0,252952.0,9.29,A035250
1858,2019-07-23,30750,31000,30300,30550,322615,9898019050,-1.61,803271200.0,0.0,409383850.0,-1212655050.0,25767.0,322615.0,7.99,A035250
1859,2019-07-24,30500,31100,30400,31000,264476,8177174000,1.47,700075400.0,-6581850.0,-1737588600.0,1044095050.0,26024.0,264476.0,9.84,A035250
1860,2019-07-25,31000,31000,30400,30850,235491,7238675100,-0.48,146447550.0,0.0,-118259250.0,-28188300.0,33161.0,235491.0,14.08,A035250
1861,2019-07-26,30600,30900,30300,30600,267913,8214880700,-0.81,754196100.0,0.0,-182833900.0,-571362200.0,36201.0,267913.0,13.51,A035250
1862,2019-07-29,30800,30800,30300,30600,209675,6414632500,0.0,351106800.0,-7982000.0,-490182350.0,147057550.0,39832.0,209675.0,19.0,A035250
1863,2019-07-30,30900,30900,30000,30500,149963,4562180300,-0.33,-240584250.0,2986850.0,20106950.0,217490450.0,23104.0,149963.0,15.41,A035250
1864,2019-07-31,30750,31000,30300,30750,365447,11224631150,0.82,1084606700.0,-111528300.0,-620450350.0,-352628050.0,46455.0,365447.0,12.71,A035250
1865,2019-08-01,30750,30750,30300,30400,242951,7413325450,-1.14,-755535000.0,0.0,25813000.0,729722000.0,27289.0,242951.0,11.23,A035250
1866,2019-08-02,30400,30750,29900,30400,420984,12750722200,0.0,-754108900.0,444750.0,-151330800.0,904994950.0,32855.0,420984.0,7.8,A035250
1867,2019-08-05,30300,31100,30300,30950,608970,18832717500,1.81,3868587850.0,-4803500.0,-5078183500.0,1214399150.0,14039.0,608970.0,2.31,A035250
1868,2019-08-06,30900,30950,29650,29900,710348,21390495700,-3.39,3881150400.0,-55381850.0,1341746800.0,-5167515350.0,80061.0,710348.0,11.27,A035250
1869,2019-08-07,29800,29800,28950,29000,431524,12603433200,-3.01,-992260850.0,-13649000.0,1737395700.0,-731485850.0,42422.0,431524.0,9.83,A035250
1870,2019-08-08,29000,30000,29000,29650,448959,13306957350,2.24,-277262050.0,-953500.0,-924153100.0,1202368650.0,40120.0,448959.0,8.94,A035250
1871,2019-08-09,29500,30300,29450,29750,468338,13982675200,0.34,-3941745150.0,-204000.0,161807350.0,3780141800.0,94747.0,468338.0,20.23,A035250
1872,2019-08-12,29450,30350,29400,29850,166580,4986591350,0.34,294308700.0,-453750.0,-237501800.0,-56353150.0,22811.0,166580.0,13.69,A035250
1873,2019-08-13,29400,29900,29400,29550,196955,5839020950,-1.01,60480900.0,-39577150.0,443610500.0,-464514250.0,41509.0,196955.0,21.08,A035250
1874,2019-08-14,29550,29600,28800,28950,296026,8619695450,-2.03,-3089990700.0,3285600.0,3657457900.0,-570752800.0,50874.0,296026.0,17.19,A035250
1875,2019-08-16,28600,28850,28150,28350,335508,9509579550,-2.07,-2639470250.0,-524250.0,2673582650.0,-33588150.0,28755.0,335508.0,8.57,A035250
1876,2019-08-19,28400,28600,28250,28450,255709,7268801200,0.35,369265000.0,113600.0,-670362750.0,300984150.0,10417.0,255709.0,4.07,A035250
1877,2019-08-20,28300,28750,28050,28550,337834,9615837650,0.35,-1336542500.0,-856500.0,-83279300.0,1420678300.0,35425.0,337834.0,10.49,A035250
1878,2019-08-21,28550,28850,28150,28250,487234,13786850400,-1.05,595546200.0,-9000.0,3053669800.0,-3649207000.0,41324.0,487234.0,8.48,A035250
1879,2019-08-22,28250,28500,28150,28400,332308,9413824820,0.53,-1319266500.0,8544600.0,-331429100.0,1642151000.0,29620.0,332308.0,8.91,A035250
1880,2019-08-23,28400,28600,28200,28200,208894,5916240250,-0.7,-1583803300.0,0.0,442547100.0,1141256200.0,16709.0,208894.0,8.0,A035250
1881,2019-08-26,27900,28200,27650,28100,181548,5084423000,-0.35,-36870950.0,-52034000.0,-52030700.0,140935650.0,11997.0,181548.0,6.61,A035250
1882,2019-08-27,28000,28150,27850,27850,385761,10756426600,-0.89,-370130950.0,-10062000.0,1091818150.0,-711625200.0,9094.0,385761.0,2.36,A035250
1883,2019-08-28,28000,28000,27700,27850,172864,4808621550,0.0,-1363110200.0,1110000.0,657334250.0,704665950.0,20937.0,172864.0,12.11,A035250
1884,2019-08-29,27900,28350,27850,28300,232436,6535511750,1.62,-930303550.0,27950.0,-496632600.0,1426908200.0,18312.0,232436.0,7.88,A035250
1885,2019-08-30,28300,28450,28200,28250,348068,9856821450,-0.18,-537033550.0,0.0,428787900.0,108245650.0,27007.0,348068.0,7.76,A035250
1886,2019-09-02,28000,28400,27950,28400,291924,8251538600,0.53,122998550.0,10170000.0,411337350.0,-544505900.0,9791.0,291924.0,3.35,A035250
1887,2019-09-03,28200,28350,28050,28300,299058,8429271250,-0.35,-1422724100.0,0.0,1345596700.0,77127400.0,15003.0,299058.0,5.02,A035250
1888,2019-09-04,28100,28800,28100,28800,458075,13080768450,1.77,1952826650.0,-11173500.0,-2164456000.0,222802850.0,21091.0,458075.0,4.6,A035250
1889,2019-09-05,28550,29350,28550,28950,571663,16555438298,0.52,-1303504700.0,-9051800.0,-1150182050.0,2462738550.0,92027.0,571663.0,16.1,A035250
1890,2019-09-06,28750,29200,28700,29100,279191,8102005700,0.52,-618766150.0,0.0,-598625950.0,1217392100.0,20141.0,279191.0,7.21,A035250
1891,2019-09-09,28950,29300,28950,29150,207036,6033379200,0.17,723941300.0,8949050.0,-1193683350.0,460793000.0,9356.0,207036.0,4.52,A035250
1892,2019-09-10,29200,29450,29100,29150,420497,12302267850,0.0,-215691100.0,-440250.0,-540398800.0,756530150.0,19789.0,420497.0,4.71,A035250
1893,2019-09-11,29400,29900,29350,29600,555829,16482080300,1.54,4120948950.0,-444750.0,-1950008250.0,-2170495950.0,16015.0,555829.0,2.88,A035250
1894,2019-09-16,29750,30300,29450,30100,235950,7072827200,1.69,-214095900.0,2516650.0,-857635700.0,1069214950.0,12478.0,235950.0,5.29,A035250
1895,2019-09-17,29300,30100,29300,29850,189844,5665150800,-0.83,-717601000.0,-121960100.0,129548100.0,710013000.0,15555.0,189844.0,8.19,A035250
1896,2019-09-18,29650,29850,29400,29450,241091,7119512950,-1.34,227381600.0,29926400.0,382968400.0,-640276400.0,7463.0,241091.0,3.1,A035250
1897,2019-09-19,29400,29800,29250,29550,226976,6697181750,0.34,-960952600.0,-1949250.0,15311700.0,947590150.0,16622.0,226976.0,7.32,A035250
1898,2019-09-20,29550,29600,29050,29250,358674,10488503400,-1.02,-481793450.0,28157400.0,1365049500.0,-911413450.0,22490.0,358674.0,6.27,A035250
1899,2019-09-23,29300,29500,29100,29350,131864,3864535900,0.34,190795700.0,0.0,33070350.0,-223866050.0,22740.0,131864.0,17.25,A035250
1900,2019-09-24,29500,29600,29150,29300,209282,6149555650,-0.17,1590107000.0,147000.0,149246350.0,-1739500350.0,13611.0,209282.0,6.5,A035250
1901,2019-09-25,29600,30400,29400,30200,350331,10551510750,3.07,2889214150.0,14800050.0,-3762429150.0,858414950.0,27274.0,350331.0,7.79,A035250
1902,2019-09-26,29950,30250,29450,29700,192820,5757864250,-1.66,-96412800.0,11001750.0,174905300.0,-89494250.0,9390.0,192820.0,4.87,A035250
1903,2019-09-27,30200,30200,29450,29500,134566,3994764750,-0.67,-578889300.0,1178750.0,284352350.0,293358200.0,15699.0,134566.0,11.67,A035250
1904,2019-09-30,29300,29800,29300,29550,274424,8114576400,0.17,1849669000.0,439500.0,20550900.0,-1870659400.0,12567.0,274424.0,4.58,A035250
1905,2019-10-01,29300,30200,29300,30100,224831,6746380000,1.86,336888800.0,12291850.0,-2403705100.0,2054524450.0,16298.0,224831.0,7.25,A035250
1906,2019-10-02,30100,30100,29600,29700,254834,7587652425,-1.33,-1523119550.0,0.0,-5434100.0,1528553650.0,43989.0,254834.0,17.26,A035250
1907,2019-10-04,29550,29650,29200,29200,295556,8684594850,-1.68,397597250.0,28650.0,726760300.0,-1124386200.0,11934.0,295556.0,4.04,A035250
1908,2019-10-07,29150,29300,28800,29000,132283,3834136450,-0.68,260415950.0,435750.0,565851150.0,-826702850.0,1673.0,132283.0,1.26,A035250
1909,2019-10-08,29100,29600,28950,29300,201828,5904757200,1.03,660811550.0,-16327050.0,237365400.0,-881849900.0,1348.0,201828.0,0.67,A035250
1910,2019-10-10,28850,29450,28800,29150,530648,15493444325,-0.51,-697049300.0,87750.0,77390800.0,619570750.0,18899.0,530648.0,3.56,A035250
1911,2019-10-11,29450,29850,29350,29750,231783,6865374050,2.06,-652033750.0,-444750.0,-1395623550.0,2048102050.0,8856.0,231783.0,3.82,A035250
1912,2019-10-14,30000,30350,29800,30200,277537,8375617250,1.51,278637900.0,-2417250.0,-1532236900.0,1256016250.0,4780.0,277537.0,1.72,A035250
1913,2019-10-15,30300,30400,29950,30200,193216,5824163800,0.0,-1276515950.0,-252915000.0,-123104450.0,1652535400.0,5360.0,193216.0,2.77,A035250
1914,2019-10-16,30250,30500,29900,30400,280872,8504333450,0.66,-487992800.0,-3639500.0,-808722200.0,1300354500.0,24751.0,280872.0,8.81,A035250
1915,2019-10-17,30550,31200,30250,30750,314134,9664334300,1.15,-357064200.0,-2554150.0,-1657236950.0,2016855300.0,26659.0,314134.0,8.49,A035250
1916,2019-10-18,31250,31250,30550,30950,305081,9410007900,0.65,-1981339500.0,-2521500.0,-472361500.0,2456222500.0,42903.0,305081.0,14.06,A035250
1917,2019-10-21,31250,31250,30400,30800,211186,6493843100,-0.48,762924250.0,-8959000.0,-12053950.0,-741911300.0,35815.0,211186.0,16.96,A035250
1918,2019-10-22,30400,31300,30400,31000,250167,7764141550,0.65,2094848000.0,-1401000.0,-884827800.0,-1208619200.0,21882.0,250167.0,8.75,A035250
1919,2019-10-23,30850,31250,30600,30900,148612,4585346450,-0.32,-1311548700.0,0.0,14876650.0,1296672050.0,24341.0,148612.0,16.38,A035250
1920,2019-10-24,30650,31150,30600,31050,167867,5195993750,0.49,-815013950.0,0.0,-474474950.0,1289488900.0,11093.0,167867.0,6.61,A035250
1921,2019-10-25,30950,31250,30750,31150,154503,4794667800,0.32,-636228050.0,-3105000.0,-146330950.0,785664000.0,5703.0,154503.0,3.69,A035250
1922,2019-10-28,31700,32000,31200,31350,241792,7605389200,0.64,-310833250.0,-4092500.0,-1047005000.0,1361930750.0,37370.0,241792.0,15.46,A035250
1923,2019-10-29,31400,31800,31350,31650,328929,10395796100,0.96,-481276250.0,-9485000.0,-1193437850.0,1684199100.0,45921.0,328929.0,13.96,A035250
1924,2019-10-30,31650,31900,31450,31650,254850,8084813108,0.0,60339600.0,0.0,-346570600.0,286231000.0,47705.0,254850.0,18.72,A035250
1925,2019-10-31,31600,31900,31250,31350,218293,6882957550,-0.95,-353063300.0,0.0,-693736550.0,1046799850.0,22570.0,218293.0,10.34,A035250
1926,2019-11-01,31250,32100,31250,31950,219988,7020614650,1.91,-1098837900.0,-6380000.0,-1163615200.0,2268833100.0,46413.0,219988.0,21.1,A035250
1927,2019-11-04,31600,32000,31150,31250,522549,16426073450,-2.19,4134719250.0,-1998800950.0,1665339000.0,-3801257300.0,60774.0,522549.0,11.63,A035250
1928,2019-11-05,31000,31400,30250,30350,469702,14358226000,-2.88,-3274393000.0,1374750.0,3744190000.0,-471171750.0,44112.0,469702.0,9.39,A035250
1929,2019-11-06,30600,30700,30150,30200,370376,11248393800,-0.49,-1783106850.0,0.0,1131272850.0,651834000.0,21380.0,370376.0,5.77,A035250
1930,2019-11-07,30050,30600,30050,30350,235538,7141761400,0.5,-686320250.0,0.0,381589450.0,304730800.0,12767.0,235538.0,5.42,A035250
1931,2019-11-08,30350,30550,30150,30450,236446,7178903850,0.33,58408000.0,53382400.0,376494100.0,-488284500.0,12097.0,236446.0,5.12,A035250
1932,2019-11-11,30500,31050,30450,31000,358434,11042918600,1.81,149758400.0,-463500.0,-2109978300.0,1960683400.0,15517.0,358434.0,4.33,A035250
1933,2019-11-12,31000,31300,30650,31300,264174,8201157132,0.97,21005400.0,-20989700.0,-1131092700.0,1131077000.0,19716.0,264174.0,7.46,A035250
1934,2019-11-13,31050,31500,31050,31400,241157,7565601850,0.32,-603912900.0,-472500.0,-1668066500.0,2272451900.0,22238.0,241157.0,9.22,A035250
1935,2019-11-14,31100,31150,30700,30950,273233,8434064372,-1.43,310634750.0,462750.0,570401400.0,-881498900.0,35093.0,273233.0,12.84,A035250
1936,2019-11-15,30550,31850,30500,31500,351116,11085735950,1.78,2495714100.0,-19919250.0,-2505876400.0,30081550.0,27007.0,351116.0,7.69,A035250
1937,2019-11-18,31300,31900,31300,31450,167058,5261789550,-0.16,-849142300.0,0.0,-137026300.0,986168600.0,13180.0,167058.0,7.89,A035250
1938,2019-11-19,31250,31500,30850,31450,277525,8669344800,0.0,-978801750.0,457500.0,142039900.0,836304350.0,46883.0,277525.0,16.89,A035250
1939,2019-11-20,30900,31150,30600,30750,293612,9057139900,-2.23,-1379121100.0,462750.0,556942600.0,821715750.0,40495.0,293612.0,13.79,A035250
1940,2019-11-21,30750,31250,29900,30350,350538,10642025500,-1.3,-533406550.0,1391700.0,1252245200.0,-720230350.0,23339.0,350538.0,6.66,A035250
1941,2019-11-22,30450,30500,29400,29500,420237,12445184350,-2.8,-2151618100.0,27294750.0,3979452050.0,-1855128700.0,19808.0,420237.0,4.71,A035250
1942,2019-11-25,29250,30050,29250,30000,203436,6085401950,1.69,702998200.0,-2403100.0,-324664100.0,-375931000.0,6523.0,203436.0,3.21,A035250
1943,2019-11-26,29900,30400,29800,29900,579019,17361998900,-0.33,1916505350.0,-453750.0,-68577700.0,-1847473900.0,17344.0,579019.0,3.0,A035250
1944,2019-11-27,30350,30650,30150,30200,134895,4094331900,1.0,414217950.0,-458250.0,-614068600.0,200308900.0,14556.0,134895.0,10.79,A035250
1945,2019-11-28,29900,30200,29600,30150,205991,6167594250,-0.17,1683721650.0,893250.0,235188250.0,-1919803150.0,5247.0,205991.0,2.55,A035250
1946,2019-11-29,30250,30250,29200,29350,371663,10961178950,-2.65,-2698388600.0,431250.0,3785912100.0,-1087954750.0,13223.0,371663.0,3.56,A035250
1947,2019-12-02,29550,29950,29500,29950,239407,7129977400,2.04,-288419450.0,-449250.0,-870776700.0,1159645400.0,3290.0,239407.0,1.37,A035250
1948,2019-12-03,30100,30200,29600,30150,205944,6181838700,0.67,-213729400.0,0.0,-764690300.0,978419700.0,16351.0,205944.0,7.94,A035250
1949,2019-12-04,29400,30000,29350,29550,208408,6164505250,-1.99,554964600.0,-9000.0,1279236100.0,-1834191700.0,14436.0,208408.0,6.93,A035250
1950,2019-12-05,29300,29550,29000,29250,215255,6293109300,-1.02,-748392450.0,875250.0,1805436450.0,-1057919250.0,8961.0,215255.0,4.16,A035250
1951,2019-12-06,29350,29550,28900,29350,229446,6708297350,0.34,251944650.0,0.0,1035878000.0,-1287822650.0,8083.0,229446.0,3.52,A035250
1952,2019-12-09,29100,29500,29100,29400,140697,4129226700,0.17,-214726600.0,0.0,29965900.0,184760700.0,7317.0,140697.0,5.2,A035250
1953,2019-12-10,29100,29400,29050,29150,198439,5786117250,-0.85,-472480400.0,0.0,1528387700.0,-1055907300.0,8126.0,198439.0,4.09,A035250
1954,2019-12-11,29400,29750,29150,29550,254625,7520341550,1.37,956108850.0,-444750.0,-1210974250.0,255310150.0,10031.0,254625.0,3.94,A035250
1955,2019-12-12,29800,30000,29500,30000,518244,15516421400,1.52,2083110900.0,-330900.0,-1482393600.0,-600386400.0,23503.0,518244.0,4.54,A035250
1956,2019-12-13,30350,30700,30150,30650,313180,9550734200,2.17,2211919850.0,-1034300.0,-4287558300.0,2076672750.0,28353.0,313180.0,9.05,A035250
1957,2019-12-16,30600,30700,30000,30250,542637,16407620800,-1.31,952915550.0,242800.0,629592600.0,-1582750950.0,18552.0,542637.0,3.42,A035250
1958,2019-12-17,30000,30250,29900,30100,470182,14123591375,-0.5,-488400650.0,-34040950.0,881233750.0,-358792150.0,28296.0,470182.0,6.02,A035250
1959,2019-12-18,29850,30200,29800,29900,766954,22655782291,-0.66,14150997600.0,-14999229450.0,1380879050.0,-532647200.0,11848.0,766954.0,1.54,A035250
1960,2019-12-19,29900,30200,29800,30000,225039,6737906950,0.33,311307200.0,0.0,419952250.0,-731259450.0,4706.0,225039.0,2.09,A035250
1961,2019-12-20,30150,30150,29750,29900,447048,13398420550,-0.33,1188167150.0,-46908050.0,706861450.0,-1848120550.0,10282.0,447048.0,2.3,A035250
1962,2019-12-23,29900,30100,29700,29950,254298,7607773650,0.17,75922450.0,0.0,-962653000.0,886730550.0,13874.0,254298.0,5.46,A035250
1963,2019-12-24,29900,30300,29900,30300,216787,6542860100,1.17,1252349400.0,224243200.0,-1456038750.0,-20553850.0,11542.0,216787.0,5.32,A035250
1964,2019-12-26,30500,30650,30200,30600,176187,5379251850,0.99,2536299650.0,5463300.0,-2017501100.0,-524261850.0,18151.0,176187.0,10.3,A035250
1965,2019-12-27,29750,29800,29500,29650,318395,9437290450,-3.1,-3779197650.0,-27412700.0,3733907050.0,72703300.0,89654.0,318395.0,28.16,A035250
1966,2019-12-30,29800,29800,29450,29600,160145,4740751400,-0.17,224838850.0,14804450.0,1317919800.0,-1557563100.0,5686.0,160145.0,3.55,A035250
1967,2020-01-02,29600,29750,29200,29250,225430,6613159600,-1.18,-3645618300.0,16119450.0,3039265200.0,590233650.0,13370.0,225430.0,5.93,A035250
1968,2020-01-03,29500,29500,29050,29150,937597,27479617350,-0.34,16744736450.0,-19998536850.0,3090712650.0,163087750.0,21219.0,937597.0,2.26,A035250
1969,2020-01-06,29050,29250,28900,28950,158775,4609330750,-0.69,-1836428400.0,283868350.0,609640850.0,942919200.0,6791.0,158775.0,4.28,A035250
1970,2020-01-07,28750,29200,28700,29150,211623,6136730400,0.69,-1680924950.0,-31300.0,1340239250.0,340717000.0,18436.0,211623.0,8.71,A035250
1971,2020-01-08,28600,28650,28050,28500,330905,9366383900,-2.23,-2998279900.0,27600.0,1906798350.0,1091453950.0,20094.0,330905.0,6.07,A035250
1972,2020-01-09,28400,29050,28400,29000,415466,11933531600,1.75,-2325030300.0,-441000.0,1877910850.0,447560450.0,42869.0,415466.0,10.32,A035250
1973,2020-01-10,28550,29100,28500,29000,301108,8683395000,0.0,-4517707550.0,-14134350.0,1130732450.0,3401109450.0,32066.0,301108.0,10.65,A035250
1974,2020-01-13,29000,29450,28800,29400,357270,10436293400,1.38,-3189008650.0,2479750.0,-373957150.0,3560486050.0,61303.0,357270.0,17.16,A035250
1975,2020-01-14,29500,29500,29100,29300,342988,10022076400,-0.34,-5456756400.0,-20370000.0,876939650.0,4600186750.0,44244.0,342988.0,12.9,A035250
1976,2020-01-15,29150,29500,29050,29500,218209,6394311050,0.68,-2058174100.0,29250.0,-550920350.0,2609065200.0,30524.0,218209.0,13.99,A035250
1977,2020-01-16,29150,29200,28600,28800,510462,14676992650,-2.37,-1501404100.0,546200.0,7054187150.0,-5553329250.0,53666.0,510462.0,10.51,A035250
1978,2020-01-17,28600,28800,28550,28600,405335,11599098700,-0.69,-1413104500.0,74963250.0,2790492550.0,-1452351300.0,40289.0,405335.0,9.94,A035250
1979,2020-01-20,28500,28950,28450,28700,304142,8742187200,0.35,-660440800.0,-86250.0,-404841800.0,1065368850.0,27931.0,304142.0,9.18,A035250
1980,2020-01-21,28700,28750,28350,28350,267792,7633851000,-1.22,-1093508900.0,398150.0,1503210700.0,-410099950.0,16636.0,267792.0,6.21,A035250
1981,2020-01-22,28650,28950,28550,28850,315836,9087332450,1.76,-233601450.0,0.0,-1045963000.0,1279564450.0,9380.0,315836.0,2.97,A035250
1982,2020-01-23,28600,28800,28450,28600,508864,14547855400,-0.87,-3455365650.0,0.0,1101590250.0,2353775400.0,75583.0,508864.0,14.85,A035250
1983,2020-01-28,28100,28450,27600,27650,525421,14698818900,-3.32,-2883104000.0,840000.0,903188500.0,1979075500.0,22898.0,525421.0,4.36,A035250
1984,2020-01-29,27600,27650,27100,27300,307883,8404861050,-1.27,-4406860600.0,37373200.0,2490675250.0,1878812150.0,48434.0,307883.0,15.73,A035250
1985,2020-01-30,27350,28050,27200,28000,507576,14065982750,2.56,-4870223600.0,9303950.0,-1096246950.0,5957166600.0,64275.0,507576.0,12.66,A035250
1986,2020-01-31,28300,28300,27500,27550,384395,10672348700,-1.61,-274151600.0,17200.0,-283109800.0,557244200.0,27537.0,384395.0,7.16,A035250
1987,2020-02-03,27550,27600,27050,27100,434299,11837427850,-1.63,-446993300.0,2128900.0,706873050.0,-262008650.0,43791.0,434299.0,10.08,A035250
1988,2020-02-04,26950,27250,26500,26800,634520,17014104950,-1.11,-2888555150.0,3142300.0,4198903300.0,-1313490450.0,42661.0,634520.0,6.72,A035250
1989,2020-02-05,26700,26950,26650,26750,412730,11046500900,-0.19,-3993053150.0,100552800.0,2551124250.0,1341376100.0,56341.0,412730.0,13.65,A035250
1990,2020-02-06,27100,27850,27100,27650,270219,7448826150,3.36,1364934150.0,-823500.0,-2403517800.0,1039407150.0,15259.0,270219.0,5.65,A035250
1991,2020-02-07,27400,27750,27250,27300,376421,10302002300,-1.27,-1600580000.0,437600.0,1162303000.0,437839400.0,30230.0,376421.0,8.03,A035250
1992,2020-02-10,27100,27400,27000,27050,622853,16877612625,-0.92,-658037250.0,866500.0,1934506650.0,-1277335900.0,16982.0,622853.0,2.73,A035250
1993,2020-02-11,27050,27550,26950,26950,452954,12306812350,-0.37,569911150.0,-14560100.0,2772048200.0,-3327399250.0,10478.0,452954.0,2.31,A035250
1994,2020-02-12,26900,27500,26600,27200,692906,18696054250,0.93,609487200.0,3134050.0,3101979850.0,-3714601100.0,49646.0,692906.0,7.16,A035250
1995,2020-02-13,27150,27400,26800,26850,470372,12680526100,-1.29,-1199027350.0,28443900.0,5758127550.0,-4587544100.0,44177.0,470372.0,9.39,A035250
1996,2020-02-14,26650,26950,26500,26650,317412,8470028600,-0.74,-1501887400.0,852800.0,3301052000.0,-1800017400.0,32004.0,317412.0,10.08,A035250
1997,2020-02-17,26750,26750,26450,26450,288127,7640729650,-0.75,-183755900.0,4087900.0,3951307500.0,-3771639500.0,9834.0,288127.0,3.41,A035250
1998,2020-02-18,26450,26600,26150,26200,451031,11874712300,-0.95,574650500.0,841800.0,3889046650.0,-4464538950.0,20646.0,451031.0,4.58,A035250
1999,2020-02-19,26100,26700,26100,26250,391808,10344092450,0.19,-163430450.0,1372950.0,727359400.0,-565301900.0,10402.0,391808.0,2.65,A035250
2000,2020-02-20,26100,26350,25750,25800,430445,11184071600,-1.71,-1466991650.0,2135450.0,1123315650.0,341540550.0,26874.0,430445.0,6.24,A035250
2001,2020-02-21,25500,25750,25050,25050,469336,11831380600,-2.91,-1505105450.0,785300.0,1573830350.0,-69510200.0,27400.0,469336.0,5.84,A035250
2002,2020-02-24,24100,24500,23800,23800,687517,16560605450,-4.99,743563550.0,211484050.0,1389024800.0,-2344072400.0,24249.0,687517.0,3.53,A035250
2003,2020-02-25,23500,24400,23350,24150,589514,14163132450,1.47,-1130077400.0,40143500.0,1493870500.0,-403936600.0,19657.0,589514.0,3.33,A035250
2004,2020-02-26,23700,24150,23600,23600,648056,15437321125,-2.28,-599640100.0,981550.0,2985616400.0,-2386957850.0,18283.0,648056.0,2.82,A035250
2005,2020-02-27,23700,24150,23500,23850,405903,9692446400,1.06,725706250.0,181494750.0,657699050.0,-1564900050.0,30388.0,405903.0,7.49,A035250
2006,2020-02-28,23250,23550,22750,22800,962204,22134082700,-4.4,689410550.0,39778050.0,4748007600.0,-5477196200.0,74319.0,962204.0,7.72,A035250
2007,2020-03-02,23000,23650,22850,23050,429473,9944931100,1.1,-93904850.0,2310300.0,1148406000.0,-1056811450.0,20568.0,429473.0,4.79,A035250
2008,2020-03-03,23600,24000,23250,23350,574312,13540084950,1.3,-1048209200.0,16317250.0,2742452200.0,-1710560250.0,55618.0,574312.0,9.68,A035250
2009,2020-03-04,23450,23800,23250,23650,402946,9493870750,1.28,917390100.0,25747000.0,1535332150.0,-2478469250.0,57873.0,402946.0,14.36,A035250
2010,2020-03-05,23700,24600,23550,24450,545039,13223139900,3.38,2724797100.0,450030700.0,419879050.0,-3594706850.0,85925.0,545039.0,15.76,A035250
2011,2020-03-06,24000,24150,23850,23950,393150,9427813500,-2.04,1899124900.0,143668900.0,1026535550.0,-3069329350.0,62194.0,393150.0,15.82,A035250
2012,2020-03-09,23600,24150,23250,23650,559149,13301351850,-1.25,4287792300.0,38635150.0,-23418350.0,-4303009100.0,79763.0,559149.0,14.27,A035250
2013,2020-03-10,23250,23850,23200,23400,711573,16668570450,-1.06,3000948350.0,139497700.0,3784118550.0,-6924564600.0,12872.0,711573.0,1.81,A035250
2014,2020-03-11,23200,23600,23000,23050,541687,12609314550,-1.5,-205037500.0,-181402000.0,1481338850.0,-1094899350.0,43045.0,541687.0,7.95,A035250
2015,2020-03-12,23450,23450,21750,22050,966872,21510096350,-4.34,2422705350.0,503026650.0,2222421200.0,-5148153200.0,53196.0,966872.0,5.5,A035250
2016,2020-03-13,20500,21900,20100,21250,1130877,23593471550,-3.63,3869110800.0,8591450.0,-1146802650.0,-2730899600.0,98980.0,1130877.0,8.75,A035250
2017,2020-03-16,21150,21600,20900,20900,551313,11665863800,-1.65,643334200.0,-43263850.0,2165259550.0,-2765329900.0,67824.0,551313.0,12.3,A035250
2018,2020-03-17,19500,20500,19500,19800,852460,17027161600,-5.26,1967855250.0,208162150.0,4790250000.0,-6966267400.0,3219.0,852460.0,0.38,A035250
2019,2020-03-18,19800,20050,18500,18500,685727,13261453350,-6.57,-1042190650.0,-80154500.0,3145180850.0,-2022835700.0,0.0,685727.0,0.0,A035250
2020,2020-03-19,18300,18850,16300,16900,1359042,23312823800,-8.65,3005513850.0,17922600.0,-254119600.0,-2769316850.0,237.0,1359042.0,0.02,A035250
2021,2020-03-20,16900,17650,16450,17400,804523,13796807350,2.96,1572637700.0,19248700.0,1883271700.0,-3475158100.0,224.0,804523.0,0.03,A035250
2022,2020-03-23,16100,16700,16000,16250,1149502,18700140950,-6.61,1080825350.0,-22040400.0,974095500.0,-2032880450.0,666.0,1149502.0,0.06,A035250
2023,2020-03-24,16400,18500,16400,18250,863640,15081754500,12.31,1384141200.0,102619800.0,-452628300.0,-1034132700.0,1174.0,863640.0,0.14,A035250
2024,2020-03-25,18600,19500,18500,19350,832297,15891356000,6.03,364565850.0,-16748700.0,2341588550.0,-2689405700.0,289.0,832297.0,0.03,A035250
2025,2020-03-26,19500,20300,18500,19600,1071338,21224410150,1.29,1812488400.0,131541300.0,2638694550.0,-4582724250.0,227.0,1071338.0,0.02,A035250
2026,2020-03-27,20100,20350,19650,20050,773410,15448685000,2.3,3695679200.0,160962000.0,-85289150.0,-3771352050.0,1411.0,773410.0,0.18,A035250
2027,2020-03-30,19050,19500,18500,19300,1024366,19540395650,-3.74,3382183800.0,59490150.0,3069367600.0,-6511041550.0,703.0,1024366.0,0.07,A035250
2028,2020-03-31,19550,20100,19450,19750,797032,15802146400,2.33,990246650.0,5530150.0,1181846350.0,-2177623150.0,130.0,797032.0,0.02,A035250
2029,2020-04-01,19450,19650,18450,18450,1179317,22539826000,-6.58,-4883016700.0,3933900.0,10554688450.0,-5675605650.0,454.0,1179317.0,0.04,A035250
2030,2020-04-02,18350,19050,17700,18700,721070,13249655650,1.36,582208800.0,6801550.0,1274363400.0,-1863373750.0,545.0,721070.0,0.08,A035250
2031,2020-04-03,18550,18850,18300,18650,567606,10560935100,-0.27,-2286133500.0,1891000.0,3421823250.0,-1137580750.0,2848.0,567606.0,0.5,A035250
2032,2020-04-06,18700,20100,18700,20000,1134267,22276139250,7.24,5780515600.0,190511400.0,-4098855850.0,-1872171150.0,379.0,1134267.0,0.03,A035250
2033,2020-04-07,21000,21400,20500,20700,1802614,37617208700,3.5,2782355400.0,179432150.0,11121155200.0,-14082942750.0,374.0,1802614.0,0.02,A035250
2034,2020-04-08,20700,21450,20500,20750,2086382,43980300800,0.24,6202352050.0,437113150.0,13762813050.0,-20402278250.0,521.0,2086382.0,0.02,A035250
2035,2020-04-09,21350,24300,21200,23300,3190691,72570406850,12.29,7714716200.0,141816050.0,-3959738400.0,-3896793850.0,12107.0,3190691.0,0.38,A035250
2036,2020-04-10,23600,24300,22650,24100,2076557,49210834300,3.43,6821320100.0,197496350.0,-2039729400.0,-4979087050.0,553.0,2076557.0,0.03,A035250
2037,2020-04-13,23800,24400,23300,23400,1112233,26602951350,-2.9,-727488000.0,182081950.0,3638832700.0,-3093426650.0,164.0,1112233.0,0.01,A035250
2038,2020-04-14,23700,24250,23400,23700,812182,19228017000,1.28,-118551350.0,248587400.0,2279103700.0,-2409139750.0,2126.0,812182.0,0.26,A035250
2039,2020-04-16,23350,24850,23100,24700,1636066,39473896400,4.22,1541569950.0,393064550.0,-6064019800.0,4129385300.0,4892.0,1636066.0,0.3,A035250
2040,2020-04-17,24300,25300,23950,24950,1703533,42381546500,1.01,-807064050.0,229068200.0,3167076050.0,-2589080200.0,5293.0,1703533.0,0.31,A035250
2041,2020-04-20,24950,25400,24100,24400,1273107,31639821992,-2.2,-4161654900.0,-89647900.0,7211331000.0,-2960028200.0,220.0,1273107.0,0.02,A035250
2042,2020-04-21,24300,24650,23350,24650,1174253,28167140050,1.02,-2247616150.0,55750400.0,-722877800.0,2914743550.0,5256.0,1174253.0,0.45,A035250
2043,2020-04-22,24550,24950,24050,24800,860215,21145650200,0.61,-1098307500.0,-3469750.0,1235894100.0,-134116850.0,3728.0,860215.0,0.43,A035250
2044,2020-04-23,24750,25100,24450,24450,746373,18379258500,-1.41,-1366037700.0,131189000.0,6297893850.0,-5063045150.0,1353.0,746373.0,0.18,A035250
2045,2020-04-24,24400,24450,24000,24150,518871,12534778000,-1.23,-3312426800.0,40984550.0,2728742100.0,542700150.0,54.0,518871.0,0.01,A035250
2046,2020-04-27,24000,24950,24000,24700,712120,17557920500,2.28,2329053900.0,54913800.0,-2455843950.0,71876250.0,117.0,712120.0,0.02,A035250
2047,2020-04-28,24750,25800,24750,25200,1078341,27292934500,2.02,2127377850.0,195048600.0,-2049809750.0,-272616700.0,0.0,1078341.0,0.0,A035250
2048,2020-04-29,25300,25600,25050,25050,733928,18577460300,-0.6,-715798900.0,-289169650.0,3623260000.0,-2618291450.0,1.0,733928.0,0.0,A035250
2049,2020-05-04,24300,24600,24150,24400,1384452,33790347321,-2.59,-4996078900.0,-2902550.0,10168226750.0,-5169245300.0,5683.0,1384452.0,0.41,A035250
2050,2020-05-06,24600,24800,24350,24400,878012,21523519300,0.0,-538455800.0,-283811500.0,7601569850.0,-6779302550.0,152.0,878012.0,0.02,A035250
2051,2020-05-07,24400,24950,24050,24550,920533,22564302700,0.61,1219535300.0,86830600.0,2167769550.0,-3474135450.0,179.0,920533.0,0.02,A035250
2052,2020-05-08,25200,25450,24800,24900,1290000,32405486250,1.43,-257051750.0,-227876200.0,-7006146400.0,7491074350.0,1341.0,1290000.0,0.1,A035250
2053,2020-05-11,24350,24750,24200,24500,816549,19959364950,-1.61,-3748759450.0,-143270550.0,-1396603450.0,5288633450.0,6294.0,816549.0,0.77,A035250
2054,2020-05-12,24250,24450,23500,23800,901247,21464538686,-2.86,-3214485750.0,-672352750.0,1848978350.0,2037860150.0,2921.0,901247.0,0.32,A035250
2055,2020-05-13,23050,23300,22750,22800,1272235,29161938050,-4.2,-10699968150.0,210869900.0,13136355550.0,-2647257300.0,156.0,1272235.0,0.01,A035250
2056,2020-05-14,22650,23050,22350,22500,823244,18619078000,-1.32,-1172193300.0,-66428100.0,3272591850.0,-2033970450.0,5.0,823244.0,0.0,A035250
2057,2020-05-15,22550,23000,21750,23000,1098223,24448168250,2.22,-1614209650.0,207349700.0,2999375700.0,-1592515750.0,139.0,1098223.0,0.01,A035250
2058,2020-05-18,23100,23300,22550,22900,585520,13402322900,-0.43,943165850.0,71258000.0,4152773950.0,-5167197800.0,1138.0,585520.0,0.19,A035250
2059,2020-05-19,24000,24300,23750,23800,1389176,33265175950,3.93,6988066150.0,613332200.0,-3506605850.0,-4094792500.0,1327.0,1389176.0,0.1,A035250
2060,2020-05-20,24500,25500,24400,25000,2267014,56817069450,5.04,13020691900.0,-678530850.0,-23219644200.0,10877483150.0,17755.0,2267014.0,0.78,A035250
2061,2020-05-21,25350,25400,24700,24900,930611,23230784750,-0.4,2920790950.0,-42505750.0,2478352050.0,-5356637250.0,815.0,930611.0,0.09,A035250
2062,2020-05-22,25050,25100,24300,24800,885067,21955515300,-0.4,4134805700.0,-610184750.0,-1412414600.0,-2112206350.0,9430.0,885067.0,1.07,A035250
2063,2020-05-25,25150,25150,24600,24950,572666,14256547150,0.6,2634667700.0,-47614750.0,-1046931300.0,-1540121650.0,6598.0,572666.0,1.15,A035250
2064,2020-05-26,25050,25250,24800,25150,807124,20195716600,0.8,1420664050.0,-352676400.0,205690200.0,-1273677850.0,7.0,807124.0,0.0,A035250
2065,2020-05-27,25400,26700,25150,26250,2447025,63888220350,4.37,4651384500.0,-593173200.0,-16251139450.0,12192928150.0,12.0,2447025.0,0.0,A035250
2066,2020-05-28,25500,25550,24600,24650,2098021,52571902550,-6.1,-3277620650.0,-67608600.0,15462524100.0,-12117294850.0,2132.0,2098021.0,0.1,A035250
2067,2020-05-29,24200,25150,23800,24200,1829136,44738242550,-1.83,1116360650.0,1807250.0,2245237900.0,-3363405800.0,2855.0,1829136.0,0.16,A035250
2068,2020-06-01,24300,24850,24300,24700,587060,14455715450,2.07,-894836800.0,38074100.0,3799552500.0,-2942789800.0,4550.0,587060.0,0.78,A035250
2069,2020-06-02,24550,25050,24400,24750,773673,19114939650,0.2,-3454416250.0,12768300.0,5436510350.0,-1994862400.0,663.0,773673.0,0.09,A035250
2070,2020-06-03,24350,25350,24300,25300,1586757,39607212000,2.22,2657438450.0,499397650.0,-9121642700.0,5964806600.0,333.0,1586757.0,0.02,A035250
2071,2020-06-04,25550,26250,25300,25900,1646640,42508614950,2.37,1508026900.0,48812000.0,-6798535550.0,5241696650.0,589.0,1646640.0,0.04,A035250
2072,2020-06-05,25900,26050,25350,25650,863705,22137495900,-0.97,501410800.0,12894600.0,7649794750.0,-8164100150.0,139.0,863705.0,0.02,A035250
2073,2020-06-08,26000,26100,25200,25250,801349,20476045250,-1.56,-3251009350.0,-3613050.0,5258761550.0,-2004139150.0,0.0,801349.0,0.0,A035250
2074,2020-06-09,25450,25800,25250,25350,517676,13168658350,0.4,-940258250.0,-115957950.0,2105988750.0,-1049772550.0,230.0,517676.0,0.04,A035250
2075,2020-06-10,25350,25400,24800,24900,747256,18678567550,-1.78,48856600.0,-290507550.0,3875784800.0,-3634133850.0,0.0,747256.0,0.0,A035250
2076,2020-06-11,24550,24700,24000,24500,1163161,28309453600,-1.61,-8601182300.0,74543700.0,9394354550.0,-867715950.0,2804.0,1163161.0,0.24,A035250
2077,2020-06-12,23500,24200,23500,23800,833695,19852124750,-2.86,-2640100850.0,8329750.0,1300294250.0,1331476850.0,1177.0,833695.0,0.14,A035250
2078,2020-06-15,23550,23750,22250,22250,913933,21157290600,-6.51,-5123687650.0,44101400.0,6082811100.0,-1003224850.0,640.0,913933.0,0.07,A035250
2079,2020-06-16,22800,23350,22600,23350,961986,22094340900,4.94,-3287007300.0,133196450.0,5262405800.0,-2108594950.0,183.0,961986.0,0.02,A035250
2080,2020-06-17,23000,23400,22550,22750,854640,19498932150,-2.57,-3275773000.0,45923850.0,6314795500.0,-3084946350.0,514.0,854640.0,0.06,A035250
2081,2020-06-18,22500,23100,22500,22750,502644,11459728700,0.0,-967198050.0,-46928600.0,2262623600.0,-1248496950.0,424.0,502644.0,0.08,A035250
2082,2020-06-19,23100,23100,22500,22600,811307,18417482500,-0.66,-1016070450.0,458182750.0,2453385150.0,-1895497450.0,585.0,811307.0,0.07,A035250
2083,2020-06-22,22300,22550,22200,22350,517602,11596031650,-1.11,-2199763950.0,466650.0,2614567700.0,-415270400.0,714.0,517602.0,0.14,A035250
2084,2020-06-23,22450,22700,22000,22550,680838,15240069850,0.89,-3335290650.0,-6750.0,2648494350.0,686803050.0,650.0,680838.0,0.1,A035250
2085,2020-06-24,22300,22750,22200,22300,737091,16567372600,-1.11,-1721343100.0,-7251050.0,5500254200.0,-3771660050.0,248.0,737091.0,0.03,A035250
2086,2020-06-25,22100,22200,21650,21750,735423,16057639900,-2.47,-5677660300.0,-4157350.0,6772290750.0,-1090473100.0,1277.0,735423.0,0.17,A035250
2087,2020-06-26,21850,22000,21500,21950,528680,11473353600,0.92,-1740193200.0,-6750.0,3590677300.0,-1850477350.0,2624.0,528680.0,0.5,A035250
2088,2020-06-29,21450,21800,21200,21450,586324,12588487800,-2.28,-2085353850.0,289645250.0,3848099450.0,-2052390850.0,2148.0,586324.0,0.37,A035250
2089,2020-06-30,21450,22300,21400,21500,857138,18682872750,0.23,-627849250.0,23603200.0,4026963700.0,-3422717650.0,479.0,857138.0,0.06,A035250
2090,2020-07-01,21600,22100,21600,21700,511108,11165558450,0.93,-2748685450.0,4228500.0,3703050450.0,-958593500.0,407.0,511108.0,0.08,A035250
2091,2020-07-02,21900,22550,21850,22500,909750,20183503550,3.69,-1072540100.0,-1147100.0,3430037800.0,-2356350600.0,196.0,909750.0,0.02,A035250
2092,2020-07-03,22000,22200,21950,22000,648399,14288293550,-2.22,-1270752100.0,-277997000.0,4518087150.0,-2969338050.0,4.0,648399.0,0.0,A035250
2093,2020-07-06,22000,22350,21650,22250,532446,11759639300,1.14,229888600.0,9728750.0,-1045717000.0,806099650.0,788.0,532446.0,0.15,A035250
2094,2020-07-07,22500,22650,22000,22400,730820,16374797052,0.67,486187100.0,33237500.0,1125542850.0,-1644967450.0,263.0,730820.0,0.04,A035250
2095,2020-07-08,22750,23200,22400,23200,886064,20362151150,3.57,913775050.0,35625500.0,-2848193650.0,1898793100.0,567.0,886064.0,0.06,A035250
2096,2020-07-09,23400,23600,22800,23150,812624,18764952750,-0.22,983408000.0,1995400.0,-2687627700.0,1702224300.0,0.0,812624.0,0.0,A035250
2097,2020-07-10,22700,23250,22500,23250,663021,15174113450,0.43,-2023767000.0,859150.0,-1635230600.0,3658138450.0,2632.0,663021.0,0.4,A035250
2098,2020-07-13,23200,23400,22900,23250,657023,15238903753,0.0,-588436800.0,11849150.0,-1070000350.0,1646588000.0,415.0,657023.0,0.06,A035250
2099,2020-07-14,23350,23700,23050,23550,660641,15420757650,1.29,2292609550.0,-6865050.0,-1438719700.0,-847024800.0,620.0,660641.0,0.09,A035250
2100,2020-07-15,23750,24100,23750,24000,802368,19208311196,1.91,3429468150.0,-278068200.0,-3114738600.0,-36661350.0,241.0,802368.0,0.03,A035250
2101,2020-07-16,24250,24400,24050,24250,682092,16521671800,1.04,1403830000.0,14512200.0,-2309644000.0,891301800.0,366.0,682092.0,0.05,A035250
2102,2020-07-17,24450,24500,24050,24400,742324,18220227250,0.62,1799038250.0,-1684700.0,-3939723900.0,2142370350.0,0.0,742324.0,0.0,A035250
2103,2020-07-20,24850,25700,24700,25000,1574716,39454543850,2.46,890201300.0,223950650.0,-4658290050.0,3544138100.0,2640.0,1574716.0,0.17,A035250
2104,2020-07-21,25300,25300,24550,24800,900155,22310714550,-0.8,-464274650.0,38404500.0,-2234614300.0,2660484450.0,5398.0,900155.0,0.6,A035250
2105,2020-07-22,24650,24700,23850,23900,974274,23458598150,-3.63,231750800.0,83938350.0,3678958200.0,-3994647350.0,256.0,974274.0,0.03,A035250
2106,2020-07-23,23650,23700,23100,23200,977306,22758501600,-2.93,976874550.0,32906000.0,2419426700.0,-3429207250.0,648.0,977306.0,0.07,A035250
2107,2020-07-24,22800,23300,22700,22950,758832,17435532200,-1.08,1125662300.0,98229800.0,2299737600.0,-3523629700.0,0.0,758832.0,0.0,A035250
2108,2020-07-27,22900,23200,22850,22950,535240,12298085100,0.0,-352723450.0,22309050.0,2403611850.0,-2073197450.0,315.0,535240.0,0.06,A035250
2109,2020-07-28,23000,23100,22650,22750,668609,15305201200,-0.87,-1616153150.0,75174050.0,2448672300.0,-907693200.0,22.0,668609.0,0.0,A035250
2110,2020-07-29,22600,23200,22500,23050,576330,13222377850,1.32,1311933300.0,3887550.0,45677350.0,-1361498200.0,383.0,576330.0,0.07,A035250
2111,2020-07-30,23300,23300,22850,22950,611910,14094245800,-0.43,-1529007900.0,6535050.0,5249086000.0,-3726613150.0,443.0,611910.0,0.07,A035250
2112,2020-07-31,22950,23300,22800,22850,546739,12535647600,-0.44,380524750.0,2170750.0,3612042850.0,-3994738350.0,60.0,546739.0,0.01,A035250
2113,2020-08-03,23000,23150,22500,22500,629024,14202713950,-1.53,-1717333600.0,218000300.0,6610915300.0,-5111582000.0,105.0,629024.0,0.02,A035250
2114,2020-08-04,22500,22700,22400,22450,492888,11096701450,-0.22,-604012750.0,-602017700.0,3475095900.0,-2269065450.0,39.0,492888.0,0.01,A035250
2115,2020-08-05,22400,22550,22350,22450,453508,10180749150,0.0,-679732600.0,22650.0,1885084950.0,-1205375000.0,316.0,453508.0,0.07,A035250
2116,2020-08-06,22450,22950,22300,22950,580519,13183227500,2.23,-16049150.0,10955000.0,-607731150.0,612825300.0,1420.0,580519.0,0.24,A035250
2117,2020-08-07,22950,23250,22750,22800,617500,14173888350,-0.65,-1129689750.0,41645200.0,3858484850.0,-2770440300.0,29.0,617500.0,0.0,A035250
2118,2020-08-10,22700,22700,22350,22600,578306,13019987700,-0.88,-1271739950.0,-84160550.0,1056323700.0,299576800.0,552.0,578306.0,0.1,A035250
2119,2020-08-11,22700,23150,22600,23050,688826,15783183050,1.99,736932850.0,5175750.0,-3117964750.0,2375856150.0,100.0,688826.0,0.01,A035250
2120,2020-08-12,23100,24200,23050,23900,1944944,46284919700,3.69,5903948550.0,-284329400.0,-5249216350.0,-370402800.0,117.0,1944944.0,0.01,A035250
2121,2020-08-13,24000,24100,23200,23500,1035539,24410287550,-1.67,1133042750.0,173269900.0,2025654950.0,-3331967600.0,37.0,1035539.0,0.0,A035250
2122,2020-08-14,23550,23750,23000,23250,684057,15940288650,-1.06,2232047600.0,56613900.0,-1761419200.0,-527242300.0,89.0,684057.0,0.01,A035250
2123,2020-08-18,22400,22600,22050,22100,1052861,23463629700,-4.95,1843725950.0,113529200.0,-81702300.0,-1875552850.0,474.0,1052861.0,0.05,A035250
2124,2020-08-19,22000,22250,21850,21950,589814,12957978000,-0.68,-719527750.0,-52177350.0,2086313400.0,-1314608300.0,359.0,589814.0,0.06,A035250
2125,2020-08-20,21600,21750,20900,20900,878512,18655946900,-4.78,-2501565350.0,146381100.0,3531467050.0,-1176282800.0,38.0,878512.0,0.0,A035250
2126,2020-08-21,20900,21300,20650,20650,710537,14869948200,-1.2,-637541050.0,33189050.0,2956079950.0,-2351727950.0,705.0,710537.0,0.1,A035250
2127,2020-08-24,20500,20750,19950,20650,781485,15876336300,0.0,-1923251500.0,-68737200.0,1621021800.0,370966900.0,312.0,781485.0,0.04,A035250
2128,2020-08-25,20950,21550,20800,21350,639655,13589221600,3.39,-1423569600.0,3845350.0,1483090750.0,-63366500.0,213.0,639655.0,0.03,A035250
2129,2020-08-26,21100,21250,20800,21000,483647,10159095600,-1.64,-1438876100.0,-23623800.0,1523287050.0,-60787150.0,90.0,483647.0,0.02,A035250
2130,2020-08-27,20900,21050,20450,20500,599900,12401582600,-2.38,-4122627600.0,19325050.0,3598248450.0,505054100.0,7510.0,599900.0,1.25,A035250
2131,2020-08-28,20500,21150,20450,20900,505574,10557559600,1.95,1135490150.0,-17410750.0,-447741850.0,-670337550.0,592.0,505574.0,0.12,A035250
2132,2020-08-31,21050,21250,20650,20650,746937,15602010850,-1.2,-69890500.0,832189750.0,3896844300.0,-4659143550.0,771.0,746937.0,0.1,A035250
2133,2020-09-01,20600,21150,20600,21000,517974,10830118050,1.69,-1065388300.0,22383250.0,591300250.0,451704800.0,703.0,517974.0,0.14,A035250
2134,2020-09-02,21000,21450,21000,21350,514721,10916191100,1.67,276541450.0,100400.0,-138971050.0,-137670800.0,777.0,514721.0,0.15,A035250
2135,2020-09-03,21600,21650,21050,21100,643605,13756119950,-1.17,-353935500.0,221527450.0,5944822650.0,-5812414600.0,512.0,643605.0,0.08,A035250
2136,2020-09-04,20750,20950,20650,20800,656489,13675510800,-1.42,-995158200.0,4116800.0,6297318350.0,-5306276950.0,420.0,656489.0,0.06,A035250
2137,2020-09-07,20850,21400,20700,21250,473972,10008130050,2.16,760492750.0,1277050.0,203405000.0,-965174800.0,156.0,473972.0,0.03,A035250
2138,2020-09-08,21250,21600,21100,21450,510340,10964659000,0.94,1317157450.0,24571000.0,-18269550.0,-1323458900.0,813.0,510340.0,0.16,A035250
2139,2020-09-09,21150,21400,21100,21100,424018,8985672900,-1.63,-1823112500.0,85968500.0,2118960350.0,-381816350.0,518.0,424018.0,0.12,A035250
2140,2020-09-10,21150,21350,21050,21050,438466,9276529850,-0.24,-1165583450.0,19299750.0,1700536150.0,-554252450.0,1237.0,438466.0,0.28,A035250
2141,2020-09-11,21050,21200,20950,21150,291669,6141395200,0.48,-644001800.0,-51371550.0,2129069350.0,-1433696000.0,820.0,291669.0,0.28,A035250
2142,2020-09-14,21300,21600,21200,21250,549516,11769773650,0.47,517719400.0,-219725000.0,1874498800.0,-2172493200.0,722.0,549516.0,0.13,A035250
2143,2020-09-15,21300,21350,21050,21250,475053,10058802200,0.0,-1970502600.0,45998100.0,4982385950.0,-3057881450.0,116.0,475053.0,0.02,A035250
2144,2020-09-16,21250,21550,21200,21500,515478,11058324550,1.18,397604350.0,15337450.0,-951171150.0,538229350.0,1086.0,515478.0,0.21,A035250
2145,2020-09-17,21500,21800,21150,21650,593828,12753541250,0.7,1479872100.0,-33013700.0,-904813250.0,-542045150.0,610.0,593828.0,0.1,A035250
2146,2020-09-18,21650,21650,21300,21300,466607,9990408850,-1.62,2138712800.0,-1761100.0,2536104350.0,-4673056050.0,190.0,466607.0,0.04,A035250
2147,2020-09-21,21200,21500,21150,21200,488048,10412554200,-0.47,2194013000.0,6450000.0,1499212250.0,-3699675250.0,146.0,488048.0,0.03,A035250
2148,2020-09-22,21200,21200,20900,20950,536304,11269409950,-1.18,-148896500.0,2159350.0,2046473900.0,-1899736750.0,198.0,536304.0,0.04,A035250
2149,2020-09-23,20950,21400,20900,21100,470892,9938928350,0.72,267073000.0,-2193150.0,-473880050.0,209000200.0,10.0,470892.0,0.0,A035250
2150,2020-09-24,20900,21000,20600,20600,682750,14163948650,-2.37,1538792100.0,19689600.0,140038300.0,-1698520000.0,442.0,682750.0,0.06,A035250
2151,2020-09-25,20650,21050,20600,20800,446567,9293912700,0.97,1396372600.0,131348750.0,-1044938450.0,-482782900.0,9.0,446567.0,0.0,A035250
2152,2020-09-28,20900,21500,20900,21400,461473,9843898350,2.88,371218550.0,3336550.0,-2976465550.0,2601910450.0,13.0,461473.0,0.0,A035250
2153,2020-09-29,21600,21750,21500,21500,597275,12899800100,0.47,3448361450.0,-4694700.0,-1548542300.0,-1895124450.0,1971.0,597275.0,0.33,A035250
2154,2020-10-05,21450,21750,21300,21500,447237,9653530700,0.0,206210100.0,-20163600.0,938314150.0,-1124360650.0,124.0,447237.0,0.03,A035250
2155,2020-10-06,21500,21700,21300,21300,328088,7052852450,-0.93,-738322700.0,-24877600.0,822906400.0,-59706100.0,427.0,328088.0,0.13,A035250
2156,2020-10-07,21350,21600,21100,21500,265888,5696587100,0.94,1013406000.0,21200.0,-764431750.0,-248995450.0,81.0,265888.0,0.03,A035250
2157,2020-10-08,21650,21900,21400,21800,577251,12503101300,1.4,-1876278750.0,3717300.0,1379891250.0,492670200.0,285.0,577251.0,0.05,A035250
2158,2020-10-12,22400,23500,22100,23400,2848581,65672751350,7.34,15972045050.0,-133598600.0,-17842735350.0,2004288900.0,23.0,2848581.0,0.0,A035250
2159,2020-10-13,23400,23450,22500,23000,1087013,24843206150,-1.71,2401285900.0,-38063050.0,1161762200.0,-3524985050.0,47.0,1087013.0,0.0,A035250
2160,2020-10-14,22700,23000,22400,22550,668122,15119344250,-1.96,219967550.0,-21820100.0,1090900000.0,-1289047450.0,400.0,668122.0,0.06,A035250
2161,2020-10-15,22450,22500,22000,22000,546704,12112274950,-2.44,-234448500.0,77156600.0,3212975650.0,-3055683750.0,295.0,546704.0,0.05,A035250
2162,2020-10-16,22100,22250,21800,22050,529550,11627643300,0.23,2296896400.0,12062900.0,2375200500.0,-4684159800.0,512.0,529550.0,0.1,A035250
2163,2020-10-19,22250,22900,22150,22400,681830,15390870150,1.59,3156513050.0,569484400.0,-2117789700.0,-1608207750.0,0.0,681830.0,0.0,A035250
2164,2020-10-20,22200,22600,22050,22500,454645,10142830050,0.45,1729351750.0,178599300.0,4674750.0,-1912625800.0,787.0,454645.0,0.17,A035250
2165,2020-10-21,22500,23200,22350,23150,846720,19461925550,2.89,6099988200.0,11093950.0,-5748787400.0,-362294750.0,3.0,846720.0,0.0,A035250
2166,2020-10-22,23050,23050,22600,22900,486609,11075884050,-1.08,654459650.0,258061900.0,1976194100.0,-2888715650.0,7.0,486609.0,0.0,A035250
2167,2020-10-23,23150,23150,22650,22950,459889,10543280250,0.22,2465640700.0,230033000.0,-2952150300.0,256476600.0,1.0,459889.0,0.0,A035250
2168,2020-10-26,22800,22800,22400,22550,423360,9561000000,-1.74,-673985900.0,318977200.0,1028428700.0,-673420000.0,32.0,423360.0,0.01,A035250
2169,2020-10-27,22300,22800,22100,22550,506863,11451167450,0.0,2529906900.0,147929300.0,-2568796200.0,-109040000.0,53.0,506863.0,0.01,A035250
2170,2020-10-28,22300,22700,22250,22550,235708,5298294800,0.0,-435454350.0,211273700.0,523422500.0,-299241850.0,181.0,235708.0,0.08,A035250
2171,2020-10-29,22250,22300,21650,21800,670469,14674376700,-3.33,-4537635100.0,163751000.0,8568386000.0,-4194501900.0,837.0,670469.0,0.12,A035250
2172,2020-10-30,21850,21850,21050,21100,687750,14669598850,-3.21,-2097308800.0,154242600.0,6657327350.0,-4714261150.0,1903.0,687750.0,0.28,A035250
2173,2020-11-02,21200,21450,21150,21200,357297,7612238750,0.47,-924085650.0,-70796650.0,2150107200.0,-1155224900.0,84.0,357297.0,0.02,A035250
2174,2020-11-03,21300,21900,21250,21650,337107,7298311550,2.12,1731328000.0,150334850.0,-1214821950.0,-666840900.0,350.0,337107.0,0.1,A035250
2175,2020-11-04,21850,21900,21500,21650,402787,8740383950,0.0,526208650.0,33936800.0,549819300.0,-1109964750.0,241.0,402787.0,0.06,A035250
2176,2020-11-05,21700,21850,21550,21800,489014,10609918750,0.69,-2505737100.0,63865250.0,1463236850.0,978635000.0,104.0,489014.0,0.02,A035250
2177,2020-11-06,21750,21800,21350,21450,622906,13415778800,-1.61,-2332883350.0,-40737100.0,5343177100.0,-2969556650.0,138.0,622906.0,0.02,A035250
2178,2020-11-09,21450,21650,21300,21500,623515,13407270750,0.23,-116957450.0,247130400.0,2965533450.0,-3095706400.0,0.0,623515.0,0.0,A035250
2179,2020-11-10,23450,23450,22200,22300,2506377,56748829900,3.72,3099562850.0,-368118750.0,6576215500.0,-9307659600.0,0.0,2506377.0,0.0,A035250
2180,2020-11-11,22300,23500,22200,23450,2233904,51698794650,5.16,9103454650.0,-82171000.0,-20046590050.0,11025306400.0,0.0,2233904.0,0.0,A035250
2181,2020-11-12,23050,23300,22700,23000,1008597,23187752400,-1.92,-1410755450.0,-610787100.0,2355854250.0,-334311700.0,498.0,1008597.0,0.05,A035250
2182,2020-11-13,22750,22900,22350,22400,764532,17235800600,-2.61,-966443850.0,-126416050.0,4292131400.0,-3199271500.0,940.0,764532.0,0.12,A035250
2183,2020-11-16,22300,22600,22100,22450,1066616,23826563900,0.22,-764594700.0,75308950.0,2685202150.0,-1995916400.0,300.0,1066616.0,0.03,A035250
2184,2020-11-17,22950,23000,22550,22850,1011621,23069814800,1.78,220892000.0,59247000.0,1233033300.0,-1513172300.0,454.0,1011621.0,0.04,A035250
2185,2020-11-18,22650,23000,22600,22850,840172,19179849100,0.0,3225041200.0,-109756700.0,-1999600650.0,-1115683850.0,497.0,840172.0,0.06,A035250
2186,2020-11-19,22850,22850,22500,22650,558827,12644585500,-0.88,498227900.0,-11188100.0,3053403650.0,-3540443450.0,168.0,558827.0,0.03,A035250
2187,2020-11-20,22650,23300,22650,23100,1055098,24337172550,1.99,919252350.0,147116100.0,-6283262800.0,5216894350.0,3395.0,1055098.0,0.32,A035250
2188,2020-11-23,22850,23150,22600,22800,986953,22602252950,-1.3,1771559600.0,103306750.0,2914956050.0,-4789822400.0,3777.0,986953.0,0.38,A035250
2189,2020-11-24,23000,23400,23000,23250,972761,22524146550,1.97,-1808049550.0,122534150.0,2735766250.0,-1050250850.0,275.0,972761.0,0.03,A035250
2190,2020-11-25,23400,24350,23350,23900,2138251,51097722200,2.8,8067823150.0,-38898300.0,-10533869050.0,2504944200.0,580.0,2138251.0,0.03,A035250
2191,2020-11-26,23850,23850,23100,23100,1111794,25919681150,-3.35,-1711963650.0,112810100.0,10145730650.0,-8546577100.0,1834.0,1111794.0,0.16,A035250
2192,2020-11-27,23150,23300,22900,23200,612106,14154249250,0.43,-438945850.0,-96557000.0,2738787000.0,-2203284150.0,1118.0,612106.0,0.18,A035250
2193,2020-11-30,23200,23450,22450,22450,1926668,43810509800,-3.23,2686268050.0,-95659700.0,14095257250.0,-16685865600.0,3416.0,1926668.0,0.18,A035250
2194,2020-12-01,22850,23250,22650,23150,795114,18394477750,3.12,2837906150.0,59211700.0,-2235036200.0,-662081650.0,3223.0,795114.0,0.41,A035250
2195,2020-12-02,23200,23900,23150,23850,1303533,30909538050,3.02,1801019650.0,299709800.0,-3637326800.0,1536597350.0,133.0,1303533.0,0.01,A035250
2196,2020-12-03,24150,24300,23650,23750,1058324,25234697950,-0.42,-931325650.0,-59719600.0,9578457900.0,-8587412650.0,962.0,1058324.0,0.09,A035250
2197,2020-12-04,23650,23850,23400,23550,908366,21403471600,-0.84,-1016480250.0,170736750.0,1649536400.0,-803792900.0,1207.0,908366.0,0.13,A035250
2198,2020-12-07,23050,23550,22950,23550,725700,16871235250,0.0,-2031463150.0,-68050300.0,-783773500.0,2883286950.0,476.0,725700.0,0.07,A035250
2199,2020-12-08,23150,23500,23150,23250,620425,14457804950,-1.27,26336600.0,1185800.0,3250923500.0,-3278445900.0,2259.0,620425.0,0.36,A035250
2200,2020-12-09,23350,23900,23350,23700,796430,18847841200,1.94,1836902300.0,-42301950.0,-1442053100.0,-352547250.0,718.0,796430.0,0.09,A035250
2201,2020-12-10,23650,23950,23400,23700,1011230,24001735550,0.0,1581930300.0,-11478450.0,1208680950.0,-2779132800.0,6303.0,1011230.0,0.62,A035250
2202,2020-12-11,23900,24250,23850,23950,980342,23557156550,1.05,1228505550.0,144812150.0,1341278150.0,-2714595850.0,2318.0,980342.0,0.24,A035250
2203,2020-12-14,23600,23950,23450,23800,761907,18071003050,-0.63,-1842069100.0,185086600.0,-587300400.0,2244282900.0,1854.0,761907.0,0.24,A035250
2204,2020-12-15,23650,23800,23550,23750,565274,13374501400,-0.21,-387756800.0,7090000.0,669483300.0,-288816500.0,540.0,565274.0,0.1,A035250
2205,2020-12-16,23750,23850,23400,23400,743614,17531403400,-1.47,636801250.0,115845100.0,1517440800.0,-2270087150.0,680.0,743614.0,0.09,A035250
2206,2020-12-17,23500,23500,23100,23100,822394,19105856450,-1.28,-953960450.0,148864600.0,5029284300.0,-4224188450.0,257.0,822394.0,0.03,A035250
2207,2020-12-18,23100,23400,23000,23200,655812,15244785650,0.43,-2112143300.0,80783900.0,2087820900.0,-56461500.0,327.0,655812.0,0.05,A035250
2208,2020-12-21,23250,23350,22900,23300,500334,11550592150,0.43,195970800.0,-179263750.0,2008233900.0,-2024940950.0,227.0,500334.0,0.05,A035250
2209,2020-12-22,23100,23300,22800,22900,867030,19985898250,-1.72,-4009262050.0,766346450.0,4451094000.0,-1208178400.0,203.0,867030.0,0.02,A035250
2210,2020-12-23,22900,22950,22700,22750,633997,14450412250,-0.66,-619744500.0,96433600.0,3314070900.0,-2790760000.0,1165.0,633997.0,0.18,A035250
2211,2020-12-24,22850,23100,22800,23100,548372,12616326700,1.54,1230197600.0,-660483300.0,-369017550.0,-200696750.0,99.0,548372.0,0.02,A035250
2212,2020-12-28,23200,23350,22900,23150,971476,22404204550,0.22,-1634449200.0,-80176900.0,4312253400.0,-2597627300.0,72.0,971476.0,0.01,A035250
2213,2020-12-29,23000,23500,22850,23450,706736,16389966300,1.3,-2726895500.0,-22415250.0,773739300.0,1975571450.0,407.0,706736.0,0.06,A035250
2214,2020-12-30,23450,23600,23250,23500,661902,15519143000,0.21,545634300.0,-92386000.0,1292234900.0,-1745483200.0,312.0,661902.0,0.05,A035250
2215,2021-01-04,23500,23550,23150,23350,839113,19589886200,-0.64,-2808321800.0,22629350.0,3657049150.0,-871356700.0,49.0,839113.0,0.01,A035250
2216,2021-01-05,23200,23500,23100,23450,754791,17539703750,0.43,-2587658550.0,36083200.0,1997588250.0,553987100.0,328.0,754791.0,0.04,A035250
2217,2021-01-06,23500,23600,23250,23450,769397,17998263800,0.0,-3740296100.0,151516550.0,3359730000.0,229049550.0,302.0,769397.0,0.04,A035250
2218,2021-01-07,23500,23650,23400,23400,952432,22405716600,-0.21,681364200.0,-53708450.0,883404550.0,-1511060300.0,395.0,952432.0,0.04,A035250
2219,2021-01-08,23450,24100,23300,24000,1589919,37790667200,2.56,-156336900.0,332193500.0,-5245067950.0,5069211350.0,69.0,1589919.0,0.0,A035250
2220,2021-01-11,24350,24350,23550,23700,1512950,36039073150,-1.25,-5880037600.0,-327607900.0,6480224250.0,-272578750.0,323.0,1512950.0,0.02,A035250
2221,2021-01-12,23800,24950,23550,24900,2679231,65539204100,5.06,1196103800.0,300561150.0,-17762809700.0,16266144750.0,326.0,2679231.0,0.01,A035250
2222,2021-01-13,25000,25150,24600,24900,1159340,28826020600,0.0,583975550.0,77214950.0,1386698550.0,-2047889050.0,648.0,1159340.0,0.06,A035250
2223,2021-01-14,25000,26250,24950,25650,2074041,53251015650,3.01,4644315350.0,-333102750.0,-758726150.0,-3552486450.0,1962.0,2074041.0,0.09,A035250
2224,2021-01-15,25850,26150,25100,25200,1217704,31090099450,-1.75,-826286400.0,15650.0,3985729200.0,-3159458450.0,3629.0,1217704.0,0.3,A035250
2225,2021-01-18,24750,25200,24300,24350,1052458,25984474450,-3.37,-172469350.0,-48548350.0,-340045100.0,561062800.0,572.0,1052458.0,0.05,A035250
2226,2021-01-19,24550,24950,24500,24600,871369,21504100950,1.03,-1324454800.0,-15728850.0,554510900.0,785672750.0,13.0,871369.0,0.0,A035250
2227,2021-01-20,24700,24700,24100,24450,712357,17355863850,-0.61,-2171184650.0,-33725900.0,3546401900.0,-1341491350.0,545.0,712357.0,0.08,A035250
2228,2021-01-21,24450,24650,24300,24400,599389,14649204550,-0.2,-2292899150.0,81593000.0,1253028950.0,958277200.0,578.0,599389.0,0.1,A035250
2229,2021-01-22,24400,25500,24150,25300,1619766,40706593600,3.69,593231150.0,-35982450.0,-4766942600.0,4209693900.0,503.0,1619766.0,0.03,A035250
2230,2021-01-25,25400,25750,25300,25400,904949,23082342700,0.4,-644342450.0,-111282150.0,1828663150.0,-1073038550.0,1170.0,904949.0,0.13,A035250
2231,2021-01-26,25450,25450,24650,24750,1021652,25448932050,-2.56,-7936943100.0,-199199600.0,11880026250.0,-3743883550.0,2656.0,1021652.0,0.26,A035250
2232,2021-01-27,24800,25050,24550,24600,644841,15926434250,-0.61,-1175469350.0,61700000.0,3154695550.0,-2040926200.0,1897.0,644841.0,0.29,A035250
2233,2021-01-28,24200,24350,23900,23900,850588,20444104950,-2.85,-1755731350.0,90238450.0,5682502450.0,-4017009550.0,3537.0,850588.0,0.42,A035250
2234,2021-01-29,24000,24200,23150,23550,1091497,25794817800,-1.46,-591061250.0,41528750.0,3976140200.0,-3426607700.0,4874.0,1091497.0,0.45,A035250
2235,2021-02-01,23250,23700,23150,23600,647942,15241217200,0.21,224463350.0,-485198600.0,1366766400.0,-1106031150.0,570.0,647942.0,0.09,A035250
2236,2021-02-02,23700,24300,23650,23800,569506,13642142550,0.85,762160500.0,4061000.0,-867102950.0,100881450.0,3416.0,569506.0,0.6,A035250
2237,2021-02-03,24000,24150,23700,24000,497140,11896829150,0.84,-883990400.0,18043400.0,2366906750.0,-1500959750.0,5.0,497140.0,0.0,A035250
2238,2021-02-04,23900,23950,23600,23800,542965,12901000150,-0.83,-4520185800.0,95013500.0,5192664550.0,-767492250.0,1330.0,542965.0,0.24,A035250
2239,2021-02-05,23900,24100,23850,23900,493998,11819535950,0.42,1424612600.0,33869000.0,852980300.0,-2311461900.0,1887.0,493998.0,0.38,A035250
2240,2021-02-08,24050,24800,23950,24400,893050,21763376950,2.09,1531533850.0,126989600.0,-1366090000.0,-292433450.0,607.0,893050.0,0.07,A035250
2241,2021-02-09,24600,24850,24450,24550,675159,16670307900,0.61,1599473300.0,-215104800.0,-1797350900.0,412982400.0,879.0,675159.0,0.13,A035250
2242,2021-02-10,24550,24600,24200,24450,663649,16190712400,-0.41,-1340547750.0,187059350.0,2638300400.0,-1484812000.0,412.0,663649.0,0.06,A035250
2243,2021-02-15,25000,25200,24600,24650,1037699,25793689950,0.82,-3495156900.0,802163500.0,3742297450.0,-1049304050.0,139.0,1037699.0,0.01,A035250
2244,2021-02-16,24900,25200,24600,25150,950174,23685290250,2.03,2476074900.0,362602750.0,-1979589250.0,-859088400.0,480.0,950174.0,0.05,A035250
2245,2021-02-17,24900,24950,24600,24700,1226203,30299298085,-1.79,-2418583100.0,-37940500.0,5342501400.0,-2885977800.0,1829.0,1226203.0,0.15,A035250
2246,2021-02-18,24650,24700,24300,24450,853321,20865767000,-1.01,-2151155050.0,179921900.0,3466440000.0,-1495206850.0,1700.0,853321.0,0.2,A035250
2247,2021-02-19,24400,24550,24050,24450,574737,13964502650,0.0,-1178927300.0,-115630100.0,1804847700.0,-510290300.0,4124.0,574737.0,0.72,A035250
2248,2021-02-22,24550,25100,24500,24600,790419,19577488700,0.61,-811418350.0,-51414450.0,-97805100.0,960637900.0,228.0,790419.0,0.03,A035250
2249,2021-02-23,24900,25400,24600,25300,1726971,43342818000,2.85,3744750250.0,155871350.0,-6023095900.0,2122474300.0,310.0,1726971.0,0.02,A035250
2250,2021-02-24,25350,25650,24500,24600,2192468,54920954850,-2.77,-6677389350.0,-220040750.0,10386883450.0,-3489453350.0,0.0,2192468.0,0.0,A035250
2251,2021-02-25,24950,24950,24550,24800,931456,23066425000,0.81,-787129000.0,524344250.0,1609643100.0,-1346858350.0,0.0,931456.0,0.0,A035250
2252,2021-02-26,24200,24400,24050,24200,1474540,35665537250,-2.42,-3332252400.0,141053500.0,10100976750.0,-6909777850.0,2019.0,1474540.0,0.14,A035250
2253,2021-03-02,24500,24550,24050,24250,916786,22272585800,0.21,-978383200.0,-371261100.0,764684250.0,584960050.0,375.0,916786.0,0.04,A035250
2254,2021-03-03,24200,25100,24150,25000,1155803,28623325700,3.09,1164638050.0,-156373000.0,-11119497150.0,10111232100.0,26.0,1155803.0,0.0,A035250
2255,2021-03-04,24600,26200,24550,26100,3434034,88702055700,4.4,6347705300.0,-74335950.0,-30570919100.0,24297549750.0,368.0,3434034.0,0.01,A035250
2256,2021-03-05,26100,26500,25600,26200,1803161,47019653550,0.38,1773908950.0,27593500.0,5115317950.0,-6916820400.0,736.0,1803161.0,0.04,A035250
2257,2021-03-08,26200,26350,25650,25800,821263,21301271800,-1.53,880279450.0,103272800.0,313531150.0,-1297083400.0,37.0,821263.0,0.0,A035250
2258,2021-03-09,26050,26450,25350,25750,1229957,31829827800,-0.19,3964412000.0,-81742350.0,12790700.0,-3895460350.0,0.0,1229957.0,0.0,A035250
2259,2021-03-10,25800,26200,25500,25750,692033,17875550350,0.0,-173185050.0,-150126050.0,-723700350.0,1047011450.0,46.0,692033.0,0.01,A035250
2260,2021-03-11,25750,25950,25200,25550,1172740,29894844650,-0.78,-3082710500.0,13930150.0,3749670750.0,-680890400.0,16.0,1172740.0,0.0,A035250
2261,2021-03-12,25750,25750,25500,25500,761764,19492500950,-0.2,691603100.0,165633150.0,1883450900.0,-2740687150.0,2402.0,761764.0,0.32,A035250
2262,2021-03-15,25550,26000,25400,25900,610289,15761240250,1.57,-407588900.0,348236000.0,-856084700.0,915437600.0,1953.0,610289.0,0.32,A035250
2263,2021-03-16,26100,26900,26050,26850,1465887,39040463200,3.67,6461254850.0,150095350.0,-12563298400.0,5951948200.0,36.0,1465887.0,0.0,A035250
2264,2021-03-17,26600,27300,26600,27050,1022937,27573464600,0.74,2786728750.0,48401550.0,-4691764500.0,1856634200.0,1986.0,1022937.0,0.19,A035250
2265,2021-03-18,27350,27400,26700,26750,839121,22669755050,-1.11,2156660350.0,-73241550.0,2193942650.0,-4277361450.0,373.0,839121.0,0.04,A035250
2266,2021-03-19,26450,26800,26200,26500,992719,26359012550,-0.93,2141197750.0,114150000.0,5208417650.0,-7463765400.0,1609.0,992719.0,0.16,A035250
2267,2021-03-22,26550,27050,26500,27000,727290,19500328150,1.89,3888187350.0,121749700.0,-1211842050.0,-2798095000.0,368.0,727290.0,0.05,A035250
2268,2021-03-23,27100,27300,26700,26850,746026,20119393100,-0.56,2469915050.0,-62564100.0,-489534950.0,-1917816000.0,437.0,746026.0,0.06,A035250
2269,2021-03-24,26400,26500,26050,26300,883249,23232831350,-2.05,-1551053850.0,240830500.0,6495945500.0,-5185722150.0,0.0,883249.0,0.0,A035250
2270,2021-03-25,26100,26500,26100,26300,468499,12325743600,0.0,453337100.0,-88614350.0,1627181350.0,-1991904100.0,173.0,468499.0,0.04,A035250
2271,2021-03-26,26350,26450,26150,26200,475966,12492925100,-0.38,491922550.0,1261800.0,2366578000.0,-2859762350.0,0.0,475966.0,0.0,A035250
2272,2021-03-29,26150,26200,25650,25700,768337,19803181550,-1.91,-3280581150.0,51741050.0,6614626450.0,-3385786350.0,927.0,768337.0,0.12,A035250
2273,2021-03-30,25700,25850,25300,25450,820286,20977616650,-0.97,-3521015750.0,136579850.0,8208073750.0,-4823637850.0,0.0,820286.0,0.0,A035250
2274,2021-03-31,25400,25600,25100,25300,731140,18521367400,-0.59,-1665635050.0,6851800.0,7821824800.0,-6163041550.0,736.0,731140.0,0.1,A035250
2275,2021-04-01,25300,25800,25250,25400,516010,13157115050,0.4,-1401165100.0,-31050.0,3466435200.0,-2065239050.0,317.0,516010.0,0.06,A035250
2276,2021-04-02,25400,25600,25250,25350,472383,12000687950,-0.2,-1466076600.0,56085550.0,2487198350.0,-1077207300.0,44.0,472383.0,0.01,A035250
2277,2021-04-05,25300,25350,25050,25350,520876,13099798000,0.0,-1656180050.0,-365827850.0,2284067500.0,-262059600.0,0.0,520876.0,0.0,A035250
2278,2021-04-06,25400,25600,25300,25500,462615,11764647500,0.59,-2509537000.0,207954300.0,2230024150.0,71558550.0,408.0,462615.0,0.09,A035250
2279,2021-04-07,25450,25600,25300,25600,436987,11123714100,0.39,-207710150.0,74253450.0,230526700.0,-97070000.0,755.0,436987.0,0.17,A035250
2280,2021-04-08,25350,25400,25150,25150,703444,17735076800,-1.76,-2581153900.0,51458800.0,6833396300.0,-4303701200.0,836.0,703444.0,0.12,A035250
2281,2021-04-09,25150,25200,24900,24950,616220,15396027350,-0.8,-1907612950.0,64907750.0,3410116800.0,-1567411600.0,736.0,616220.0,0.12,A035250
2282,2021-04-12,24900,24950,24650,24750,638181,15784606500,-0.8,-1781529350.0,-65182550.0,1734370900.0,112341000.0,53.0,638181.0,0.01,A035250
2283,2021-04-13,24850,25100,24700,25000,532749,13313443600,1.01,-257173000.0,23689300.0,1710626450.0,-1477142750.0,53.0,532749.0,0.01,A035250
2284,2021-04-14,24950,24950,24700,24750,661960,16405345450,-1.0,-1598558950.0,-97700700.0,6301611900.0,-4605352250.0,0.0,661960.0,0.0,A035250
2285,2021-04-15,24800,24850,24500,24500,704917,17338135550,-1.01,-4929864000.0,101760150.0,7505545500.0,-2677441650.0,204.0,704917.0,0.03,A035250
2286,2021-04-16,24550,24600,24300,24300,971572,23698173000,-0.82,-8279689700.0,127133500.0,14064969100.0,-5912412900.0,4.0,971572.0,0.0,A035250
2287,2021-04-19,24350,24800,24300,24700,566366,13946514200,1.65,-1013839600.0,-107053950.0,1612119950.0,-491226400.0,35.0,566366.0,0.01,A035250
2288,2021-04-20,24700,25100,24650,25000,703622,17586182150,1.21,933518050.0,-105340200.0,-1304854300.0,476676450.0,7.0,703622.0,0.0,A035250
2289,2021-04-21,24800,24850,24500,24550,548692,13512954950,-1.8,-2411080000.0,200643300.0,4929037700.0,-2718601000.0,1365.0,548692.0,0.25,A035250
2290,2021-04-22,24600,24700,24450,24500,472046,11593637150,-0.2,-2872149350.0,14047200.0,4819169300.0,-1961067150.0,184.0,472046.0,0.04,A035250
2291,2021-04-23,24400,24650,24300,24500,403898,9903736350,0.0,-534113200.0,-1475950.0,1262420150.0,-726831000.0,429.0,403898.0,0.11,A035250
2292,2021-04-26,24750,25150,24650,25000,688096,17137832900,2.04,-2698416950.0,256280050.0,1141787900.0,1300349000.0,220.0,688096.0,0.03,A035250
2293,2021-04-27,25100,25200,25000,25000,613663,15392947900,0.0,812307050.0,95722500.0,1957583300.0,-2865612850.0,559.0,613663.0,0.09,A035250
2294,2021-04-28,25000,25050,24600,24900,600006,14849231850,-0.4,-2947187550.0,-67659550.0,5721334700.0,-2706487600.0,184.0,600006.0,0.03,A035250
2295,2021-04-29,25000,25250,24800,24950,798269,19987606000,0.2,2347213500.0,101295600.0,1179080000.0,-3627589100.0,0.0,798269.0,0.0,A035250
2296,2021-04-30,25050,25700,24950,25300,1658612,42250857250,1.4,6742404800.0,-108929750.0,-8499860100.0,1866385050.0,83.0,1658612.0,0.01,A035250
2297,2021-05-03,25550,25650,25100,25150,1003048,25513235700,-0.59,2448936200.0,285130800.0,2792554600.0,-5526621600.0,131567.0,1003048.0,13.12,A035250
2298,2021-05-04,25200,25300,24700,25050,743057,18505785100,-0.4,506390050.0,1568674100.0,1784489450.0,-3859553600.0,83212.0,743057.0,11.2,A035250
2299,2021-05-06,25000,25400,24750,25300,749886,18868780650,1.0,1540757000.0,7681400.0,134543550.0,-1682981950.0,83750.0,749886.0,11.17,A035250
2300,2021-05-07,25450,25550,25150,25550,702572,17866888200,0.99,2848013200.0,-248566900.0,-1344721050.0,-1254725250.0,40354.0,702572.0,5.74,A035250
2301,2021-05-10,25600,26300,25550,26000,1481519,38567738100,1.76,4661226500.0,631510750.0,-10838203400.0,5545466150.0,22408.0,1481519.0,1.51,A035250
2302,2021-05-11,26050,26400,25900,26050,1315439,34338196250,0.19,1763001000.0,113865350.0,2069103650.0,-3945970000.0,102266.0,1315439.0,7.77,A035250
2303,2021-05-12,26150,26250,25400,25500,1436507,36845390500,-2.11,3799389800.0,235888550.0,10100947800.0,-14136226150.0,150035.0,1436507.0,10.44,A035250
2304,2021-05-13,25200,25900,25100,25600,1184805,30339446700,0.39,5578655450.0,43944300.0,1272152950.0,-6894752700.0,156727.0,1184805.0,13.23,A035250
2305,2021-05-14,25850,26100,25750,25950,929057,24083734050,1.37,5931525800.0,38615900.0,-1256652950.0,-4713488750.0,98225.0,929057.0,10.57,A035250
2306,2021-05-17,26100,26600,25800,26250,1494211,39272799650,1.16,5701850000.0,-38175000.0,-614026650.0,-5049648350.0,139858.0,1494211.0,9.36,A035250
2307,2021-05-18,26500,26600,26100,26300,983395,25889339800,0.19,3152331800.0,440879150.0,-797714900.0,-2795496050.0,152110.0,983395.0,15.47,A035250
2308,2021-05-20,26150,26600,26000,26000,964710,25239259450,-1.14,-3035264300.0,-51464800.0,5876379250.0,-2789650150.0,180376.0,964710.0,18.7,A035250
2309,2021-05-21,26000,26100,25600,25650,947653,24417108850,-1.35,159405750.0,513059600.0,4377676900.0,-5050142250.0,168196.0,947653.0,17.75,A035250
2310,2021-05-24,25550,25900,25500,25550,824065,21185004300,-0.39,2285758950.0,77470800.0,3402059450.0,-5765289200.0,176006.0,824065.0,21.36,A035250
2311,2021-05-25,25700,27250,25700,27250,3681876,98893737600,6.65,21844664600.0,20405100.0,-50091754300.0,28226684600.0,171829.0,3681876.0,4.67,A035250
2312,2021-05-26,27250,27850,26900,27850,2508193,69114203250,2.2,19972088150.0,-63778300.0,-9092244250.0,-10816065600.0,204749.0,2508193.0,8.16,A035250
2313,2021-05-27,27950,28600,27450,28300,3727393,104943058350,1.62,11953362150.0,-1476373000.0,-1315569350.0,-9161419800.0,246503.0,3727393.0,6.61,A035250
2314,2021-05-28,28300,28350,27700,27900,1142005,31885074200,-1.41,-197815100.0,395419650.0,3151191800.0,-3348796350.0,60093.0,1142005.0,5.26,A035250
2315,2021-05-31,27900,28950,27850,28750,1955273,55936324800,3.05,6650381150.0,-355604700.0,-9082974400.0,2788197950.0,111609.0,1955273.0,5.71,A035250
2316,2021-06-01,28950,29100,28400,28750,1204936,34486568900,0.0,1274709550.0,972040600.0,5250731250.0,-7497481400.0,48917.0,1204936.0,4.06,A035250
2317,2021-06-02,28900,29500,28600,29400,1163456,34072210900,2.26,3498640900.0,68168500.0,-8819812000.0,5253002600.0,21537.0,1163456.0,1.85,A035250
2318,2021-06-03,29500,29550,28950,29100,842677,24589091150,-1.02,1109856150.0,267218350.0,658032750.0,-2035107250.0,28898.0,842677.0,3.43,A035250
2319,2021-06-04,28800,28900,28200,28550,1216638,34661649700,-1.89,-5904074650.0,-411357700.0,2099985850.0,4215446500.0,43984.0,1216638.0,3.62,A035250
2320,2021-06-07,28450,28550,27900,28550,1121356,31600063000,0.0,-2364236450.0,-1623071200.0,1930890200.0,2056417450.0,49166.0,1121356.0,4.38,A035250
2321,2021-06-08,28550,29200,28400,28400,916075,26254525550,-0.53,27530650.0,76040850.0,1663030650.0,-1766602150.0,29355.0,916075.0,3.2,A035250
2322,2021-06-09,28350,28950,28300,28450,672598,19284346550,0.18,-207231600.0,76269200.0,-240993650.0,371956050.0,14069.0,672598.0,2.09,A035250
2323,2021-06-10,28850,29200,28300,28350,1256441,35992696500,-0.35,-7793878400.0,-237903600.0,7857647550.0,174134450.0,24475.0,1256441.0,1.95,A035250
2324,2021-06-11,28500,28650,28100,28200,809802,22924545950,-0.53,-5417024750.0,-95406550.0,6084280400.0,-571849100.0,74464.0,809802.0,9.2,A035250
2325,2021-06-14,28400,28700,28100,28150,607522,17166727250,-0.18,-2796617100.0,-38120500.0,5576758900.0,-2742021300.0,61154.0,607522.0,10.07,A035250
2326,2021-06-15,28200,28300,27900,28000,748250,20964411450,-0.53,-5370044250.0,219934550.0,6979178150.0,-1829068450.0,22620.0,748250.0,3.02,A035250
2327,2021-06-16,28100,28400,28000,28200,920455,25874179550,0.71,-315897350.0,-116946550.0,10232443800.0,-9799599900.0,58582.0,920455.0,6.36,A035250
2328,2021-06-17,28200,28350,27850,28150,696360,19580715250,-0.18,1709172250.0,-106984900.0,3176613300.0,-4778800650.0,24796.0,696360.0,3.56,A035250
2329,2021-06-18,28150,28200,27700,27700,957641,26694327450,-1.6,1448144300.0,-242871650.0,7781700300.0,-8986972950.0,13383.0,957641.0,1.4,A035250
2330,2021-06-21,27600,27650,27150,27400,989968,27122925350,-1.08,-4642413000.0,265013700.0,1996503600.0,2380895700.0,16990.0,989968.0,1.72,A035250
2331,2021-06-22,27750,28100,27550,27600,566563,15762059550,0.73,117232400.0,-207768200.0,470522700.0,-379986900.0,23208.0,566563.0,4.1,A035250
2332,2021-06-23,27600,27600,26800,27150,1087387,29526545500,-1.63,508586800.0,-238224000.0,4911162700.0,-5181525500.0,53721.0,1087387.0,4.94,A035250
2333,2021-06-24,26950,27450,26700,27100,1056792,28646103650,-0.18,2590603350.0,118852450.0,-235981400.0,-2473474400.0,23777.0,1056792.0,2.25,A035250
2334,2021-06-25,27100,27600,27050,27300,505959,13836710550,0.74,2035191900.0,616050.0,-158801450.0,-1877006500.0,9314.0,505959.0,1.84,A035250
2335,2021-06-28,27150,27300,26950,27150,498840,13535219000,-0.55,28955600.0,-6038300.0,1354113050.0,-1377030350.0,11953.0,498840.0,2.4,A035250
2336,2021-06-29,27050,27250,26900,27050,475620,12877018800,-0.37,-2143490000.0,-269705600.0,3928839850.0,-1515644250.0,33814.0,475620.0,7.11,A035250
2337,2021-06-30,27000,27050,26850,26900,496798,13380381300,-0.55,-2289017950.0,67438450.0,3073839650.0,-852260150.0,28904.0,496798.0,5.82,A035250
2338,2021-07-01,26950,27450,26850,26850,676997,18304459550,-0.19,-2245398400.0,338090700.0,4562953500.0,-2655645800.0,51402.0,676997.0,7.59,A035250
2339,2021-07-02,26800,27000,26700,26850,397200,10663933550,0.0,765624750.0,-13973850.0,2429539650.0,-3181190550.0,14361.0,397200.0,3.62,A035250
2340,2021-07-05,26950,27050,26650,27050,432909,11639088600,0.74,251725200.0,74287900.0,113069600.0,-439082700.0,1286.0,432909.0,0.3,A035250
2341,2021-07-06,27050,27500,27000,27300,616032,16830289250,0.92,4110237500.0,-131859300.0,-1413432550.0,-2564945650.0,42804.0,616032.0,6.95,A035250
2342,2021-07-07,26900,26950,26500,26550,1044152,27881061350,-2.75,-5499148100.0,113573000.0,9938151600.0,-4552576500.0,17299.0,1044152.0,1.66,A035250
2343,2021-07-08,26350,26450,25800,25850,1252304,32625632800,-2.64,-2060773000.0,-1444745650.0,5027971000.0,-1522452350.0,45808.0,1252304.0,3.66,A035250
2344,2021-07-09,25450,25700,25200,25450,1137338,28871835000,-1.55,-2137813600.0,-649870950.0,3476823300.0,-689138750.0,28735.0,1137338.0,2.53,A035250
2345,2021-07-12,25600,26000,25550,25800,593107,15289413550,1.38,699180150.0,32448850.0,-1791249500.0,1059620500.0,15181.0,593107.0,2.56,A035250
2346,2021-07-13,25900,26250,25850,26150,836916,21846491150,1.36,2122974400.0,73666500.0,1116081100.0,-3312722000.0,33547.0,836916.0,4.01,A035250
2347,2021-07-14,25850,25950,25600,25650,700416,18016260050,-1.91,-6361695950.0,13879400.0,7397006650.0,-1049190100.0,14029.0,700416.0,2.0,A035250
2348,2021-07-15,25750,26100,25600,26000,548648,14207380300,1.36,3293918200.0,-229260000.0,-250832850.0,-2813825350.0,34825.0,548648.0,6.35,A035250
2349,2021-07-16,25800,25950,25700,25900,547979,14149125250,-0.38,440880100.0,110965400.0,4468064800.0,-5019910300.0,32352.0,547979.0,5.9,A035250
2350,2021-07-19,25650,25700,25550,25600,866361,22184383450,-1.16,-1589329450.0,1091646650.0,7289138300.0,-6791455500.0,46377.0,866361.0,5.35,A035250
2351,2021-07-20,25300,25700,25250,25500,517130,13190407100,-0.39,1953119350.0,108770650.0,442672100.0,-2504562100.0,8904.0,517130.0,1.72,A035250
2352,2021-07-21,25800,25850,25500,25500,542301,13883299250,0.0,741124650.0,268946400.0,4459887750.0,-5469958800.0,17365.0,542301.0,3.2,A035250
2353,2021-07-22,25700,26300,25650,26100,909870,23761260100,2.35,6587829250.0,28003450.0,-3398609850.0,-3217222850.0,38909.0,909870.0,4.28,A035250
2354,2021-07-23,26300,26300,25950,26100,411096,10716146100,0.0,1123731450.0,-27771300.0,1701499300.0,-2797459450.0,11138.0,411096.0,2.71,A035250
2355,2021-07-26,26000,26050,25650,25700,447754,11538019050,-1.53,-783164950.0,-46171700.0,2161448150.0,-1332111500.0,19120.0,447754.0,4.27,A035250
2356,2021-07-27,25850,26200,25850,26000,401249,10439940300,1.17,1914271450.0,-59402800.0,-994585800.0,-860282850.0,32648.0,401249.0,8.14,A035250
2357,2021-07-28,25950,26100,25750,25950,314301,8154876750,-0.19,787379400.0,-276971750.0,674020200.0,-1184427850.0,43681.0,314301.0,13.9,A035250
2358,2021-07-29,26000,26400,26000,26150,500968,13144436750,0.77,1160013550.0,218996550.0,160956000.0,-1539966100.0,50666.0,500968.0,10.11,A035250
2359,2021-07-30,26050,26200,25850,25900,513705,13344462800,-0.96,208449400.0,-17515800.0,-760612100.0,569678500.0,14726.0,513705.0,2.87,A035250
2360,2021-08-02,26150,26350,26000,26150,388859,10180608550,0.97,1354888200.0,45798450.0,169510000.0,-1570196650.0,27356.0,388859.0,7.03,A035250
2361,2021-08-03,26100,26350,26000,26250,520966,13620374350,0.38,-976029200.0,-77504000.0,4954442500.0,-3900909300.0,88806.0,520966.0,17.05,A035250
2362,2021-08-04,26250,27050,26150,26950,1138185,30415121850,2.67,8098374950.0,17998550.0,-10123091900.0,2006718400.0,64717.0,1138185.0,5.69,A035250
2363,2021-08-05,26900,27250,26650,26950,786351,21281925900,0.0,2541182100.0,-771620950.0,-3723678350.0,1954117200.0,52740.0,786351.0,6.71,A035250
2364,2021-08-06,27300,27300,26750,27200,700512,18977323450,0.93,2818658850.0,412871800.0,-472064750.0,-2759465900.0,86541.0,700512.0,12.35,A035250
2365,2021-08-09,26900,27150,26850,27100,476587,12846199250,-0.37,-930362450.0,528900.0,1351990700.0,-422157150.0,33987.0,476587.0,7.13,A035250
2366,2021-08-10,27100,27100,26500,26800,523411,14009063700,-1.11,-1168403800.0,-13322850.0,2932196550.0,-1750469900.0,51843.0,523411.0,9.9,A035250
2367,2021-08-11,27250,28000,27000,27650,2585508,71531912700,3.17,14088899400.0,541348550.0,-37759549600.0,23129301650.0,30909.0,2585508.0,1.2,A035250
2368,2021-08-12,27600,27900,27100,27300,1086392,29871166500,-1.27,-4049004800.0,-55294150.0,-2170048350.0,6274347300.0,49958.0,1086392.0,4.6,A035250
2369,2021-08-13,27350,27450,26500,26750,1077929,28889630100,-2.01,-3483896700.0,2899800.0,696634000.0,2784362900.0,17391.0,1077929.0,1.61,A035250
2370,2021-08-17,26400,26750,26000,26050,1040049,27301468850,-2.62,-3334980850.0,257562300.0,2719462350.0,357956200.0,45822.0,1040049.0,4.41,A035250
2371,2021-08-18,26100,26450,26050,26400,461834,12110349250,1.34,581015000.0,-250441300.0,1319360500.0,-1649934200.0,22102.0,461834.0,4.79,A035250
2372,2021-08-19,26050,26150,25250,25350,1256604,32147472900,-3.98,-2095014350.0,-199658400.0,11541915200.0,-9247242450.0,51597.0,1256604.0,4.11,A035250
2373,2021-08-20,25500,25650,25100,25300,748315,18989002900,-0.2,740338500.0,357120000.0,518339450.0,-1615797950.0,44739.0,748315.0,5.98,A035250
2374,2021-08-23,25700,26300,25550,26150,623130,16182501900,3.36,1723247000.0,-559615600.0,-2830813200.0,1667181800.0,45155.0,623130.0,7.25,A035250
2375,2021-08-24,26450,27250,26350,26950,1022886,27543587900,3.06,5685674150.0,65974600.0,-12221813250.0,6470164500.0,77115.0,1022886.0,7.54,A035250
2376,2021-08-25,27150,27400,26800,27300,1069788,29087918600,1.3,5080630700.0,-529925100.0,-10855302100.0,6304596500.0,87841.0,1069788.0,8.21,A035250
2377,2021-08-26,27400,27850,27050,27350,901185,24730435800,0.18,900035400.0,325325800.0,-3447325900.0,2221964700.0,39451.0,901185.0,4.38,A035250
2378,2021-08-27,27150,27450,26850,27250,629677,17114799650,-0.37,1830141600.0,8644300.0,-1817122200.0,-21663700.0,23837.0,629677.0,3.79,A035250
2379,2021-08-30,27650,27900,27500,27700,740703,20554237450,1.65,2766954300.0,213741250.0,-4946621850.0,1965926300.0,15969.0,740703.0,2.16,A035250
2380,2021-08-31,27800,27850,27200,27700,1025277,28281698050,0.0,-890549750.0,-446411350.0,-320885650.0,1657846750.0,32093.0,1025277.0,3.13,A035250
2381,2021-09-01,27550,28200,27500,27950,966757,27026656850,0.9,7082004800.0,167225550.0,-7890937200.0,641706850.0,68449.0,966757.0,7.08,A035250
2382,2021-09-02,28000,28450,27850,28300,1371196,38697621600,1.25,4503568450.0,-9738900.0,-10271823900.0,5777994350.0,29652.0,1371196.0,2.16,A035250
2383,2021-09-03,28600,28700,28200,28350,982207,27861518800,0.18,2685913700.0,-202663300.0,1987075850.0,-4470326250.0,20492.0,982207.0,2.09,A035250
2384,2021-09-06,28450,28550,27900,28150,887456,24905902150,-0.71,-944594000.0,361924800.0,1588911950.0,-1006242750.0,6474.0,887456.0,0.73,A035250
2385,2021-09-07,28000,28400,27650,28350,870492,24414269900,0.71,2588997750.0,169134350.0,-4427370300.0,1669238200.0,7945.0,870492.0,0.91,A035250
2386,2021-09-08,28250,28550,28050,28450,789717,22405660900,0.35,4568988200.0,167952250.0,-6110512600.0,1373572150.0,40751.0,789717.0,5.16,A035250
2387,2021-09-09,28350,28350,27550,27650,1212864,33729566700,-2.81,-3950083700.0,-140904100.0,4931121700.0,-840133900.0,4367.0,1212864.0,0.36,A035250
2388,2021-09-10,27650,28250,27650,28050,643008,17998220700,1.45,1927143200.0,-270441550.0,-3767298700.0,2110597050.0,5930.0,643008.0,0.92,A035250
2389,2021-09-13,27900,28050,27450,27900,614700,17086808500,-0.53,1196001300.0,-653825800.0,162452450.0,-704627950.0,9538.0,614700.0,1.55,A035250
2390,2021-09-14,27950,28600,27900,28100,988939,28008457250,0.72,2461311200.0,175971850.0,294798700.0,-2932081750.0,19204.0,988939.0,1.94,A035250
2391,2021-09-15,28200,28700,27850,28200,832785,23622109400,0.36,-526645100.0,-82797400.0,393439250.0,216003250.0,32617.0,832785.0,3.92,A035250
2392,2021-09-16,28300,28400,27950,28200,569660,16037277900,0.0,2075306300.0,-6604800.0,1099535400.0,-3168236900.0,40203.0,569660.0,7.06,A035250
2393,2021-09-17,28200,28750,28000,28350,1003756,28438213100,0.53,-545983600.0,32259900.0,5066120550.0,-4552396850.0,57438.0,1003756.0,5.72,A035250
2394,2021-09-23,28000,28450,27800,28400,658041,18593897300,0.18,1077545200.0,-13524900.0,-2582383550.0,1518363250.0,38867.0,658041.0,5.91,A035250
2395,2021-09-24,28500,28550,28100,28150,489016,13811210600,-0.88,246978050.0,-22692500.0,147375900.0,-371661450.0,35010.0,489016.0,7.16,A035250
2396,2021-09-27,27900,28300,27700,28000,570668,15978566300,-0.53,51422050.0,13177700.0,-2525049900.0,2460450150.0,12952.0,570668.0,2.27,A035250
2397,2021-09-28,28050,28400,27800,28400,794044,22385434500,1.43,-249449950.0,61858100.0,-4989961500.0,5177553350.0,17168.0,794044.0,2.16,A035250
2398,2021-09-29,28150,28850,28050,28750,1441654,41021523700,1.23,3980167500.0,-318094150.0,-2050866450.0,-1611206900.0,52878.0,1441654.0,3.67,A035250
2399,2021-09-30,28700,28950,28450,28650,994151,28546163350,-0.35,-1402030900.0,-51363400.0,19479050.0,1433915250.0,31355.0,994151.0,3.15,A035250
2400,2021-10-01,28600,28850,28300,28400,607302,17286087400,-0.87,-280959050.0,181662250.0,-450529250.0,549826050.0,19890.0,607302.0,3.28,A035250
2401,2021-10-05,28450,29650,28450,29400,2577889,75328973650,3.52,12298006000.0,-390864000.0,-21612810600.0,9705668600.0,28511.0,2577889.0,1.11,A035250
2402,2021-10-06,29550,29550,28000,28050,1823949,52222690100,-4.59,-5157509550.0,-731012350.0,9883958000.0,-3995436100.0,39084.0,1823949.0,2.14,A035250
2403,2021-10-07,28350,28450,27800,28350,960145,27105754900,1.07,4670378700.0,-166751400.0,376728850.0,-4880356150.0,23248.0,960145.0,2.42,A035250
2404,2021-10-08,28500,28600,28200,28300,729403,20692657200,-0.18,714001700.0,-128954800.0,281328850.0,-866375750.0,4197.0,729403.0,0.58,A035250
2405,2021-10-12,28350,28550,28100,28400,771882,21888777450,0.35,1577762700.0,-106113850.0,3129992100.0,-4601640950.0,5482.0,771882.0,0.71,A035250
2406,2021-10-13,28750,29150,28550,28650,888796,25636991600,0.88,2455570000.0,367591100.0,769048150.0,-3592209250.0,6425.0,888796.0,0.72,A035250
2407,2021-10-14,28600,28950,28500,28750,960952,27568031300,0.35,-188116850.0,-110926200.0,-2644307700.0,2943350750.0,3966.0,960952.0,0.41,A035250
2408,2021-10-15,29150,29400,28800,29350,1000350,29183914900,2.09,694868850.0,62606050.0,-11052426800.0,10294951900.0,4869.0,1000350.0,0.49,A035250
2409,2021-10-18,29350,29500,28950,29150,828829,24230828500,-0.68,-906428050.0,201135600.0,2264757500.0,-1559465050.0,1939.0,828829.0,0.23,A035250
2410,2021-10-19,29300,29600,28900,29050,806935,23522211550,-0.34,-933376600.0,182562000.0,2930937300.0,-2180122700.0,2294.0,806935.0,0.28,A035250
2411,2021-10-20,29050,29150,28600,28900,745932,21518879850,-0.52,-283487300.0,-80780250.0,-3678935250.0,4043202800.0,366.0,745932.0,0.05,A035250
2412,2021-10-21,29000,29300,28750,28950,694871,20184009300,0.17,1351561050.0,79244450.0,-5404008500.0,3973203000.0,4397.0,694871.0,0.63,A035250
2413,2021-10-22,28650,29000,28600,28700,467804,13449147250,-0.86,410739000.0,-171218100.0,2080902350.0,-2320423250.0,5070.0,467804.0,1.08,A035250
2414,2021-10-25,28700,29050,28400,28900,696021,20083608000,0.7,961126650.0,-34488450.0,2498070550.0,-3424708750.0,19344.0,696021.0,2.78,A035250
2415,2021-10-26,29150,29150,28600,28900,626192,18058426800,0.0,-748601600.0,-515639950.0,4403309650.0,-3139068100.0,25704.0,626192.0,4.1,A035250
2416,2021-10-27,28800,28800,28150,28450,931645,26496652200,-1.56,-27537750.0,62544050.0,2830499700.0,-2865506000.0,45012.0,931645.0,4.83,A035250
2417,2021-10-28,28450,28450,27850,27850,770279,21607527350,-2.11,-1377743600.0,-41404350.0,4021698650.0,-2602550700.0,337.0,770279.0,0.04,A035250
2418,2021-10-29,27850,28000,27400,27800,904772,25038066950,-0.18,-402782750.0,-43429500.0,2652192650.0,-2205980400.0,23496.0,904772.0,2.6,A035250
2419,2021-11-01,27850,28050,27700,27900,558330,15583487300,0.36,2221927400.0,-50925350.0,-1391447800.0,-779554250.0,10438.0,558330.0,1.87,A035250
2420,2021-11-02,28050,28100,27550,27650,720250,20034290050,-0.9,1011577200.0,100959850.0,3282276100.0,-4394813150.0,3246.0,720250.0,0.45,A035250
2421,2021-11-03,27650,27700,26750,26850,1163221,31396267200,-2.89,-6560810850.0,-233798950.0,7355142000.0,-560532200.0,15096.0,1163221.0,1.3,A035250
2422,2021-11-04,27100,27200,26500,26800,829219,22166951650,-0.19,-2716270050.0,-210551750.0,2354248100.0,572573700.0,17247.0,829219.0,2.08,A035250
2423,2021-11-05,26900,26950,26300,26650,640722,16980749350,-0.56,-1820580400.0,2725300.0,1216646300.0,601208800.0,19497.0,640722.0,3.04,A035250
2424,2021-11-08,27200,27450,26700,27100,1030282,27920779000,1.69,4740206450.0,-246262900.0,4570719650.0,-9064663200.0,27985.0,1030282.0,2.72,A035250
2425,2021-11-09,27000,27200,26800,26950,528608,14229933200,-0.55,94655200.0,-27225900.0,2266501750.0,-2333931050.0,25129.0,528608.0,4.75,A035250
2426,2021-11-10,27150,27200,26700,26700,759931,20445961400,-0.93,-1608250150.0,17163000.0,2892335450.0,-1301248300.0,27589.0,759931.0,3.63,A035250
2427,2021-11-11,26500,26800,26200,26250,815731,21514159850,-1.69,-3318982850.0,-15654000.0,4996457700.0,-1661820850.0,14103.0,815731.0,1.73,A035250
2428,2021-11-12,26100,26650,26050,26600,614500,16238230050,1.33,728340550.0,82112500.0,-1035123950.0,224670900.0,27090.0,614500.0,4.41,A035250
2429,2021-11-15,26500,26550,26150,26350,608905,16012659750,-0.94,-3074499200.0,122070300.0,3486260000.0,-533831100.0,16658.0,608905.0,2.74,A035250
2430,2021-11-16,26200,26350,26000,26150,561109,14673222200,-0.76,-3839855100.0,-7927900.0,3766092200.0,81690800.0,19610.0,561109.0,3.49,A035250
2431,2021-11-17,26000,26150,25500,25600,1015859,26093050800,-2.1,-7631474700.0,-565081150.0,7475492400.0,721063450.0,11711.0,1015859.0,1.15,A035250
2432,2021-11-18,25450,25500,25100,25100,872283,22035845525,-1.95,-56175150.0,-8196250.0,5627824600.0,-5563453200.0,68086.0,872283.0,7.81,A035250
2433,2021-11-19,25050,25450,25000,25200,642542,16158971900,0.4,-2937861800.0,5778200.0,3924946750.0,-992863150.0,4295.0,642542.0,0.67,A035250
2434,2021-11-22,25000,25200,24850,25000,629781,15732693150,-0.79,463975000.0,-310504000.0,1679833200.0,-1833304200.0,8570.0,629781.0,1.36,A035250
2435,2021-11-23,24800,25450,24800,24900,588019,14705393500,-0.4,-2358594450.0,-147918400.0,5745740650.0,-3239227800.0,28513.0,588019.0,4.85,A035250
2436,2021-11-24,24850,25050,24400,24700,827359,20453227300,-0.8,-4519091450.0,31200500.0,3668480250.0,819410700.0,51657.0,827359.0,6.24,A035250
2437,2021-11-25,24600,24700,24150,24250,849239,20667644150,-1.82,-6290773150.0,17566050.0,5282796600.0,990410500.0,79690.0,849239.0,9.38,A035250
2438,2021-11-26,24050,24200,23500,23550,1144463,27132360950,-2.89,-6731165250.0,397177000.0,6383938350.0,-49950100.0,28675.0,1144463.0,2.51,A035250
2439,2021-11-29,22850,23300,22700,22900,1447384,33227674100,-2.76,-4796101800.0,73745300.0,1632272450.0,3090084050.0,25858.0,1447384.0,1.79,A035250
2440,2021-11-30,23100,23400,22000,22000,1458816,32705402400,-3.93,-2053943350.0,-76956300.0,7199656050.0,-5068756400.0,38088.0,1458816.0,2.61,A035250
2441,2021-12-01,21650,22900,21650,22650,1399982,31291054550,2.95,4404014900.0,81283550.0,1273505450.0,-5758803900.0,36367.0,1399982.0,2.6,A035250
2442,2021-12-02,22100,23350,22100,23000,1014429,23284429650,1.55,2531216400.0,15239350.0,1794359400.0,-4340815150.0,52072.0,1014429.0,5.13,A035250
2443,2021-12-03,23750,24100,23350,24050,1197631,28434318950,4.57,767734500.0,429267600.0,-1986254950.0,789252850.0,71957.0,1197631.0,6.01,A035250
2444,2021-12-06,23700,24300,23550,24100,636955,15309935400,0.21,400081750.0,45324250.0,427813900.0,-873219900.0,30415.0,636955.0,4.78,A035250
2445,2021-12-07,24500,24550,24150,24250,917208,22279052950,0.62,-475915700.0,-37349500.0,2210621950.0,-1697356750.0,92033.0,917208.0,10.03,A035250
2446,2021-12-08,24300,24550,24200,24250,680849,16576799800,0.0,546499700.0,-51568800.0,-2215895200.0,1720964300.0,13518.0,680849.0,1.99,A035250
2447,2021-12-09,24250,25100,24250,24750,885752,21897272400,2.06,1361249350.0,-48833600.0,-3031459350.0,1719043600.0,49365.0,885752.0,5.57,A035250
2448,2021-12-10,24550,24750,24200,24250,498524,12136250800,-2.02,-2090433450.0,-80101950.0,102962250.0,2067573150.0,20630.0,498524.0,4.14,A035250
2449,2021-12-13,24350,24500,24050,24150,1030325,24927768050,-0.41,-1358774500.0,36145500.0,419052050.0,903576950.0,41741.0,1030325.0,4.05,A035250
2450,2021-12-14,23950,24450,23900,24100,572605,13812007600,-0.21,-2543516350.0,-478953850.0,-554230350.0,3576700550.0,35225.0,572605.0,6.15,A035250
2451,2021-12-15,24200,24250,23800,24100,630936,15171318850,0.0,-4479392050.0,-2050750.0,-900238350.0,5381681150.0,44303.0,630936.0,7.02,A035250
2452,2021-12-16,24000,24300,23800,23950,539752,12906260050,-0.62,-4057955150.0,-99139650.0,1890268350.0,2266826450.0,43337.0,539752.0,8.03,A035250
2453,2021-12-17,23750,24150,23700,24150,437820,10496773950,0.84,199235600.0,-39719500.0,-1397351450.0,1237835350.0,65464.0,437820.0,14.95,A035250
2454,2021-12-20,23900,23950,23400,23500,441954,10434203700,-2.69,-1241015350.0,76893450.0,2347298600.0,-1183176700.0,15192.0,441954.0,3.44,A035250
2455,2021-12-21,23600,23850,23450,23500,326362,7704464000,0.0,498098600.0,-66843100.0,-490857200.0,59601700.0,20539.0,326362.0,6.29,A035250
2456,2021-12-22,23850,24100,23700,24100,410799,9827543650,2.55,-261056900.0,-39499950.0,-1494980400.0,1795537250.0,38007.0,410799.0,9.25,A035250
2457,2021-12-23,24250,24350,23950,24100,356615,8607779750,0.0,676387050.0,5111250.0,1653290750.0,-2334789050.0,44190.0,356615.0,12.39,A035250
2458,2021-12-24,24250,24300,24000,24100,440442,10640022600,0.0,588543850.0,1360650.0,-953665600.0,363761100.0,6620.0,440442.0,1.5,A035250
2459,2021-12-27,24100,24150,23850,24000,336894,8090663750,-0.41,-794644600.0,47493050.0,145710750.0,601440800.0,63.0,336894.0,0.02,A035250
2460,2021-12-28,24000,24150,23850,24150,597779,14325050700,0.63,-290482500.0,-111639750.0,-213845150.0,615967400.0,9285.0,597779.0,1.55,A035250
2461,2021-12-29,24100,24750,24000,24350,596170,14581989050,0.83,-966668850.0,116393350.0,624104600.0,226170900.0,39234.0,596170.0,6.58,A035250
2462,2021-12-30,24350,24350,24000,24050,408401,9839561600,-1.23,-2693612300.0,101823000.0,4877359550.0,-2285570250.0,20898.0,408401.0,5.12,A035250
2463,2022-01-03,24050,24400,24000,24200,269498,6508584550,0.62,-1311271100.0,-50949600.0,1554584550.0,-192363850.0,11832.0,269498.0,4.39,A035250
2464,2022-01-04,24250,24250,23900,23950,426745,10251521550,-1.03,-2808226100.0,-232095300.0,5633593750.0,-2593272350.0,38408.0,426745.0,9.0,A035250
2465,2022-01-05,23850,24150,23800,24000,577002,13837349350,0.21,-708536300.0,-5975000.0,1089779450.0,-375268150.0,45482.0,577002.0,7.88,A035250
2466,2022-01-06,23800,24300,23800,24100,534377,12864925750,0.42,-590525600.0,17239300.0,-2280792750.0,2854079050.0,16520.0,534377.0,3.09,A035250
2467,2022-01-07,24100,24800,24050,24550,569163,13894514850,1.87,2336657150.0,-49420400.0,-2090202800.0,-197033950.0,46647.0,569163.0,8.2,A035250
2468,2022-01-10,24550,24600,24250,24450,361190,8823685400,-0.41,94348950.0,-71626150.0,-814160650.0,791437850.0,32129.0,361190.0,8.9,A035250
2469,2022-01-11,24200,24650,24200,24600,465643,11386569600,0.61,1270741250.0,71278700.0,87243800.0,-1429263750.0,64856.0,465643.0,13.93,A035250
2470,2022-01-12,24600,24750,24550,24650,423367,10428078650,0.2,522525550.0,-29844500.0,-126307650.0,-366373400.0,25253.0,423367.0,5.96,A035250
2471,2022-01-13,24650,25550,24550,25450,1099528,27877086000,3.25,4451453250.0,-82892050.0,-9774432150.0,5405870950.0,115865.0,1099528.0,10.54,A035250
2472,2022-01-14,25350,25500,25150,25400,604044,15310490250,-0.2,431959000.0,-60174800.0,-1935744950.0,1563960750.0,52325.0,604044.0,8.66,A035250
2473,2022-01-17,25450,25800,25300,25650,857570,21932431100,0.98,3416590300.0,-48954700.0,-7840005950.0,4472370350.0,111964.0,857570.0,13.06,A035250
2474,2022-01-18,25850,25900,25100,25250,726174,18502497100,-1.56,619000900.0,17753350.0,-4351286350.0,3714532100.0,122416.0,726174.0,16.86,A035250
2475,2022-01-19,25000,25600,25000,25350,650341,16518133200,0.4,1482122150.0,-48997350.0,-3543261800.0,2110137000.0,130359.0,650341.0,20.04,A035250
2476,2022-01-20,25600,25850,25250,25350,656739,16756513550,0.0,1059164850.0,-636250.0,-1404645050.0,346116450.0,113336.0,656739.0,17.26,A035250
2477,2022-01-21,25150,25500,24950,25450,526702,13307406150,0.39,1574428300.0,-65814000.0,-3944128150.0,2435513850.0,70212.0,526702.0,13.33,A035250
2478,2022-01-24,25450,25650,24700,24850,562063,14039989150,-2.36,3184374200.0,69751950.0,-223894700.0,-3030231450.0,39157.0,562063.0,6.97,A035250
2479,2022-01-25,24950,24950,24000,24250,742264,18074467700,-2.41,1434489900.0,-45327100.0,-805973150.0,-583189650.0,89870.0,742264.0,12.11,A035250
2480,2022-01-26,24050,24700,24000,24550,857923,20966480025,1.24,1257088750.0,13504000.0,-2646960650.0,1376367900.0,56595.0,857923.0,6.6,A035250
2481,2022-01-27,24550,24650,23850,23900,790335,19034847100,-2.65,-1639049600.0,-22039950.0,122441350.0,1538648200.0,61605.0,790335.0,7.79,A035250
2482,2022-01-28,24250,24800,23950,24800,824052,20142282800,3.77,1113940450.0,533250.0,-1804359950.0,689886250.0,74056.0,824052.0,8.99,A035250
2483,2022-02-03,25100,25400,24950,25050,745852,18781922550,1.01,1236799700.0,-53284050.0,-1689542150.0,506026500.0,71180.0,745852.0,9.54,A035250
2484,2022-02-04,25000,26500,24800,26200,1763835,45281225050,4.59,7290561700.0,-10593650.0,-5789299600.0,-1490668450.0,42966.0,1763835.0,2.44,A035250
2485,2022-02-07,26000,26550,25950,26350,1616445,42478937550,0.57,2820567850.0,-157372750.0,615871800.0,-3279066900.0,93240.0,1616445.0,5.77,A035250
2486,2022-02-08,26500,26550,25550,25800,1157203,30151240400,-2.09,1272693150.0,44867750.0,3514296600.0,-4831857500.0,69876.0,1157203.0,6.04,A035250
2487,2022-02-09,26050,26200,25550,26150,875837,22701708100,1.36,1910960050.0,-21714300.0,252643800.0,-2141889550.0,50048.0,875837.0,5.71,A035250
2488,2022-02-10,26150,26150,25600,25900,890959,23102995900,-0.96,-1625674700.0,212850000.0,3141656200.0,-1728831500.0,67734.0,890959.0,7.6,A035250
2489,2022-02-11,25650,27200,25600,26700,2654514,71023250350,3.09,5387463550.0,-461126550.0,-20328305850.0,15401968850.0,111335.0,2654514.0,4.19,A035250
2490,2022-02-14,26500,26650,25700,25750,1434765,37603633650,-3.56,3438111550.0,159418350.0,13712872100.0,-17310402000.0,112860.0,1434765.0,7.87,A035250
2491,2022-02-15,25900,26050,25250,25700,920431,23677643450,-0.19,2447686550.0,18057250.0,1167256600.0,-3633000400.0,32414.0,920431.0,3.52,A035250
2492,2022-02-16,26300,26700,25950,26450,1257498,33127122050,2.92,3726076300.0,199575900.0,-768999700.0,-3156652500.0,80541.0,1257498.0,6.4,A035250
2493,2022-02-17,26450,27050,25900,26600,2038069,54187604000,0.57,8010590150.0,145879450.0,-3234657150.0,-4921812450.0,76940.0,2038069.0,3.78,A035250
2494,2022-02-18,26150,26800,26150,26350,887758,23500502150,-0.94,2680884000.0,-27096450.0,3895723750.0,-6549511300.0,27963.0,887758.0,3.15,A035250
2495,2022-02-21,26050,27100,26000,26850,1738302,46629719300,1.9,5978797100.0,-161653600.0,-1887691850.0,-3929451650.0,47947.0,1738302.0,2.76,A035250
2496,2022-02-22,26350,26600,26000,26200,1402129,36864658100,-2.42,1215095700.0,520869850.0,10734406900.0,-12470372450.0,43198.0,1402129.0,3.08,A035250
2497,2022-02-23,26500,26500,25700,26050,1113651,28945952500,-0.57,-40860150.0,130797800.0,10380295650.0,-10470233300.0,22082.0,1113651.0,1.98,A035250
2498,2022-02-24,25750,25800,25100,25550,1227025,31252216400,-1.92,1108900.0,292280050.0,3263191250.0,-3556580200.0,33354.0,1227025.0,2.72,A035250
2499,2022-02-25,25900,26250,25700,26150,1120746,29163098500,2.35,3739990000.0,10039150.0,-3435404800.0,-314624350.0,44050.0,1120746.0,3.93,A035250
2500,2022-02-28,26050,26750,25850,26500,1330687,35304019000,1.34,2328420250.0,-1712400.0,-2917904650.0,591196800.0,79976.0,1330687.0,6.01,A035250
2501,2022-03-02,26450,27000,26350,26900,929289,24873555700,1.51,-626773300.0,344729500.0,-3340877550.0,3622921350.0,135644.0,929289.0,14.6,A035250
2502,2022-03-03,27100,27200,26550,26750,896797,23969196800,-0.56,-5849446450.0,111018050.0,9134188400.0,-3395760000.0,57317.0,896797.0,6.39,A035250
2503,2022-03-04,26700,26950,26400,26850,700548,18687135400,0.37,1403708200.0,-258288000.0,-4374312950.0,3228892750.0,31984.0,700548.0,4.57,A035250
2504,2022-03-07,26550,26600,25800,25950,1091854,28476750550,-3.35,-1493157550.0,230244000.0,8398065600.0,-7135152050.0,57661.0,1091854.0,5.28,A035250
2505,2022-03-08,25400,25850,25250,25400,1082862,27595675350,-2.12,967250650.0,378122400.0,6409838950.0,-7755212000.0,52843.0,1082862.0,4.88,A035250
2506,2022-03-10,25950,26750,25900,26750,1442213,38133598550,5.31,4029300200.0,34622250.0,-7942136050.0,3878213600.0,134328.0,1442213.0,9.31,A035250
2507,2022-03-11,26650,27800,26500,27700,2302760,63345575200,3.55,10454535900.0,-1202062300.0,-29935850900.0,20683377300.0,94758.0,2302760.0,4.11,A035250
2508,2022-03-14,27600,27850,27150,27550,1086111,29827865100,-0.54,3162726400.0,-180661000.0,-2188774800.0,-793290600.0,120640.0,1086111.0,11.11,A035250
2509,2022-03-15,27350,27650,27050,27100,829137,22634936400,-1.63,1068773050.0,38576450.0,425967600.0,-1533317100.0,108635.0,829137.0,13.1,A035250
2510,2022-03-16,27700,28100,27400,28100,1489146,41444026000,3.69,12617522850.0,-243131400.0,-17034283900.0,4659892450.0,199545.0,1489146.0,13.4,A035250
2511,2022-03-17,28350,28400,27550,27750,1304421,36327158750,-1.25,-4149396000.0,17026000.0,73014050.0,4059355950.0,84065.0,1304421.0,6.44,A035250
2512,2022-03-18,27800,27800,27250,27350,903582,24792262500,-1.44,-3090866200.0,143674350.0,2464804650.0,482387200.0,38853.0,903582.0,4.3,A035250
2513,2022-03-21,27550,27900,27250,27400,599661,16477591100,0.18,-5677350.0,81060900.0,2752964250.0,-2828347800.0,20780.0,599661.0,3.47,A035250
2514,2022-03-22,27400,27600,27200,27300,502311,13776677250,-0.36,1406556600.0,-34216700.0,-2322697650.0,950357750.0,19363.0,502311.0,3.85,A035250
2515,2022-03-23,27400,27600,27200,27450,483150,13238481400,0.55,202271150.0,55166150.0,-1261810100.0,1004372800.0,60517.0,483150.0,12.53,A035250
2516,2022-03-24,27300,27350,26900,27150,592054,16054418750,-1.09,-2494133200.0,-219093450.0,2055175900.0,658050750.0,22552.0,592054.0,3.81,A035250
2517,2022-03-25,27100,27450,27000,27350,531816,14488657950,0.74,997287650.0,-28694900.0,-2677055100.0,1708462350.0,26440.0,531816.0,4.97,A035250
2518,2022-03-28,27400,27650,27200,27500,443636,12205335350,0.55,1864234000.0,5709900.0,-1825384450.0,-44559450.0,19455.0,443636.0,4.39,A035250
2519,2022-03-29,27650,27700,27250,27450,449954,12350207350,-0.18,-689811450.0,-11384600.0,1644661400.0,-943465350.0,20902.0,449954.0,4.65,A035250
2520,2022-03-30,27650,27950,27450,27900,736182,20461394400,1.64,1037973500.0,-149253800.0,-10105447450.0,9216727750.0,28319.0,736182.0,3.85,A035250
2521,2022-03-31,27850,27950,27650,27850,434481,12081009350,-0.18,2156207400.0,-3106750.0,-187047700.0,-1966052950.0,21392.0,434481.0,4.92,A035250
2522,2022-04-01,27800,28100,27650,28000,749110,20917600550,0.54,-2749624700.0,-22333450.0,-2401907300.0,5173865450.0,14447.0,749110.0,1.93,A035250
2523,2022-04-04,28050,28050,27750,28000,373786,10445627250,0.0,1035288050.0,36660050.0,-1429801600.0,357853500.0,9805.0,373786.0,2.62,A035250
2524,2022-04-05,28050,28200,27650,28100,739371,20661253800,0.36,612560450.0,21548350.0,-3730900900.0,3096792100.0,5432.0,739371.0,0.73,A035250
2525,2022-04-06,27900,28250,27750,27900,625380,17479439400,-0.71,-1634856300.0,58841800.0,-3466342750.0,5042357250.0,3360.0,625380.0,0.54,A035250
2526,2022-04-07,27700,27750,27000,27200,844011,23005531350,-2.51,-3251217250.0,441566500.0,3815369850.0,-1005719100.0,16655.0,844011.0,1.97,A035250
2527,2022-04-08,27450,27600,27150,27450,668228,18308248350,0.92,-1095665700.0,6902050.0,-2792263300.0,3881026950.0,16980.0,668228.0,2.54,A035250
2528,2022-04-11,27500,27950,27350,27550,532116,14707809900,0.36,1728691700.0,-40911650.0,-1811160100.0,123380050.0,27764.0,532116.0,5.22,A035250
2529,2022-04-12,27400,27600,27150,27500,417868,11458008900,-0.18,861815750.0,46291100.0,-1132816800.0,224709950.0,19884.0,417868.0,4.76,A035250
2530,2022-04-13,27650,27700,27300,27650,327344,9005981500,0.55,1321441150.0,5520000.0,-1886171050.0,559209900.0,8051.0,327344.0,2.46,A035250
2531,2022-04-14,27750,27950,27500,27700,517598,14357288700,0.18,269812150.0,10050200.0,-1489527850.0,1209665500.0,13069.0,517598.0,2.52,A035250
2532,2022-04-15,27850,28100,27550,27650,773651,21491169900,-0.18,-660457100.0,-56162950.0,846380900.0,-129760850.0,40430.0,773651.0,5.23,A035250
2533,2022-04-18,27650,27850,27150,27250,607850,16702074550,-1.45,-2852635050.0,109047700.0,2107478550.0,636108800.0,28769.0,607850.0,4.73,A035250
2534,2022-04-19,27400,27400,27150,27200,494340,13477573850,-0.18,552740400.0,-44960300.0,-45867400.0,-461912700.0,11885.0,494340.0,2.4,A035250
2535,2022-04-20,27200,27300,26800,26900,586132,15822403950,-1.1,-285332150.0,113469900.0,2462205700.0,-2290343450.0,36260.0,586132.0,6.19,A035250
2536,2022-04-21,27100,27450,27000,27200,445080,12116580600,1.12,1569146950.0,-19953000.0,-3009248550.0,1460054600.0,7777.0,445080.0,1.75,A035250
2537,2022-04-22,26950,27100,26750,26800,481316,12923604800,-1.47,-1265594300.0,-81948400.0,3929720500.0,-2582177800.0,20415.0,481316.0,4.24,A035250
2538,2022-04-25,26400,26650,26250,26400,483532,12788585200,-1.49,2568090300.0,262042600.0,-717997600.0,-2112135300.0,18882.0,483532.0,3.91,A035250
2539,2022-04-26,26500,26800,26400,26400,563498,14955716800,0.0,1957943150.0,-16579700.0,-511379600.0,-1429983850.0,11073.0,563498.0,1.97,A035250
2540,2022-04-27,26000,26650,25800,26500,526211,13812676650,0.38,2587143550.0,25088250.0,-115753050.0,-2496478750.0,20479.0,526211.0,3.89,A035250
2541,2022-04-28,26500,26800,26400,26600,419724,11143208000,0.38,257133200.0,-24076950.0,662821000.0,-895877250.0,42134.0,419724.0,10.04,A035250
2542,2022-04-29,26700,26850,26450,26800,351234,9382083000,0.75,1024085050.0,13491900.0,-732351650.0,-305225300.0,12324.0,351234.0,3.51,A035250
2543,2022-05-02,26750,26800,26500,26700,210883,5621912900,-0.37,-208570650.0,15512750.0,132098450.0,60959450.0,3882.0,210883.0,1.84,A035250
2544,2022-05-03,26650,26900,26450,26450,286060,7615158350,-0.94,-905331000.0,1492600.0,704341400.0,199497000.0,728.0,286060.0,0.25,A035250
2545,2022-05-04,26500,26550,26050,26300,448338,11746648100,-0.57,-1003619350.0,29051700.0,8077300.0,966490350.0,1992.0,448338.0,0.44,A035250
2546,2022-05-06,26000,26400,25900,26300,414454,10842008350,0.0,588543150.0,302364250.0,-720895600.0,-170011800.0,15626.0,414454.0,3.77,A035250
2547,2022-05-09,26100,26300,25550,25750,430402,11102472150,-2.09,-1194842850.0,373340800.0,1781968700.0,-960466650.0,28135.0,430402.0,6.54,A035250
2548,2022-05-10,25400,25750,24750,25600,702684,17790031500,-0.58,-465581000.0,138049400.0,-2475523900.0,2803055500.0,17341.0,702684.0,2.47,A035250
2549,2022-05-11,25500,26100,25350,25750,375831,9717369650,0.59,-457296800.0,6509200.0,-48180350.0,498967950.0,36877.0,375831.0,9.81,A035250
2550,2022-05-12,25650,26650,25500,26350,1245462,32793662100,2.33,-2195100200.0,-117918000.0,-10276523950.0,12589542150.0,68649.0,1245462.0,5.51,A035250
2551,2022-05-13,26700,27950,26400,27900,2347383,64683677300,5.88,3969132900.0,-1124814650.0,-34392139650.0,31547821400.0,100150.0,2347383.0,4.27,A035250
2552,2022-05-16,28000,28350,27500,27550,997089,27760843900,-1.25,-3543335000.0,-200114900.0,-4776582400.0,8520032300.0,102658.0,997089.0,10.3,A035250
2553,2022-05-17,27500,27750,27000,27100,532380,14516311150,-1.63,-1042203900.0,88920850.0,-87745450.0,1041028500.0,68034.0,532380.0,12.78,A035250
2554,2022-05-18,27200,27400,26800,27200,508078,13731194650,0.37,-1514049000.0,33581000.0,-1159276000.0,2639744000.0,57253.0,508078.0,11.27,A035250
2555,2022-05-19,26700,26950,26600,26650,602458,16097119450,-2.02,-852813350.0,100298700.0,2176602350.0,-1424087700.0,70734.0,602458.0,11.74,A035250
2556,2022-05-20,27000,27250,26800,26850,497897,13416762400,0.75,1374900450.0,-18146650.0,-1884448800.0,527695000.0,30504.0,497897.0,6.13,A035250
2557,2022-05-23,27000,27050,26650,26800,360380,9645489500,-0.19,-946372250.0,-138650.0,1290893850.0,-344382950.0,24840.0,360380.0,6.89,A035250
2558,2022-05-24,26700,27000,26650,26700,318977,8561744700,-0.37,-323144750.0,-141178250.0,-996278450.0,1460601450.0,11222.0,318977.0,3.52,A035250
2559,2022-05-25,27000,27200,26800,27050,449072,12131960950,1.31,-148558600.0,143302600.0,-2637801800.0,2643057800.0,45801.0,449072.0,10.2,A035250
2560,2022-05-26,27000,27300,26800,26950,441420,11908501300,-0.37,-3657372400.0,-3104500.0,1624424250.0,2036052650.0,26614.0,441420.0,6.03,A035250
2561,2022-05-27,27200,27950,27150,27550,1120402,30851100400,2.23,-1073210500.0,-165536250.0,-8975430700.0,10214177450.0,71970.0,1120402.0,6.42,A035250
2562,2022-05-30,27800,27900,27650,27800,705518,19620662250,0.91,-1305511050.0,-364556700.0,-7785165350.0,9455233100.0,46972.0,705518.0,6.66,A035250
2563,2022-05-31,27900,28150,27700,28100,1195047,33488308300,1.08,-5082737550.0,-119426350.0,-11471724950.0,16673888850.0,64859.0,1195047.0,5.43,A035250
2564,2022-06-02,28050,28400,27850,28050,625090,17533804200,-0.18,-4531665900.0,-6899400.0,-3647093000.0,8185658300.0,40886.0,625090.0,6.54,A035250
2565,2022-06-03,28250,28350,28000,28250,737508,20796346750,0.71,-198692950.0,-296695000.0,-5976972700.0,6472360650.0,73769.0,737508.0,10.0,A035250
2566,2022-06-07,28150,28150,27900,28100,482162,13519125050,-0.53,-5102085600.0,-56015850.0,-1292963350.0,6451064800.0,28151.0,482162.0,5.84,A035250
2567,2022-06-08,28100,28150,27850,27950,497193,13913220800,-0.53,-3402724450.0,5627350.0,-1243906000.0,4641003100.0,69613.0,497193.0,14.0,A035250
2568,2022-06-09,28000,28300,27800,28300,684667,19262537100,1.25,769133200.0,-423250.0,-3253294850.0,2484584900.0,33523.0,684667.0,4.9,A035250
2569,2022-06-10,28000,28650,28000,28350,664588,18883142050,0.18,-3364509850.0,-8525550.0,-5347374850.0,8720410250.0,42097.0,664588.0,6.33,A035250
2570,2022-06-13,27950,28100,27500,27600,759873,21161307350,-2.65,-791300000.0,-229413550.0,-5245123550.0,6265837100.0,67189.0,759873.0,8.84,A035250
2571,2022-06-14,27050,27900,27050,27800,751173,20585506650,0.72,-1377714750.0,-2138600.0,-3309331200.0,4689184550.0,110420.0,751173.0,14.7,A035250
2572,2022-06-15,27800,27950,27200,27400,608332,16683664450,-1.44,-1057747200.0,27953550.0,-2013415600.0,3043209250.0,145534.0,608332.0,23.92,A035250
2573,2022-06-16,27700,27850,26900,26950,518457,14173077700,-1.64,-2843246550.0,43090750.0,1094588950.0,1705566850.0,36174.0,518457.0,6.98,A035250
2574,2022-06-17,26550,27300,26300,27150,1003519,27060814700,0.74,2592111750.0,125902100.0,-4552079450.0,1834065600.0,135961.0,1003519.0,13.55,A035250
2575,2022-06-20,27250,27400,26700,27000,545234,14691720700,-0.55,849797750.0,6332750.0,-1810919850.0,954789350.0,50239.0,545234.0,9.21,A035250
2576,2022-06-21,27350,27350,26800,27100,507181,13703915700,0.37,1255628650.0,-284271000.0,-3476025250.0,2504667600.0,27070.0,507181.0,5.34,A035250
2577,2022-06-22,27000,27050,26200,26400,685108,18164436150,-2.58,-1954987350.0,-133896550.0,-22127150.0,2111011050.0,54605.0,685108.0,7.97,A035250
2578,2022-06-23,26550,26850,25150,25400,1148281,29378540900,-3.79,2673466200.0,-95876750.0,-2215538800.0,-362050650.0,56958.0,1148281.0,4.96,A035250
2579,2022-06-24,25550,25850,25350,25650,608155,15593338650,0.98,915799600.0,81119150.0,-279995150.0,-716923600.0,39378.0,608155.0,6.47,A035250
2580,2022-06-27,25900,26400,25500,26250,470202,12291878100,2.34,634885350.0,48693900.0,-1042472100.0,358892850.0,30171.0,470202.0,6.42,A035250
2581,2022-06-28,26200,26300,25700,26300,681997,17738290950,0.19,-2316882150.0,13351500.0,1179013600.0,1124517050.0,13734.0,681997.0,2.01,A035250
2582,2022-06-29,26000,26250,25650,25700,626827,16220388000,-2.28,-2077577850.0,132618950.0,3361910950.0,-1416952050.0,10914.0,626827.0,1.74,A035250
2583,2022-06-30,25850,25850,25200,25400,672569,17152602975,-1.17,-688358100.0,759750.0,482550350.0,205048000.0,6661.0,672569.0,0.99,A035250
2584,2022-07-01,25750,26250,25450,25600,855256,22065973650,0.79,5418384750.0,2095600.0,-496987850.0,-4923492500.0,53788.0,855256.0,6.29,A035250
2585,2022-07-04,25700,27000,25650,26650,1133293,30050727100,4.1,4474379400.0,-137177850.0,-5474042950.0,1136841400.0,83486.0,1133293.0,7.37,A035250
2586,2022-07-05,26650,26700,26100,26300,951454,24973880050,-1.31,876169350.0,-27509450.0,2135243600.0,-2983903500.0,20949.0,951454.0,2.2,A035250
2587,2022-07-06,26350,26700,25750,25800,602595,15723898550,-1.9,-2730154700.0,-77912900.0,184409250.0,2623658350.0,37421.0,602595.0,6.21,A035250
2588,2022-07-07,26100,26200,25550,25700,360603,9299296050,-0.39,-1036249450.0,203212250.0,3114183600.0,-2281146400.0,8945.0,360603.0,2.48,A035250
2589,2022-07-08,25700,25800,25350,25450,466676,11915457200,-0.97,-2778049550.0,125400850.0,2408671100.0,243977600.0,20778.0,466676.0,4.45,A035250
2590,2022-07-11,25500,25500,24100,24550,1063711,26116339050,-3.54,-2855442450.0,220961250.0,5708241150.0,-3073759950.0,41591.0,1063711.0,3.91,A035250
2591,2022-07-12,24250,24500,23400,23750,886999,21079795500,-3.26,-4736308850.0,-863137500.0,3232093800.0,2367352550.0,55095.0,886999.0,6.21,A035250
2592,2022-07-13,23750,24350,23700,24200,525846,12685524800,1.89,2041981700.0,49624350.0,-1945408750.0,-146197300.0,51392.0,525846.0,9.77,A035250
2593,2022-07-14,23750,24300,23700,24050,668449,16095361000,-0.62,-3458992450.0,24200.0,1288384100.0,2170584150.0,30852.0,668449.0,4.62,A035250
2594,2022-07-15,24200,24750,23600,24600,606176,14742860950,2.29,1651925750.0,-3490550.0,-1654126400.0,5691200.0,45912.0,606176.0,7.57,A035250
2595,2022-07-18,24600,24700,24300,24500,374077,9178791850,-0.41,-179667900.0,2226500.0,610094200.0,-432652800.0,24519.0,374077.0,6.55,A035250
2596,2022-07-19,24400,24400,23650,24100,747100,17923853600,-1.63,-4486194700.0,8621900.0,4600818400.0,-123245600.0,39148.0,747100.0,5.24,A035250
2597,2022-07-20,24350,24900,24250,24850,680026,16822459450,3.11,-1456501050.0,-17302250.0,-4571313300.0,6045116600.0,50598.0,680026.0,7.44,A035250
2598,2022-07-21,24900,25050,24700,24850,339456,8443736400,0.0,-286145450.0,39370050.0,-159243000.0,406018400.0,34961.0,339456.0,10.3,A035250
2599,2022-07-22,24850,25400,24700,24800,314066,7825843650,-0.2,-1560149100.0,-16772250.0,890346200.0,686575150.0,21220.0,314066.0,6.76,A035250
2600,2022-07-25,24800,25350,24550,25350,390402,9787516800,2.22,-351905700.0,30321200.0,-3214728800.0,3536313300.0,24731.0,390402.0,6.33,A035250
2601,2022-07-26,25250,25650,25100,25350,303736,7729753700,0.0,-1290115350.0,-54051600.0,-1209186450.0,2553353400.0,19062.0,303736.0,6.28,A035250
2602,2022-07-27,25650,25650,25300,25400,193731,4924898750,0.2,301929700.0,20370000.0,-1216935750.0,894636050.0,12700.0,193731.0,6.56,A035250
2603,2022-07-28,25500,25800,25400,25500,283234,7256996550,0.39,-921664700.0,-71542950.0,-1314264050.0,2307471700.0,31298.0,283234.0,11.05,A035250
2604,2022-07-29,25800,25950,25650,25900,266737,6886148600,1.57,1387695600.0,23337200.0,-1681360750.0,270327950.0,31038.0,266737.0,11.64,A035250
2605,2022-08-01,25950,26000,25650,25700,259955,6698071100,-0.77,-1599875500.0,125000.0,313363900.0,1286386600.0,13455.0,259955.0,5.18,A035250
2606,2022-08-02,25500,25750,25300,25600,276645,7056239300,-0.39,-1834622150.0,-127500.0,619833050.0,1214916600.0,24115.0,276645.0,8.72,A035250
2607,2022-08-03,25650,25950,25500,25700,275847,7085680550,0.39,-1485062550.0,14364550.0,-690475600.0,2161173600.0,19077.0,275847.0,6.92,A035250
2608,2022-08-04,26000,26100,25600,25750,231728,5970347350,0.19,-1068096550.0,9998850.0,796700750.0,261396950.0,5699.0,231728.0,2.46,A035250
2609,2022-08-05,25750,25750,24900,25250,1081995,27201137000,-1.94,-3940688700.0,328258500.0,8308026950.0,-4695596750.0,60144.0,1081995.0,5.56,A035250
2610,2022-08-08,25250,25650,25150,25650,322434,8199168700,1.58,-531000100.0,-23085550.0,-3320590200.0,3874675850.0,3088.0,322434.0,0.96,A035250
2611,2022-08-09,25550,25750,25350,25550,239089,6104167700,-0.39,1015626000.0,-257265700.0,-1419530150.0,661169850.0,15166.0,239089.0,6.34,A035250
2612,2022-08-10,25550,25600,25350,25500,171488,4368657000,-0.2,-790273550.0,5115000.0,-138513550.0,923672100.0,7479.0,171488.0,4.36,A035250
2613,2022-08-11,25700,26050,25600,25900,483430,12466138950,1.57,377302750.0,-81874550.0,-986951600.0,691523400.0,44423.0,483430.0,9.19,A035250
2614,2022-08-12,25900,26200,25650,25900,460970,11953128250,0.0,-645752300.0,-46908950.0,-97379050.0,790040300.0,14891.0,460970.0,3.23,A035250
2615,2022-08-16,26100,26400,25850,25900,471488,12291048500,0.0,-319767200.0,-4860150.0,-1230140350.0,1554767700.0,9419.0,471488.0,2.0,A035250
2616,2022-08-17,26050,26100,25550,25900,452665,11677815050,0.0,-253107850.0,27050650.0,-1245671300.0,1471728500.0,38145.0,452665.0,8.43,A035250
2617,2022-08-18,25850,26550,25800,26400,625752,16447974200,1.93,823259550.0,-293377700.0,-7844229800.0,7314347950.0,38738.0,625752.0,6.19,A035250
2618,2022-08-19,26400,26850,26350,26550,410916,10942324650,0.57,1112254150.0,-110342950.0,-3406960500.0,2405049300.0,63594.0,410916.0,15.48,A035250
2619,2022-08-22,26550,26900,26200,26600,435843,11602142100,0.19,1284074950.0,70650.0,-2953862950.0,1669717350.0,34231.0,435843.0,7.85,A035250
2620,2022-08-23,26600,26800,26200,26200,334697,8864018250,-1.5,355902650.0,704900.0,-47307950.0,-309299600.0,20046.0,334697.0,5.99,A035250
2621,2022-08-24,26400,26700,26050,26450,381523,10061129150,0.95,216282250.0,138563050.0,-1657560700.0,1302715400.0,15803.0,381523.0,4.14,A035250
2622,2022-08-25,26500,26900,26350,26500,360759,9603068200,0.19,-623737300.0,-99358750.0,111073650.0,612022400.0,24829.0,360759.0,6.88,A035250
2623,2022-08-26,26500,26600,26200,26500,271764,7174653600,0.0,-374465050.0,1849400.0,-768020050.0,1140635700.0,23982.0,271764.0,8.82,A035250
2624,2022-08-29,25900,26550,25750,26300,343033,8975688050,-0.75,1051712550.0,-55865350.0,-2685863000.0,1690015800.0,10610.0,343033.0,3.09,A035250
2625,2022-08-30,26550,26800,26200,26700,362763,9641911400,1.52,-196834250.0,-170776300.0,-2068987150.0,2436597700.0,11548.0,362763.0,3.18,A035250
2626,2022-08-31,26450,26750,26400,26550,411348,10936721500,-0.56,-211983800.0,-22446500.0,951836950.0,-717406650.0,13153.0,411348.0,3.2,A035250
2627,2022-09-01,26450,26700,26200,26350,376648,9973129800,-0.75,-607918400.0,53983000.0,-1028622300.0,1582557700.0,35948.0,376648.0,9.54,A035250
2628,2022-09-02,26400,26550,25900,26050,319507,8340609550,-1.14,-1896034100.0,65990450.0,1603946700.0,226096950.0,40096.0,319507.0,12.55,A035250
2629,2022-09-05,26200,26300,25900,26150,220662,5771517850,0.38,311972500.0,0.0,-2034010350.0,1722037850.0,11676.0,220662.0,5.29,A035250
2630,2022-09-06,26250,26250,25850,26050,192636,5006441650,-0.38,-1221607250.0,10440000.0,495218350.0,715948900.0,8484.0,192636.0,4.4,A035250
2631,2022-09-07,25850,26000,25600,25750,251869,6482839850,-1.15,-1084651550.0,-36459550.0,583377950.0,537733150.0,29337.0,251869.0,11.65,A035250
2632,2022-09-08,25900,26000,25400,25550,410967,10518743850,-0.78,-1213528400.0,5522850.0,630077500.0,577928050.0,20098.0,410967.0,4.89,A035250
2633,2022-09-13,25850,26200,25750,26000,294025,7624402000,1.76,-361799950.0,-675450.0,-1262720250.0,1625195650.0,3541.0,294025.0,1.2,A035250
2634,2022-09-14,25450,25800,25400,25400,356029,9097085200,-2.31,-1790810500.0,6397150.0,2958129650.0,-1173716300.0,18715.0,356029.0,5.26,A035250
2635,2022-09-15,25500,25650,25350,25400,231118,5884956600,0.0,-1656150200.0,2814500.0,269160650.0,1384175050.0,18263.0,231118.0,7.9,A035250
2636,2022-09-16,25400,25550,25300,25350,327571,8315260400,-0.2,-1727096100.0,0.0,-200544600.0,1927640700.0,24360.0,327571.0,7.44,A035250
2637,2022-09-19,25450,25550,25100,25250,178700,4516817800,-0.39,-214624650.0,6690500.0,-505917650.0,713851800.0,4811.0,178700.0,2.69,A035250
2638,2022-09-20,25500,26000,25400,25950,401906,10376025150,2.77,439962850.0,-1034250.0,-4617052800.0,4178124200.0,27555.0,401906.0,6.86,A035250
2639,2022-09-21,25750,26150,25750,25750,231117,6002665400,-0.77,1000999800.0,-1994450.0,-1541608050.0,542602700.0,23871.0,231117.0,10.33,A035250
2640,2022-09-22,25600,26400,25500,26350,489848,12752861950,2.33,830548500.0,-88350250.0,-3726832650.0,2984634400.0,45090.0,489848.0,9.2,A035250
2641,2022-09-23,26350,26450,25700,25700,307134,7951722100,-2.47,-895949300.0,97333850.0,1070884850.0,-272269400.0,35745.0,307134.0,11.64,A035250
2642,2022-09-26,25400,25600,24650,24650,569876,14235021000,-4.09,2268011750.0,140065100.0,1578363400.0,-3986440250.0,74971.0,569876.0,13.16,A035250
2643,2022-09-27,24650,25350,24600,25300,544588,13632497250,2.64,3049736400.0,8398900.0,-4895825500.0,1837690200.0,55120.0,544588.0,10.12,A035250
2644,2022-09-28,25000,25550,24550,24900,405912,10109597200,-1.58,-1424928600.0,26917000.0,477172500.0,920839100.0,22860.0,405912.0,5.63,A035250
2645,2022-09-29,25100,25150,23750,23900,859414,20880172200,-4.02,-7134895450.0,12532900.0,8655638650.0,-1533276100.0,57829.0,859414.0,6.73,A035250
2646,2022-09-30,23950,24100,23200,23550,618247,14558116900,-1.46,-2488014600.0,8919750.0,916827700.0,1562267150.0,106263.0,618247.0,17.19,A035250
2647,2022-10-04,23650,24150,23550,24050,380848,9080065400,2.12,-980374350.0,-5638750.0,-269132750.0,1255145850.0,34079.0,380848.0,8.95,A035250
2648,2022-10-05,24350,24400,23550,23700,459034,10940273950,-1.46,-1067241950.0,-13693450.0,2756503850.0,-1675568450.0,33219.0,459034.0,7.24,A035250
2649,2022-10-06,23950,24350,23800,24100,224909,5426663700,1.69,195063550.0,83557850.0,-496666550.0,218045150.0,19834.0,224909.0,8.82,A035250
2650,2022-10-07,23800,24450,23750,24200,446360,10740286250,0.41,417504450.0,7275000.0,-926875650.0,502096200.0,31951.0,446360.0,7.16,A035250
2651,2022-10-11,23800,24050,23400,23650,395637,9350834050,-2.27,-810638450.0,14905750.0,2145311250.0,-1349578550.0,31747.0,395637.0,8.02,A035250
2652,2022-10-12,23650,23900,23350,23850,252717,5985821000,0.85,-496729000.0,-56212900.0,-765339900.0,1318281800.0,29347.0,252717.0,11.61,A035250
2653,2022-10-13,23650,23700,23150,23150,327640,7655926200,-2.94,-418602400.0,5381800.0,454293200.0,-41072600.0,30189.0,327640.0,9.21,A035250
2654,2022-10-14,23400,23750,23300,23700,337649,7958604200,2.38,-942326150.0,33202750.0,-2001446700.0,2910570100.0,27595.0,337649.0,8.17,A035250
2655,2022-10-17,23500,23700,23150,23400,348121,8144195900,-1.27,-1940270550.0,15799750.0,-1064775450.0,2989246250.0,20682.0,348121.0,5.94,A035250
2656,2022-10-18,23650,23950,23600,23850,267260,6363714050,1.92,-310393950.0,3322000.0,-1009312950.0,1316384900.0,9071.0,267260.0,3.39,A035250
2657,2022-10-19,23900,24050,23250,23300,371332,8754171500,-2.31,-4369553450.0,1099850.0,4109292700.0,259160900.0,11748.0,371332.0,3.16,A035250
2658,2022-10-20,23300,23400,22900,23050,497250,11484414800,-1.07,-3562926200.0,93432750.0,1650099700.0,1819393750.0,36463.0,497250.0,7.33,A035250
2659,2022-10-21,22950,23200,22900,23100,334714,7711800200,0.22,-666897750.0,28352000.0,167211400.0,471334350.0,25928.0,334714.0,7.75,A035250
2660,2022-10-24,23350,23500,22950,23100,324173,7507853750,0.0,-1519625900.0,44232500.0,853710100.0,621683300.0,10599.0,324173.0,3.27,A035250
2661,2022-10-25,23200,23200,22900,23000,310541,7152220050,-0.43,22364400.0,276000.0,267416300.0,-290056700.0,6093.0,310541.0,1.96,A035250
2662,2022-10-26,23000,23100,22600,22800,400339,9136070200,-0.87,-1384817650.0,-8528750.0,1547984150.0,-154637750.0,18049.0,400339.0,4.51,A035250
2663,2022-10-27,23000,23450,22650,22750,607882,13933455900,-0.22,-1208093400.0,-2400600.0,2849688250.0,-1639194250.0,1367.0,607882.0,0.22,A035250
2664,2022-10-28,22800,23500,22700,23400,637112,14808623700,2.86,2178287500.0,9055500.0,-4189331500.0,2001988500.0,16159.0,637112.0,2.54,A035250
2665,2022-10-31,23700,23700,22900,23000,378547,8729306750,-1.71,-1123405750.0,55460350.0,5207920450.0,-4139975050.0,2783.0,378547.0,0.74,A035250
2666,2022-11-01,23000,23350,22900,23150,407304,9443519900,0.65,684022250.0,-2646800.0,471989550.0,-1153365000.0,3958.0,407304.0,0.97,A035250
2667,2022-11-02,23050,23100,22750,22950,600379,13734337475,-0.86,-2423001450.0,7305900.0,5446265000.0,-3030569450.0,6876.0,600379.0,1.15,A035250
2668,2022-11-03,22650,23200,22650,23000,410393,9427426700,0.22,-2191990950.0,22725000.0,-1621611750.0,3790877700.0,6020.0,410393.0,1.47,A035250
2669,2022-11-04,23000,23350,22850,23350,439191,10148629350,1.52,-369163250.0,15185700.0,-574997450.0,928975000.0,11020.0,439191.0,2.51,A035250
2670,2022-11-07,23350,23500,23150,23400,464015,10812581950,0.21,-2686224500.0,-89270400.0,1424690800.0,1350804100.0,4960.0,464015.0,1.07,A035250
2671,2022-11-08,23450,23800,23350,23700,364692,8609831150,1.28,1143297300.0,-37466600.0,-2505153600.0,1399322900.0,7770.0,364692.0,2.13,A035250
2672,2022-11-09,23800,23850,23400,23550,556415,13128049000,-0.63,-4550100650.0,418663300.0,3215234200.0,916203150.0,5397.0,556415.0,0.97,A035250
2673,2022-11-10,23550,23900,23400,23700,533050,12645784950,0.64,26103600.0,-76807650.0,-1299842550.0,1350546600.0,16891.0,533050.0,3.17,A035250
2674,2022-11-11,24100,24300,23650,24150,1164133,27852587450,1.9,-1734755700.0,-145047100.0,-624401900.0,2504204700.0,28419.0,1164133.0,2.44,A035250
2675,2022-11-14,24150,24350,23850,24250,598780,14494013150,0.41,-673606950.0,10001900.0,-3222233650.0,3885838700.0,13414.0,598780.0,2.24,A035250
2676,2022-11-15,24350,24450,24100,24150,569515,13830312550,-0.41,-534178300.0,120640250.0,-1133870250.0,1547408300.0,23685.0,569515.0,4.16,A035250
2677,2022-11-16,24250,24250,23850,24150,394678,9493657300,0.0,190734500.0,26028000.0,-185600650.0,-31161850.0,9826.0,394678.0,2.49,A035250
2678,2022-11-17,24150,24300,24050,24050,360731,8714349150,-0.41,-227488700.0,-99580850.0,-1789361950.0,2116431500.0,11114.0,360731.0,3.08,A035250
2679,2022-11-18,24050,24250,24000,24050,363213,8755587050,0.0,-651752650.0,0.0,-717291350.0,1369044000.0,25163.0,363213.0,6.93,A035250
2680,2022-11-21,24150,24350,24000,24250,360606,8728900500,0.83,1120175900.0,7398700.0,-2976451100.0,1848876500.0,14860.0,360606.0,4.12,A035250
2681,2022-11-22,24200,24300,23900,23950,362548,8699390300,-1.24,-1818637400.0,2395000.0,1120989000.0,695253400.0,19230.0,362548.0,5.3,A035250
2682,2022-11-23,23950,24350,23850,24200,294619,7112169450,1.04,-639833500.0,49005000.0,-2096367750.0,2687196250.0,10034.0,294619.0,3.41,A035250
2683,2022-11-24,24300,24400,24200,24300,222712,5416043400,0.41,-245757500.0,24300000.0,-976800550.0,1198258050.0,13564.0,222712.0,6.09,A035250
2684,2022-11-25,24400,24400,24000,24100,320360,7732444150,-0.82,-1727311750.0,36245500.0,692640600.0,998425650.0,20043.0,320360.0,6.26,A035250
2685,2022-11-28,24100,24250,23800,24000,422843,10162591250,-0.41,488182700.0,43015000.0,-196715300.0,-334482400.0,44275.0,422843.0,10.47,A035250
2686,2022-11-29,24100,24700,24000,24600,509059,12479077150,2.5,766941000.0,-45495000.0,-3050727950.0,2329281950.0,54426.0,509059.0,10.69,A035250
2687,2022-11-30,24500,25250,24450,25050,2350242,58781166200,1.83,-2260454100.0,-83551050.0,-5067811000.0,7411816150.0,41862.0,2350242.0,1.78,A035250
2688,2022-12-01,25250,25300,24600,24650,406560,10088676450,-1.6,-95621300.0,181376900.0,3641807550.0,-3727563150.0,59550.0,406560.0,14.65,A035250
2689,2022-12-02,24600,24850,24550,24600,191899,4733415800,-0.2,-826899050.0,53151350.0,551455700.0,222292000.0,6694.0,191899.0,3.49,A035250
2690,2022-12-05,24750,25100,24600,24650,392020,9744378950,0.2,1380080000.0,29097750.0,-393525850.0,-1015651900.0,53393.0,392020.0,13.62,A035250
2691,2022-12-06,24550,24850,24500,24650,298697,7369302850,0.0,-529166100.0,49400000.0,-962173900.0,1441940000.0,51795.0,298697.0,17.34,A035250
2692,2022-12-07,24700,25100,24600,24900,441370,11003046750,1.01,2777663700.0,4284700.0,-3556032900.0,774084500.0,27994.0,441370.0,6.34,A035250
2693,2022-12-08,24950,25000,24400,24650,443908,10925256300,-1.0,-816652850.0,-121898600.0,2121130200.0,-1182578750.0,14618.0,443908.0,3.29,A035250
2694,2022-12-09,24750,24800,24500,24650,235355,5799250550,0.0,1042123200.0,-74475000.0,236467750.0,-1204115950.0,14528.0,235355.0,6.17,A035250
2695,2022-12-12,24700,24700,24250,24350,179192,4374824900,-1.22,-469410650.0,13273750.0,762670900.0,-306534000.0,3904.0,179192.0,2.18,A035250
2696,2022-12-13,24600,24650,24300,24450,354373,8668592850,0.41,-107251550.0,24422000.0,-430206800.0,513036350.0,31295.0,354373.0,8.83,A035250
2697,2022-12-14,24600,24700,24350,24400,328191,8036358100,-0.2,-52671250.0,48950000.0,476917950.0,-473196700.0,2877.0,328191.0,0.88,A035250
2698,2022-12-15,24400,24550,24000,24000,291035,7038888900,-1.64,-2024563550.0,94433500.0,1756820600.0,173309450.0,17470.0,291035.0,6.0,A035250
2699,2022-12-16,23600,24200,23600,23950,287212,6884540100,-0.21,-894677700.0,-8753250.0,-160114450.0,1063545400.0,1966.0,287212.0,0.68,A035250
2700,2022-12-19,23900,24300,23850,24100,194538,4680766400,0.63,-320002650.0,14811100.0,-137151800.0,442343350.0,8430.0,194538.0,4.33,A035250
2701,2022-12-20,24000,24100,23700,23750,219147,5227424150,-1.45,-63922200.0,-24624900.0,678846600.0,-590299500.0,12898.0,219147.0,5.89,A035250
2702,2022-12-21,24000,24000,23550,23800,215505,5117916600,0.21,-554492900.0,-42134600.0,823198800.0,-226571300.0,2262.0,215505.0,1.05,A035250
2703,2022-12-22,23800,24200,23800,24100,412447,9924524150,1.26,2180075600.0,-338850.0,-885978450.0,-1293758300.0,16994.0,412447.0,4.12,A035250
2704,2022-12-23,23950,24100,23850,23950,320015,7661032100,-0.62,374390050.0,-690900.0,-2108927800.0,1735228650.0,19871.0,320015.0,6.21,A035250
